-- Part 1: I made the tables for all csv files manually, loaded the date, and then exported my schema via data export option into a dump

CREATE DATABASE  IF NOT EXISTS `spy_project` /*!40100 DEFAULT CHARACTER SET utf8mb4 COLLATE utf8mb4_0900_ai_ci */ /*!80016 DEFAULT ENCRYPTION='N' */;
USE `spy_project`;
-- MySQL dump 10.13  Distrib 8.0.38, for macos14 (x86_64)
--
-- Host: 127.0.0.1    Database: spy_project
-- ------------------------------------------------------
-- Server version	8.0.39

/*!40101 SET @OLD_CHARACTER_SET_CLIENT=@@CHARACTER_SET_CLIENT */;
/*!40101 SET @OLD_CHARACTER_SET_RESULTS=@@CHARACTER_SET_RESULTS */;
/*!40101 SET @OLD_COLLATION_CONNECTION=@@COLLATION_CONNECTION */;
/*!50503 SET NAMES utf8 */;
/*!40103 SET @OLD_TIME_ZONE=@@TIME_ZONE */;
/*!40103 SET TIME_ZONE='+00:00' */;
/*!40014 SET @OLD_UNIQUE_CHECKS=@@UNIQUE_CHECKS, UNIQUE_CHECKS=0 */;
/*!40014 SET @OLD_FOREIGN_KEY_CHECKS=@@FOREIGN_KEY_CHECKS, FOREIGN_KEY_CHECKS=0 */;
/*!40101 SET @OLD_SQL_MODE=@@SQL_MODE, SQL_MODE='NO_AUTO_VALUE_ON_ZERO' */;
/*!40111 SET @OLD_SQL_NOTES=@@SQL_NOTES, SQL_NOTES=0 */;

--
-- Table structure for table `affiliation`
--

DROP TABLE IF EXISTS `affiliation`;
/*!40101 SET @saved_cs_client     = @@character_set_client */;
/*!50503 SET character_set_client = utf8mb4 */;
CREATE TABLE `affiliation` (
  `affiliation_id` int NOT NULL,
  `affiliation_name` varchar(255) DEFAULT NULL,
  `description` text,
  PRIMARY KEY (`affiliation_id`)
) ENGINE=InnoDB DEFAULT CHARSET=utf8mb4 COLLATE=utf8mb4_0900_ai_ci;
/*!40101 SET character_set_client = @saved_cs_client */;

--
-- Dumping data for table `affiliation`
--

LOCK TABLES `affiliation` WRITE;
/*!40000 ALTER TABLE `affiliation` DISABLE KEYS */;
INSERT INTO `affiliation` VALUES (1,'Argus Global Security','Global private security and defense contractor specializing in high-risk operations'),(2,'Horizon Covert Affairs','Covert intelligence and secret operations for global stability'),(3,'Phoenix Foundation','Non-governmental organization providing covert operations to protect at-risk civilians'),(4,'Interpol','International criminal police organization'),(5,'GRU','Main foreign military intelligence agency of the Russian Federation'),(6,'Mossad','National intelligence agency of Israel, known for special operations'),(7,'Eclipse Tactical Operations','Tactical operations unit specializing in counter-terrorism'),(8,'Aegis Counterintelligence Unit','Counterintelligence unit focused on high-value security threats'),(9,'Quantum Intelligence Initiative','Elite intelligence initiative focusing on quantum-level data analysis'),(10,'Vector Strategic Intelligence','Strategic intelligence and risk assessment agency'),(11,'Omega Protocol','Elite protocol for covert and strategic military operations'),(12,'FBI','Federal Bureau of Investigation, specializing in domestic intelligence and law enforcement'),(13,'DGSE','Directorate-General for External Security, France'),(14,'Spectre Analytics','Analytics team specializing in threat detection and risk management'),(15,'Obelisk Data Acquisition Network','Network for clandestine data acquisition and analysis'),(16,'MI6','British foreign intelligence service'),(17,'Enigma Covert Solutions','Solutions provider for covert intelligence and espionage operations'),(18,'Cipher Security Solutions','Security firm specializing in encryption and data protection'),(19,'CNI','Centro Nacional de Inteligencia, Spain'),(20,'Axiom Confidential Operations','Confidential operations organization specializing in high-level secrecy'),(21,'Obsidian Order','Intelligence faction known for shadow operations'),(22,'RAW','Research and Analysis Wing, India'),(23,'Shadow Directive','Directive for covert and shadow intelligence activities'),(24,'CIA','Central Intelligence Agency, USA'),(25,'Nebula Tactical Division','Tactical division for clandestine operations'),(26,'ASIS','Australian Secret Intelligence Service'),(27,'Zenith Intelligence Consortium','Consortium of intelligence operatives focused on peak intelligence gathering'),(28,'Nexus Information Network','Information network for global intelligence exchange'),(29,'CSIS','Canadian Security Intelligence Service'),(30,'BND','Federal Intelligence Service, Germany'),(31,'KGB','Former main security agency for the Soviet Union'),(32,'Helios Reconnaissance Agency','Reconnaissance agency for high-level intelligence gathering'),(33,'DGFI','Directorate General of Forces Intelligence, Bangladesh'),(34,'NSA','National Security Agency, USA'),(35,'Pantheon Clandestine Services','Clandestine services specializing in highly classified missions'),(36,'Prism Intelligence Apparatus','Intelligence apparatus for advanced data processing and analysis'),(37,'Vortex Intelligence Collective','Collective focused on vortex intelligence gathering and analysis'),(38,'Sentinel Surveillance Systems','Surveillance systems providing monitoring services for intelligence'),(39,'GCHQ','Government Communications Headquarters, UK'),(40,'ISI','Inter-Services Intelligence, Pakistan'),(41,'Titan Information Logistics','Information logistics and secure data transfer operations'),(42,'Labyrinth Espionage Division','Division specializing in labyrinthine espionage strategies'),(43,'Hydra Counterespionage Group','Counterespionage group focused on internal security threats'),(44,'Secret Service','United States Secret Service'),(45,'Mirage Covert Technologies','Covert technologies firm specializing in stealth solutions'),(46,'SIS','Secret Intelligence Service, UK'),(47,'Chimera Intelligence Bureau','Bureau focused on chimera intelligence and deceptive operations'),(48,'SSB','Special Security Bureau, India'),(49,'Avalon Strategic Services','Strategic services provider specializing in operations on Avalon'),(50,'Polaris Clandestine Operations','Clandestine operations focusing on polar regions');
/*!40000 ALTER TABLE `affiliation` ENABLE KEYS */;
UNLOCK TABLES;

--
-- Table structure for table `affiliation_relationship`
--

DROP TABLE IF EXISTS `affiliation_relationship`;
/*!40101 SET @saved_cs_client     = @@character_set_client */;
/*!50503 SET character_set_client = utf8mb4 */;
CREATE TABLE `affiliation_relationship` (
  `agent_id` int NOT NULL,
  `affiliation_id` int NOT NULL,
  `affiliation_strength` varchar(50) DEFAULT NULL,
  PRIMARY KEY (`agent_id`,`affiliation_id`),
  KEY `fk_affiliation` (`affiliation_id`),
  CONSTRAINT `fk_affiliation` FOREIGN KEY (`affiliation_id`) REFERENCES `affiliation` (`affiliation_id`),
  CONSTRAINT `fk_affiliation_agent` FOREIGN KEY (`agent_id`) REFERENCES `agent` (`agent_id`)
) ENGINE=InnoDB DEFAULT CHARSET=utf8mb4 COLLATE=utf8mb4_0900_ai_ci;
/*!40101 SET character_set_client = @saved_cs_client */;

--
-- Dumping data for table `affiliation_relationship`
--

LOCK TABLES `affiliation_relationship` WRITE;
/*!40000 ALTER TABLE `affiliation_relationship` DISABLE KEYS */;
INSERT INTO `affiliation_relationship` VALUES (1,4,'Unknown'),(1,7,'Medium'),(1,16,'Unknown'),(1,18,'Low'),(1,19,'Medium'),(1,22,'High'),(1,26,'Unknown'),(1,27,'Unknown'),(1,36,'Unknown'),(1,44,'Low'),(1,46,'Low'),(1,47,'Medium'),(1,49,'Unknown'),(2,4,'Medium'),(2,5,'Medium'),(2,8,'Medium'),(2,10,'High'),(2,15,'Medium'),(2,17,'High'),(2,25,'Medium'),(2,26,'Unknown'),(2,30,'Low'),(2,31,'Unknown'),(2,33,'Low'),(2,34,'Medium'),(2,35,'High'),(2,44,'Medium'),(2,47,'Low'),(2,49,'Unknown'),(2,50,'Unknown'),(3,11,'Medium'),(3,17,'High'),(3,24,'Medium'),(3,25,'High'),(3,26,'Low'),(3,32,'Medium'),(3,33,'High'),(3,34,'Medium'),(3,35,'High'),(3,37,'Low'),(3,40,'Low'),(3,41,'Unknown'),(3,42,'Unknown'),(3,43,'Unknown'),(3,47,'Low'),(3,48,'Low'),(3,49,'High'),(3,50,'Low'),(4,4,'Low'),(4,7,'Low'),(4,9,'Unknown'),(4,12,'Medium'),(4,19,'Low'),(4,22,'Unknown'),(4,23,'Low'),(4,24,'Medium'),(4,26,'Low'),(4,29,'Unknown'),(4,35,'Unknown'),(4,36,'Low'),(4,37,'Medium'),(4,39,'Medium'),(4,40,'Low'),(4,43,'Low'),(4,45,'Medium'),(4,46,'Medium'),(4,48,'Low'),(5,2,'Medium'),(5,4,'Unknown'),(5,12,'Medium'),(5,18,'Low'),(5,21,'Low'),(5,25,'High'),(5,26,'Low'),(5,27,'High'),(5,29,'Medium'),(5,30,'High'),(5,35,'Low'),(5,36,'Unknown'),(5,41,'Medium'),(6,3,'Medium'),(6,4,'Low'),(6,7,'Unknown'),(6,20,'Medium'),(6,21,'Medium'),(6,26,'High'),(6,28,'Low'),(6,30,'Unknown'),(6,31,'Medium'),(6,32,'Medium'),(6,36,'High'),(6,49,'Low'),(7,3,'Unknown'),(7,13,'High'),(7,14,'Medium'),(7,15,'Low'),(7,21,'Unknown'),(7,25,'Medium'),(7,29,'Medium'),(7,30,'Low'),(7,32,'Medium'),(7,39,'Low'),(7,41,'Low'),(7,47,'High'),(7,48,'Low'),(7,50,'Low'),(8,2,'Medium'),(8,3,'Medium'),(8,7,'Low'),(8,10,'Low'),(8,17,'Unknown'),(8,19,'High'),(8,20,'Low'),(8,21,'Medium'),(8,24,'Unknown'),(8,35,'Low'),(8,41,'Medium'),(8,44,'High'),(8,49,'High'),(9,3,'High'),(9,4,'Low'),(9,7,'Low'),(9,9,'Medium'),(9,10,'Low'),(9,18,'High'),(9,22,'Low'),(9,27,'Unknown'),(9,30,'Low'),(9,31,'Medium'),(9,32,'Low'),(9,33,'Medium'),(9,37,'High'),(9,38,'Medium'),(9,45,'High'),(9,50,'Unknown'),(10,3,'Low'),(10,6,'Medium'),(10,7,'Medium'),(10,9,'Unknown'),(10,10,'Unknown'),(10,12,'Low'),(10,14,'High'),(10,16,'Low'),(10,17,'Low'),(10,24,'High'),(10,25,'Medium'),(10,27,'Medium'),(10,28,'Unknown'),(10,29,'High'),(10,35,'High'),(10,37,'Low'),(10,38,'Medium'),(10,41,'Medium'),(10,42,'High'),(10,46,'Unknown'),(10,47,'Unknown'),(10,48,'Medium'),(11,4,'Unknown'),(11,8,'Medium'),(11,10,'Medium'),(11,12,'Medium'),(11,17,'Medium'),(11,19,'Medium'),(11,22,'Low'),(11,27,'High'),(11,29,'Low'),(11,30,'Medium'),(11,37,'Medium'),(11,46,'Low'),(11,48,'Medium'),(11,49,'High'),(12,1,'Medium'),(12,3,'Medium'),(12,14,'Unknown'),(12,15,'Low'),(12,17,'High'),(12,19,'Medium'),(12,22,'Low'),(12,25,'Medium'),(12,30,'Medium'),(12,34,'High'),(12,36,'Low'),(12,37,'Medium'),(12,40,'Unknown'),(12,42,'Low'),(12,44,'High'),(12,45,'Medium'),(12,46,'Medium'),(12,47,'Low'),(13,11,'High'),(13,12,'Unknown'),(13,13,'High'),(13,19,'Medium'),(13,20,'High'),(13,22,'Low'),(13,34,'Medium'),(13,37,'Low'),(13,38,'Low'),(13,39,'Low'),(13,46,'Low'),(14,6,'Unknown'),(14,13,'Unknown'),(14,18,'Medium'),(14,19,'Unknown'),(14,20,'Low'),(14,23,'Low'),(14,25,'Unknown'),(14,28,'Medium'),(14,30,'Low'),(14,31,'Low'),(14,34,'Low'),(14,36,'High'),(14,42,'Low'),(14,43,'Medium'),(14,46,'Unknown'),(14,49,'Low'),(15,19,'Medium'),(15,21,'Medium'),(15,36,'Unknown'),(15,42,'High'),(15,43,'Low'),(15,45,'Low'),(15,47,'Unknown'),(16,2,'Low'),(16,3,'Low'),(16,5,'Low'),(16,13,'Low'),(16,16,'Low'),(16,19,'Low'),(16,32,'Medium'),(16,34,'Low'),(16,38,'High'),(16,40,'High'),(16,41,'Unknown'),(16,43,'Low'),(16,48,'Medium'),(17,3,'Low'),(17,8,'Unknown'),(17,17,'Low'),(17,20,'Unknown'),(17,23,'Medium'),(17,27,'Medium'),(17,29,'Unknown'),(17,30,'Medium'),(17,35,'Low'),(17,36,'Unknown'),(17,39,'High'),(17,42,'Low'),(17,43,'Medium'),(17,47,'High'),(18,4,'Medium'),(18,6,'Low'),(18,8,'Medium'),(18,11,'Unknown'),(18,12,'Low'),(18,16,'Low'),(18,18,'Unknown'),(18,21,'Medium'),(18,23,'Unknown'),(18,24,'Medium'),(18,26,'Low'),(18,29,'Unknown'),(18,31,'Medium'),(18,32,'Unknown'),(18,33,'Medium'),(18,34,'Medium'),(18,36,'Medium'),(18,38,'Medium'),(18,39,'Low'),(18,40,'Unknown'),(18,47,'Medium'),(18,49,'Low'),(19,4,'Low'),(19,8,'High'),(19,14,'Medium'),(19,24,'Low'),(19,26,'Medium'),(19,27,'Low'),(19,38,'High'),(19,42,'High'),(19,43,'Medium'),(19,44,'Medium'),(19,49,'Unknown'),(20,5,'Medium'),(20,8,'Unknown'),(20,10,'Medium'),(20,11,'Medium'),(20,16,'High'),(20,23,'Low'),(20,25,'High'),(20,26,'High'),(20,28,'Low'),(20,37,'Low'),(20,42,'Low'),(20,49,'Unknown'),(20,50,'Unknown'),(21,2,'Low'),(21,3,'Unknown'),(21,5,'Low'),(21,6,'Low'),(21,11,'High'),(21,12,'Unknown'),(21,13,'Low'),(21,22,'High'),(21,26,'Low'),(21,33,'High'),(21,34,'Medium'),(21,38,'Low'),(21,46,'Medium'),(21,48,'Medium'),(22,3,'High'),(22,5,'Low'),(22,6,'Medium'),(22,9,'Unknown'),(22,11,'Unknown'),(22,13,'High'),(22,14,'High'),(22,15,'Unknown'),(22,20,'Unknown'),(22,24,'Low'),(22,25,'Low'),(22,27,'Medium'),(22,30,'Unknown'),(22,34,'Medium'),(22,36,'Low'),(22,37,'High'),(22,38,'Unknown'),(22,40,'Medium'),(22,42,'High'),(22,47,'Low'),(23,1,'Medium'),(23,11,'Low'),(23,13,'Unknown'),(23,14,'Medium'),(23,16,'High'),(23,19,'Unknown'),(23,22,'Low'),(23,30,'Low'),(23,34,'Low'),(23,37,'Unknown'),(23,40,'High'),(23,46,'Low'),(23,49,'Unknown'),(23,50,'Medium'),(24,6,'Low'),(24,12,'Low'),(24,17,'Medium'),(24,21,'Medium'),(24,24,'High'),(24,26,'Low'),(24,34,'Medium'),(24,37,'Unknown'),(24,47,'Medium'),(24,49,'Unknown'),(25,4,'Medium'),(25,7,'Medium'),(25,13,'Low'),(25,18,'High'),(25,19,'Medium'),(25,23,'Low'),(25,24,'Low'),(25,38,'Low'),(25,41,'Low'),(25,46,'Unknown'),(25,47,'Low'),(25,49,'High'),(25,50,'Low'),(26,6,'Low'),(26,10,'Unknown'),(26,12,'Medium'),(26,16,'Low'),(26,17,'Unknown'),(26,18,'Unknown'),(26,21,'Low'),(26,22,'High'),(26,23,'Low'),(26,25,'Medium'),(26,37,'High'),(26,44,'Medium'),(26,46,'Medium'),(26,50,'High'),(27,1,'Low'),(27,3,'Low'),(27,5,'Unknown'),(27,7,'Unknown'),(27,13,'Low'),(27,15,'Medium'),(27,17,'Unknown'),(27,19,'Medium'),(27,20,'Low'),(27,23,'Low'),(27,24,'Low'),(27,29,'Low'),(27,32,'Low'),(27,37,'Low'),(27,38,'High'),(27,43,'Low'),(27,48,'Unknown'),(28,4,'Medium'),(28,8,'Low'),(28,9,'Medium'),(28,12,'Medium'),(28,13,'High'),(28,23,'High'),(28,29,'Low'),(28,31,'Medium'),(28,34,'High'),(28,35,'High'),(28,42,'Low'),(28,47,'Low'),(28,49,'Unknown'),(29,3,'Low'),(29,4,'Low'),(29,6,'Medium'),(29,8,'Medium'),(29,13,'Medium'),(29,15,'Low'),(29,16,'Low'),(29,17,'Medium'),(29,20,'High'),(29,21,'Medium'),(29,24,'Low'),(29,27,'Unknown'),(29,31,'Low'),(29,41,'Low'),(29,42,'High'),(30,1,'Low'),(30,2,'Low'),(30,5,'Low'),(30,6,'Medium'),(30,9,'Low'),(30,11,'Medium'),(30,12,'Unknown'),(30,16,'Medium'),(30,22,'Medium'),(30,32,'Low'),(30,37,'Medium'),(30,43,'Unknown'),(30,50,'Medium'),(31,1,'Unknown'),(31,2,'Unknown'),(31,4,'Low'),(31,5,'Unknown'),(31,11,'Medium'),(31,21,'High'),(31,25,'Medium'),(31,26,'High'),(31,29,'Medium'),(31,41,'Unknown'),(31,44,'Low'),(31,46,'Low'),(31,49,'Medium'),(32,2,'Unknown'),(32,3,'Low'),(32,5,'High'),(32,9,'Low'),(32,17,'Low'),(32,19,'Medium'),(32,23,'Medium'),(32,27,'Medium'),(32,28,'Unknown'),(32,29,'Medium'),(32,33,'Unknown'),(32,36,'Unknown'),(32,39,'Unknown'),(32,41,'Medium'),(32,42,'High'),(32,47,'Medium'),(32,48,'Low'),(33,2,'Low'),(33,3,'Unknown'),(33,7,'Low'),(33,15,'Medium'),(33,16,'Low'),(33,21,'Low'),(33,22,'Low'),(33,23,'Low'),(33,24,'Low'),(33,28,'Unknown'),(33,35,'Unknown'),(33,36,'Medium'),(33,38,'Medium'),(33,39,'Low'),(33,41,'Low'),(33,42,'Medium'),(33,43,'Low'),(33,45,'Low'),(34,6,'High'),(34,7,'Medium'),(34,8,'Medium'),(34,10,'Medium'),(34,16,'Unknown'),(34,27,'Medium'),(34,29,'Medium'),(34,35,'Low'),(34,36,'Unknown'),(34,37,'Low'),(34,39,'Medium'),(34,41,'Low'),(34,42,'High'),(34,47,'Low'),(35,2,'Medium'),(35,4,'Low'),(35,7,'Low'),(35,15,'Low'),(35,17,'Unknown'),(35,25,'Unknown'),(35,38,'High'),(35,40,'High'),(35,41,'Unknown'),(35,47,'High'),(36,1,'Medium'),(36,4,'Medium'),(36,9,'Low'),(36,14,'Low'),(36,15,'Medium'),(36,16,'High'),(36,25,'Medium'),(36,31,'Low'),(36,39,'Low'),(36,41,'Medium'),(36,47,'Medium'),(36,49,'Medium'),(37,2,'Low'),(37,30,'Low'),(37,33,'High'),(37,41,'Unknown'),(37,42,'Low'),(37,43,'Low'),(37,45,'Unknown'),(37,46,'Unknown'),(37,50,'Unknown'),(38,1,'Unknown'),(38,8,'Low'),(38,10,'Medium'),(38,12,'Low'),(38,14,'Medium'),(38,15,'High'),(38,22,'Medium'),(38,28,'Medium'),(38,29,'Unknown'),(38,32,'Medium'),(38,33,'Low'),(38,34,'Medium'),(38,39,'Low'),(38,45,'Unknown'),(39,4,'Unknown'),(39,7,'Medium'),(39,12,'Medium'),(39,13,'Low'),(39,20,'Medium'),(39,22,'Low'),(39,26,'High'),(39,28,'Low'),(39,29,'Unknown'),(39,34,'Low'),(39,37,'High'),(39,41,'Low'),(39,46,'Medium'),(39,49,'Low'),(40,10,'Low'),(40,12,'Low'),(40,14,'Medium'),(40,23,'Medium'),(40,28,'Unknown'),(40,30,'Medium'),(40,32,'High'),(40,36,'Medium'),(40,37,'Low'),(40,40,'Medium'),(40,41,'Low'),(40,42,'Medium'),(40,44,'Medium'),(41,2,'Medium'),(41,4,'Medium'),(41,22,'High'),(41,23,'Low'),(41,24,'Low'),(41,27,'High'),(41,29,'High'),(41,30,'Unknown'),(41,32,'Medium'),(41,38,'High'),(41,42,'Low'),(41,44,'Medium'),(41,46,'Low'),(42,3,'Unknown'),(42,4,'Unknown'),(42,7,'High'),(42,8,'Unknown'),(42,10,'High'),(42,11,'Low'),(42,15,'Unknown'),(42,18,'Low'),(42,23,'Unknown'),(42,25,'Low'),(42,28,'Unknown'),(42,32,'High'),(42,33,'Medium'),(42,35,'Low'),(42,40,'Unknown'),(42,42,'High'),(42,43,'Medium'),(42,47,'High'),(42,48,'Medium'),(42,50,'Medium'),(43,1,'Low'),(43,2,'High'),(43,5,'Low'),(43,10,'Medium'),(43,11,'Medium'),(43,13,'Low'),(43,22,'Unknown'),(43,23,'Low'),(43,29,'Medium'),(43,30,'Low'),(43,31,'Medium'),(43,33,'Medium'),(43,34,'Unknown'),(43,38,'Medium'),(44,2,'Medium'),(44,4,'Unknown'),(44,5,'Medium'),(44,6,'Medium'),(44,8,'Unknown'),(44,9,'Low'),(44,10,'Low'),(44,11,'Low'),(44,13,'Low'),(44,17,'Unknown'),(44,20,'Low'),(44,23,'Medium'),(44,26,'Medium'),(44,32,'Low'),(44,43,'High'),(44,49,'Medium'),(44,50,'High'),(45,4,'Medium'),(45,5,'Unknown'),(45,12,'Medium'),(45,13,'Unknown'),(45,16,'High'),(45,23,'Low'),(45,28,'Low'),(45,36,'Unknown'),(45,44,'High'),(45,49,'Low'),(45,50,'Medium'),(46,1,'Medium'),(46,6,'Low'),(46,11,'Unknown'),(46,14,'Medium'),(46,15,'Unknown'),(46,17,'Low'),(46,18,'Medium'),(46,19,'Low'),(46,22,'Medium'),(46,23,'Low'),(46,27,'Medium'),(46,32,'Medium'),(46,33,'Medium'),(46,35,'Unknown'),(46,39,'Low'),(46,40,'Low'),(46,41,'High'),(46,43,'Low'),(46,47,'High'),(47,2,'Medium'),(47,5,'Low'),(47,6,'Low'),(47,7,'Medium'),(47,8,'Unknown'),(47,14,'Medium'),(47,17,'Unknown'),(47,22,'Medium'),(47,23,'Low'),(47,26,'Medium'),(47,30,'Medium'),(47,32,'Low'),(47,39,'Low'),(47,46,'Low'),(47,48,'Low'),(47,49,'Medium'),(47,50,'Unknown'),(48,4,'Unknown'),(48,7,'High'),(48,13,'Unknown'),(48,14,'Unknown'),(48,16,'Unknown'),(48,21,'Low'),(48,25,'High'),(48,27,'Unknown'),(48,29,'High'),(48,31,'Low'),(48,35,'Low'),(48,36,'Medium'),(48,37,'Medium'),(48,41,'Unknown'),(48,45,'Low'),(48,48,'High'),(49,3,'Unknown'),(49,4,'Medium'),(49,6,'Low'),(49,8,'Unknown'),(49,11,'Low'),(49,15,'High'),(49,17,'Unknown'),(49,18,'Low'),(49,19,'Unknown'),(49,36,'Medium'),(49,37,'Low'),(49,39,'Low'),(49,41,'Medium'),(49,45,'Medium'),(49,49,'High'),(50,1,'Unknown'),(50,25,'High'),(50,32,'High'),(50,34,'Low'),(50,38,'Medium'),(50,39,'Low'),(50,41,'Low'),(50,48,'Medium'),(51,3,'Medium'),(51,10,'Low'),(51,17,'Medium'),(51,20,'Low'),(51,23,'Low'),(51,25,'Medium'),(51,34,'High'),(51,37,'High'),(51,49,'High'),(52,10,'Low'),(52,11,'Unknown'),(52,14,'Medium'),(52,16,'Low'),(52,17,'Low'),(52,28,'Low'),(52,29,'Unknown'),(52,33,'Medium'),(52,36,'Low'),(52,39,'Unknown'),(52,41,'Medium'),(53,7,'Low'),(53,21,'Low'),(53,22,'Medium'),(53,23,'Medium'),(53,24,'Low'),(53,31,'Medium'),(53,34,'Low'),(53,37,'Low'),(53,41,'Low'),(53,44,'Medium'),(54,7,'Unknown'),(54,9,'Unknown'),(54,11,'Medium'),(54,12,'Unknown'),(54,16,'High'),(54,20,'Medium'),(54,22,'High'),(54,29,'Medium'),(54,31,'Medium'),(54,34,'Unknown'),(54,38,'High'),(54,39,'Unknown'),(54,42,'Medium'),(54,44,'High'),(55,2,'Low'),(55,6,'Medium'),(55,9,'Medium'),(55,14,'High'),(55,15,'Low'),(55,22,'Low'),(55,23,'High'),(55,37,'Low'),(55,42,'High'),(56,2,'High'),(56,5,'High'),(56,9,'Medium'),(56,12,'Low'),(56,13,'Medium'),(56,16,'Unknown'),(56,21,'Low'),(56,30,'Medium'),(56,33,'Unknown'),(56,39,'Medium'),(56,41,'High'),(56,43,'High'),(56,44,'Low'),(56,48,'Low'),(56,50,'Low'),(57,15,'Low'),(57,18,'Medium'),(57,22,'High'),(57,24,'Medium'),(57,25,'Medium'),(57,29,'Low'),(57,34,'High'),(57,36,'Unknown'),(57,37,'Unknown'),(57,38,'High'),(57,42,'Medium'),(57,45,'Medium'),(57,47,'Medium'),(58,5,'Unknown'),(58,22,'Medium'),(58,25,'Low'),(58,26,'Low'),(58,27,'Medium'),(58,31,'Medium'),(58,32,'Medium'),(58,35,'Unknown'),(58,36,'Low'),(58,38,'Medium'),(58,40,'High'),(58,41,'Medium'),(58,42,'Unknown'),(58,43,'Unknown'),(58,50,'Medium'),(59,5,'Unknown'),(59,6,'Unknown'),(59,7,'High'),(59,14,'Low'),(59,16,'Unknown'),(59,17,'Unknown'),(59,18,'Low'),(59,21,'High'),(59,23,'Medium'),(59,25,'Medium'),(59,26,'Medium'),(59,35,'Low'),(59,36,'Unknown'),(59,37,'Medium'),(59,38,'Low'),(59,41,'Low'),(59,46,'Low'),(59,50,'Low'),(60,2,'Medium'),(60,4,'Low'),(60,7,'Low'),(60,8,'Low'),(60,18,'Low'),(60,19,'Medium'),(60,21,'Medium'),(60,23,'Low'),(60,31,'Medium'),(60,32,'Medium'),(60,34,'Low'),(60,37,'Low'),(60,41,'Medium'),(60,42,'High'),(60,49,'Medium'),(61,10,'Low'),(61,12,'Medium'),(61,13,'Low'),(61,15,'Medium'),(61,19,'Medium'),(61,21,'Medium'),(61,22,'Low'),(61,24,'Medium'),(61,26,'Unknown'),(61,40,'Low'),(61,46,'Medium'),(61,49,'Low'),(61,50,'Unknown'),(62,5,'High'),(62,12,'Unknown'),(62,14,'Low'),(62,17,'Low'),(62,21,'Low'),(62,28,'Low'),(62,29,'Low'),(62,36,'Medium'),(62,45,'Medium'),(62,47,'Unknown'),(62,49,'Low'),(62,50,'High'),(63,1,'High'),(63,6,'Medium'),(63,8,'High'),(63,11,'Low'),(63,12,'High'),(63,18,'Medium'),(63,23,'Low'),(63,24,'Low'),(63,29,'Medium'),(63,31,'Medium'),(63,36,'Unknown'),(63,37,'Unknown'),(63,41,'Medium'),(63,42,'Unknown'),(63,45,'Medium'),(63,48,'Low'),(64,2,'Unknown'),(64,9,'Low'),(64,13,'Unknown'),(64,17,'Low'),(64,19,'Medium'),(64,20,'Medium'),(64,21,'Low'),(64,26,'Low'),(64,28,'Unknown'),(64,34,'Low'),(64,36,'Unknown'),(64,37,'Low'),(64,46,'Medium'),(65,2,'Medium'),(65,3,'Medium'),(65,6,'Low'),(65,7,'Low'),(65,8,'Medium'),(65,10,'Medium'),(65,16,'Low'),(65,17,'Low'),(65,18,'High'),(65,23,'Medium'),(65,26,'Medium'),(65,27,'High'),(65,30,'High'),(65,35,'Low'),(65,36,'High'),(66,7,'Unknown'),(66,11,'Medium'),(66,13,'Medium'),(66,16,'Unknown'),(66,17,'Low'),(66,18,'Medium'),(66,19,'High'),(66,21,'Low'),(66,23,'Unknown'),(66,26,'Unknown'),(66,32,'High'),(66,33,'Low'),(66,34,'High'),(66,35,'Unknown'),(66,36,'High'),(66,38,'Unknown'),(66,43,'Low'),(66,45,'High'),(66,50,'Medium'),(67,3,'Low'),(67,5,'Unknown'),(67,6,'High'),(67,8,'Medium'),(67,12,'Medium'),(67,14,'Low'),(67,16,'Medium'),(67,17,'Unknown'),(67,21,'High'),(67,22,'Medium'),(67,23,'Low'),(67,26,'Medium'),(67,27,'Low'),(67,46,'High'),(68,1,'Unknown'),(68,7,'High'),(68,11,'Medium'),(68,12,'High'),(68,15,'High'),(68,17,'Medium'),(68,20,'Medium'),(68,22,'Medium'),(68,23,'Low'),(68,25,'Medium'),(68,26,'Low'),(68,30,'Unknown'),(68,31,'Low'),(68,33,'Low'),(68,36,'High'),(68,43,'Low'),(68,45,'Unknown'),(68,47,'Unknown'),(68,48,'Low'),(69,1,'Medium'),(69,8,'Unknown'),(69,9,'High'),(69,15,'Medium'),(69,16,'Low'),(69,19,'Low'),(69,21,'Unknown'),(69,22,'Unknown'),(69,24,'Medium'),(69,35,'Unknown'),(69,45,'Unknown'),(70,4,'High'),(70,7,'Unknown'),(70,9,'Medium'),(70,12,'Low'),(70,14,'High'),(70,15,'Low'),(70,17,'High'),(70,18,'Unknown'),(70,19,'Unknown'),(70,24,'High'),(70,28,'Low'),(70,34,'High'),(70,35,'High'),(70,37,'Medium'),(70,40,'Medium'),(70,45,'Unknown'),(70,47,'Low'),(70,48,'Medium'),(70,49,'High'),(71,3,'Medium'),(71,8,'Low'),(71,13,'Unknown'),(71,15,'Unknown'),(71,20,'Low'),(71,21,'Medium'),(71,22,'Unknown'),(71,23,'Medium'),(71,25,'Low'),(71,26,'Medium'),(71,28,'Medium'),(71,32,'Medium'),(71,35,'Medium'),(71,36,'Low'),(71,37,'Low'),(71,43,'Medium'),(71,45,'Low'),(71,50,'Medium'),(72,2,'High'),(72,4,'Medium'),(72,7,'Medium'),(72,10,'High'),(72,15,'High'),(72,16,'Medium'),(72,17,'Low'),(72,19,'Low'),(72,20,'Medium'),(72,23,'Medium'),(72,24,'Medium'),(72,25,'Low'),(72,39,'Medium'),(72,40,'Unknown'),(72,48,'Low'),(72,49,'Medium'),(73,12,'Low'),(73,13,'High'),(73,21,'Low'),(73,24,'Unknown'),(73,31,'Medium'),(73,36,'Low'),(73,41,'Medium'),(73,46,'Low'),(73,49,'Low'),(73,50,'High'),(74,1,'Low'),(74,4,'Low'),(74,6,'Low'),(74,10,'Unknown'),(74,18,'Medium'),(74,23,'Medium'),(74,25,'Low'),(74,26,'High'),(74,28,'Medium'),(74,30,'Unknown'),(74,32,'Low'),(74,40,'Low'),(74,46,'Unknown'),(74,50,'Low'),(75,4,'Unknown'),(75,5,'Medium'),(75,13,'Low'),(75,20,'Medium'),(75,21,'Medium'),(75,33,'Low'),(75,37,'High'),(75,39,'Low'),(75,42,'Low'),(75,44,'Medium'),(75,49,'Unknown'),(76,9,'High'),(76,14,'Low'),(76,15,'Medium'),(76,17,'Medium'),(76,20,'Medium'),(76,23,'Medium'),(76,26,'Unknown'),(76,30,'Medium'),(76,43,'Medium'),(77,1,'Medium'),(77,5,'High'),(77,6,'Low'),(77,11,'Unknown'),(77,13,'Medium'),(77,23,'Low'),(77,25,'Low'),(77,26,'Low'),(77,34,'High'),(77,35,'Unknown'),(77,36,'Low'),(77,39,'Low'),(77,41,'Low'),(77,43,'High'),(77,47,'Medium'),(78,5,'Low'),(78,6,'Low'),(78,12,'Low'),(78,22,'Medium'),(78,24,'Medium'),(78,29,'Medium'),(78,31,'Low'),(78,32,'Low'),(78,38,'Medium'),(78,39,'Medium'),(78,43,'Low'),(78,45,'Low'),(78,47,'High'),(79,4,'Low'),(79,7,'High'),(79,10,'High'),(79,11,'Low'),(79,12,'Low'),(79,15,'Unknown'),(79,21,'Low'),(79,28,'Unknown'),(79,33,'Medium'),(79,35,'Medium'),(79,39,'Medium'),(79,42,'Low'),(79,50,'Unknown'),(80,2,'Low'),(80,6,'Medium'),(80,11,'Unknown'),(80,12,'Medium'),(80,18,'Low'),(80,19,'Medium'),(80,23,'Medium'),(80,27,'Low'),(80,28,'Low'),(80,31,'High'),(80,32,'Medium'),(80,38,'Low'),(80,39,'Low'),(80,40,'Low'),(80,41,'Low'),(80,42,'Medium'),(80,43,'Low'),(80,44,'High'),(80,45,'Medium'),(80,49,'Low'),(80,50,'Low'),(81,5,'Medium'),(81,8,'High'),(81,11,'High'),(81,15,'Low'),(81,16,'High'),(81,25,'Medium'),(81,26,'Medium'),(81,30,'Low'),(81,34,'Low'),(81,47,'Medium'),(81,49,'Unknown'),(81,50,'Low'),(82,3,'Medium'),(82,5,'Low'),(82,8,'Medium'),(82,10,'Low'),(82,13,'High'),(82,20,'Medium'),(82,21,'Low'),(82,22,'Medium'),(82,25,'High'),(82,34,'Unknown'),(82,38,'Medium'),(82,40,'Medium'),(82,49,'High'),(83,7,'Low'),(83,14,'Low'),(83,16,'Medium'),(83,19,'Low'),(83,22,'Medium'),(83,23,'Low'),(83,24,'High'),(83,26,'Low'),(83,27,'Low'),(83,33,'Medium'),(83,40,'Unknown'),(83,41,'Low'),(83,46,'Low'),(83,47,'Low'),(84,2,'Medium'),(84,4,'Low'),(84,7,'Low'),(84,9,'Medium'),(84,10,'High'),(84,13,'Medium'),(84,14,'Low'),(84,15,'Low'),(84,22,'Medium'),(84,25,'Medium'),(84,29,'Medium'),(84,33,'Unknown'),(84,34,'Unknown'),(84,45,'Medium'),(85,3,'High'),(85,4,'Medium'),(85,10,'High'),(85,24,'Medium'),(85,29,'Unknown'),(85,30,'Unknown'),(85,37,'Medium'),(85,41,'Medium'),(85,44,'Medium'),(85,46,'Medium'),(85,49,'High'),(86,1,'Low'),(86,4,'Medium'),(86,13,'High'),(86,14,'High'),(86,15,'Low'),(86,19,'Low'),(86,22,'Unknown'),(86,28,'High'),(86,32,'Unknown'),(86,37,'Medium'),(86,39,'Medium'),(86,42,'Low'),(86,44,'Medium'),(86,46,'Medium'),(86,47,'Unknown'),(86,50,'Low'),(87,2,'High'),(87,5,'Unknown'),(87,7,'Medium'),(87,9,'Unknown'),(87,15,'Unknown'),(87,17,'Unknown'),(87,19,'Medium'),(87,21,'High'),(87,24,'High'),(87,29,'Medium'),(87,38,'Low'),(87,39,'Medium'),(87,46,'Medium'),(87,49,'Low'),(87,50,'Medium'),(88,4,'Low'),(88,5,'Low'),(88,9,'Medium'),(88,12,'Unknown'),(88,14,'Low'),(88,15,'Medium'),(88,24,'Medium'),(88,26,'Unknown'),(88,29,'Medium'),(88,30,'High'),(88,33,'Medium'),(88,36,'Medium'),(88,37,'High'),(88,46,'Low'),(88,49,'Low'),(88,50,'High'),(89,4,'Low'),(89,13,'Low'),(89,14,'Unknown'),(89,22,'Medium'),(89,23,'Medium'),(89,25,'Unknown'),(89,26,'Unknown'),(89,31,'Low'),(89,33,'Unknown'),(89,34,'Medium'),(89,36,'Low'),(89,37,'Low'),(89,38,'Unknown'),(89,39,'Low'),(89,43,'High'),(89,46,'High'),(89,47,'Low'),(89,48,'Low'),(89,49,'Medium'),(90,9,'Low'),(90,12,'Low'),(90,13,'Low'),(90,19,'Low'),(90,27,'Low'),(90,28,'Low'),(90,34,'Medium'),(90,35,'Medium'),(90,36,'Low'),(90,38,'Low'),(90,43,'Low'),(90,47,'Low'),(90,49,'High'),(91,2,'Unknown'),(91,3,'Low'),(91,4,'Medium'),(91,6,'Low'),(91,10,'High'),(91,16,'Low'),(91,17,'Medium'),(91,19,'Low'),(91,20,'Medium'),(91,23,'Medium'),(91,25,'Medium'),(91,28,'Medium'),(91,30,'Medium'),(91,32,'Low'),(91,36,'Low'),(91,39,'Medium'),(91,40,'Low'),(91,42,'Low'),(91,44,'Unknown'),(91,45,'Unknown'),(92,6,'Medium'),(92,9,'Medium'),(92,11,'Medium'),(92,19,'High'),(92,20,'Unknown'),(92,22,'Medium'),(92,25,'Unknown'),(92,32,'Low'),(92,34,'Low'),(92,35,'Low'),(92,39,'Low'),(92,40,'Unknown'),(92,41,'Medium'),(92,46,'Medium'),(93,2,'Medium'),(93,4,'Medium'),(93,8,'Medium'),(93,9,'Medium'),(93,14,'Low'),(93,16,'Low'),(93,17,'Low'),(93,21,'Medium'),(93,22,'Low'),(93,24,'Medium'),(93,25,'Medium'),(93,26,'High'),(93,27,'Unknown'),(93,40,'Low'),(93,42,'Low'),(93,48,'Medium'),(93,49,'Medium'),(93,50,'Medium'),(94,3,'Medium'),(94,4,'Medium'),(94,8,'High'),(94,15,'Unknown'),(94,20,'Medium'),(94,22,'High'),(94,23,'Low'),(94,24,'Unknown'),(94,28,'Unknown'),(94,30,'Low'),(94,34,'High'),(94,35,'Medium'),(94,40,'Low'),(94,44,'High'),(94,45,'Unknown'),(94,49,'Unknown'),(95,7,'Low'),(95,11,'High'),(95,12,'Medium'),(95,20,'Low'),(95,23,'Low'),(95,25,'Medium'),(95,28,'Unknown'),(95,38,'Low'),(95,40,'Unknown'),(95,41,'High'),(95,42,'Low'),(95,43,'Medium'),(95,44,'High'),(95,47,'Medium'),(96,1,'Low'),(96,2,'High'),(96,3,'Low'),(96,7,'Medium'),(96,9,'Medium'),(96,12,'Medium'),(96,14,'Unknown'),(96,15,'Medium'),(96,16,'Medium'),(96,20,'Medium'),(96,21,'Medium'),(96,22,'Unknown'),(96,25,'Medium'),(96,26,'Low'),(96,30,'Medium'),(96,33,'Unknown'),(96,39,'Medium'),(96,40,'Medium'),(96,42,'Unknown'),(96,46,'High'),(96,50,'High'),(97,1,'High'),(97,3,'Medium'),(97,4,'Medium'),(97,5,'Low'),(97,8,'Low'),(97,12,'High'),(97,13,'Low'),(97,14,'Medium'),(97,17,'Medium'),(97,19,'High'),(97,21,'Low'),(97,26,'Medium'),(97,27,'Low'),(97,29,'Unknown'),(97,32,'High'),(97,33,'Medium'),(97,40,'Unknown'),(97,41,'Low'),(97,45,'Medium'),(97,48,'Unknown'),(97,49,'Low'),(98,1,'Medium'),(98,10,'Medium'),(98,13,'Unknown'),(98,16,'Unknown'),(98,21,'High'),(98,22,'Low'),(98,25,'Low'),(98,30,'Low'),(98,31,'Low'),(98,35,'Medium'),(98,37,'Low'),(98,39,'Medium'),(98,40,'Medium'),(98,44,'High'),(99,1,'Low'),(99,3,'Medium'),(99,7,'High'),(99,13,'Medium'),(99,14,'High'),(99,17,'Medium'),(99,20,'Medium'),(99,23,'High'),(99,24,'Medium'),(99,30,'Medium'),(99,31,'Medium'),(99,39,'Medium'),(99,48,'Low'),(99,49,'Medium'),(100,2,'Unknown'),(100,8,'High'),(100,9,'Medium'),(100,13,'Low'),(100,20,'Medium'),(100,24,'Low'),(100,26,'Low'),(100,28,'Low'),(100,33,'High'),(100,35,'Low'),(100,41,'Low'),(100,47,'Low'),(101,1,'High'),(101,5,'High'),(101,7,'Unknown'),(101,14,'Medium'),(101,15,'Low'),(101,19,'Medium'),(101,30,'Medium'),(101,32,'Low'),(101,33,'Unknown'),(101,35,'Medium'),(101,36,'High'),(101,42,'Low'),(101,43,'High'),(101,44,'Medium'),(101,49,'Unknown'),(101,50,'High'),(102,2,'Low'),(102,3,'Low'),(102,5,'High'),(102,6,'Medium'),(102,7,'High'),(102,9,'Medium'),(102,11,'Medium'),(102,18,'Low'),(102,19,'Low'),(102,21,'Medium'),(102,22,'Medium'),(102,31,'Low'),(102,35,'Low'),(102,36,'High'),(102,44,'Medium'),(102,46,'Low'),(103,1,'Low'),(103,2,'Medium'),(103,6,'Medium'),(103,7,'High'),(103,8,'High'),(103,13,'Low'),(103,15,'Low'),(103,17,'Low'),(103,18,'Low'),(103,21,'High'),(103,28,'High'),(103,31,'Medium'),(103,35,'High'),(103,36,'Unknown'),(103,37,'Medium'),(103,39,'Medium'),(104,2,'Low'),(104,3,'Medium'),(104,4,'Low'),(104,5,'Medium'),(104,7,'Unknown'),(104,12,'High'),(104,18,'Low'),(104,19,'Medium'),(104,21,'Low'),(104,22,'Low'),(104,25,'Low'),(104,41,'Medium'),(104,43,'High'),(104,45,'High'),(104,48,'Medium'),(104,50,'High'),(105,6,'Medium'),(105,14,'Low'),(105,15,'High'),(105,19,'Unknown'),(105,20,'High'),(105,26,'Low'),(105,29,'Low'),(105,31,'Low'),(105,34,'Medium'),(105,36,'Medium'),(105,37,'High'),(105,39,'Medium'),(105,40,'Low'),(105,41,'Medium'),(105,45,'Low'),(105,46,'Medium'),(106,4,'Unknown'),(106,9,'Low'),(106,11,'High'),(106,12,'Medium'),(106,14,'Low'),(106,16,'Medium'),(106,21,'Medium'),(106,22,'Low'),(106,23,'Unknown'),(106,28,'Medium'),(106,31,'High'),(106,33,'High'),(106,38,'High'),(106,41,'High'),(106,45,'Unknown'),(107,1,'Low'),(107,24,'Unknown'),(107,26,'High'),(107,34,'Low'),(107,40,'Low'),(107,45,'Medium'),(107,48,'Low'),(108,2,'High'),(108,3,'Medium'),(108,4,'Low'),(108,8,'Unknown'),(108,16,'Low'),(108,17,'Low'),(108,23,'High'),(108,25,'Medium'),(108,27,'Medium'),(108,28,'Low'),(108,29,'Medium'),(108,30,'Low'),(108,31,'High'),(108,34,'High'),(108,37,'Low'),(108,38,'High'),(108,41,'Low'),(108,45,'Low'),(108,46,'High'),(109,1,'Medium'),(109,5,'Low'),(109,6,'Low'),(109,7,'Medium'),(109,10,'High'),(109,11,'Medium'),(109,12,'Low'),(109,13,'Low'),(109,16,'Unknown'),(109,18,'Low'),(109,19,'Low'),(109,26,'Medium'),(109,33,'Unknown'),(109,37,'Medium'),(109,43,'Medium'),(109,46,'Medium'),(109,47,'Unknown'),(110,2,'High'),(110,4,'Low'),(110,6,'Low'),(110,16,'Low'),(110,22,'Medium'),(110,23,'Medium'),(110,28,'Low'),(110,29,'Low'),(110,34,'Low'),(110,35,'Low'),(110,39,'Unknown'),(110,42,'Low'),(110,43,'Medium'),(110,44,'Low'),(110,50,'Low'),(111,7,'High'),(111,10,'Unknown'),(111,20,'Medium'),(111,30,'Low'),(111,31,'Low'),(111,32,'Medium'),(111,36,'Medium'),(111,39,'High'),(111,45,'Low'),(111,46,'Unknown'),(111,47,'Unknown'),(112,3,'High'),(112,10,'High'),(112,13,'Medium'),(112,18,'Low'),(112,23,'Unknown'),(112,26,'Unknown'),(112,30,'Medium'),(112,31,'Medium'),(112,33,'Medium'),(112,44,'Medium'),(112,45,'High'),(112,46,'Low'),(112,47,'Medium'),(112,48,'High'),(112,49,'Low'),(113,3,'Low'),(113,4,'Low'),(113,5,'Unknown'),(113,7,'Low'),(113,9,'Unknown'),(113,15,'Low'),(113,19,'Low'),(113,21,'Unknown'),(113,23,'Low'),(113,29,'Medium'),(113,31,'Low'),(113,32,'Low'),(113,33,'Low'),(113,36,'Medium'),(113,37,'Medium'),(113,38,'High'),(113,40,'High'),(113,44,'Medium'),(113,49,'Unknown'),(114,1,'High'),(114,2,'Low'),(114,5,'Low'),(114,7,'Medium'),(114,11,'Unknown'),(114,12,'Low'),(114,16,'Medium'),(114,25,'Medium'),(114,29,'Low'),(114,31,'Medium'),(114,33,'Medium'),(114,41,'Low'),(114,46,'Medium'),(114,48,'Low'),(115,2,'Medium'),(115,8,'High'),(115,9,'High'),(115,16,'Medium'),(115,20,'Low'),(115,22,'High'),(115,25,'Unknown'),(115,26,'Medium'),(115,28,'Low'),(115,29,'Unknown'),(115,30,'Medium'),(115,31,'Unknown'),(115,32,'Low'),(115,39,'Unknown'),(115,41,'Medium'),(115,42,'Medium'),(115,45,'Medium'),(116,1,'Low'),(116,7,'Low'),(116,13,'Medium'),(116,15,'Low'),(116,18,'Medium'),(116,27,'Low'),(116,31,'Low'),(116,32,'Low'),(116,33,'High'),(116,38,'High'),(116,45,'Medium'),(116,47,'Unknown'),(117,1,'High'),(117,3,'High'),(117,5,'Low'),(117,9,'High'),(117,10,'Low'),(117,12,'Medium'),(117,13,'Low'),(117,29,'Low'),(117,48,'High'),(118,2,'Medium'),(118,3,'Unknown'),(118,4,'High'),(118,9,'Unknown'),(118,15,'Medium'),(118,16,'Low'),(118,27,'Low'),(118,29,'Medium'),(118,31,'High'),(118,33,'Low'),(118,41,'Medium'),(118,50,'Medium'),(119,1,'High'),(119,4,'Medium'),(119,9,'Medium'),(119,12,'Unknown'),(119,13,'High'),(119,17,'Low'),(119,18,'Medium'),(119,21,'Medium'),(119,27,'Medium'),(119,29,'Medium'),(119,30,'Low'),(119,31,'Low'),(119,32,'Low'),(119,36,'Medium'),(119,37,'Medium'),(119,41,'Low'),(119,42,'Low'),(119,43,'Medium'),(119,44,'Low'),(119,45,'Medium'),(119,48,'Medium'),(119,50,'Unknown'),(120,4,'Low'),(120,7,'Unknown'),(120,9,'Unknown'),(120,11,'Medium'),(120,12,'Medium'),(120,15,'Low'),(120,16,'Low'),(120,20,'Low'),(120,30,'High'),(120,31,'Low'),(120,47,'Medium'),(120,48,'Medium'),(121,4,'Low'),(121,5,'Low'),(121,9,'Medium'),(121,17,'Medium'),(121,24,'Unknown'),(121,32,'Low'),(121,34,'High'),(121,35,'High'),(121,36,'Unknown'),(121,38,'Low'),(121,42,'Unknown'),(121,45,'Unknown'),(121,47,'Medium'),(122,3,'Medium'),(122,4,'High'),(122,17,'Unknown'),(122,18,'Unknown'),(122,23,'Unknown'),(122,26,'Medium'),(122,32,'Medium'),(122,33,'Unknown'),(122,38,'Medium'),(122,40,'Low'),(122,42,'Unknown'),(123,1,'Unknown'),(123,5,'Low'),(123,8,'Low'),(123,9,'Low'),(123,10,'Low'),(123,14,'Low'),(123,15,'Medium'),(123,16,'Unknown'),(123,17,'Medium'),(123,19,'Medium'),(123,24,'Low'),(123,27,'Medium'),(123,32,'High'),(123,34,'Medium'),(123,36,'Low'),(123,37,'Low'),(123,39,'Low'),(123,40,'Low'),(123,41,'Unknown'),(123,44,'Medium'),(123,48,'Medium'),(123,49,'Medium'),(124,1,'Unknown'),(124,4,'Medium'),(124,5,'Medium'),(124,8,'Medium'),(124,10,'Low'),(124,13,'Medium'),(124,18,'Medium'),(124,23,'Medium'),(124,26,'High'),(124,27,'High'),(124,29,'Unknown'),(124,30,'Low'),(124,31,'Low'),(124,32,'Medium'),(124,36,'Medium'),(124,41,'Medium'),(124,42,'Medium'),(124,43,'Medium'),(124,44,'Low'),(124,45,'Low'),(124,47,'Low'),(124,49,'Low'),(125,2,'Unknown'),(125,6,'Medium'),(125,11,'Low'),(125,13,'Medium'),(125,19,'Low'),(125,21,'Low'),(125,23,'Low'),(125,24,'Medium'),(125,28,'Medium'),(125,29,'Low'),(125,36,'High'),(125,39,'High'),(125,40,'High'),(125,44,'Low'),(125,47,'Low'),(126,1,'Low'),(126,6,'Low'),(126,9,'High'),(126,15,'Low'),(126,18,'Unknown'),(126,20,'High'),(126,21,'Medium'),(126,22,'Low'),(126,23,'Low'),(126,30,'Medium'),(126,31,'Unknown'),(126,33,'Low'),(126,34,'Low'),(126,35,'Medium'),(126,41,'Low'),(126,43,'Low'),(126,44,'Medium'),(127,5,'Medium'),(127,6,'Low'),(127,8,'High'),(127,19,'High'),(127,20,'Unknown'),(127,24,'Unknown'),(127,25,'Medium'),(127,27,'Low'),(127,28,'Medium'),(127,36,'Medium'),(127,41,'Low'),(127,43,'Medium'),(127,47,'High'),(127,50,'Medium'),(128,1,'High'),(128,10,'Unknown'),(128,11,'High'),(128,12,'Medium'),(128,13,'Medium'),(128,15,'Low'),(128,16,'Low'),(128,17,'Low'),(128,27,'Low'),(128,28,'Low'),(128,34,'High'),(128,35,'Medium'),(128,37,'Medium'),(128,38,'Medium'),(128,41,'Medium'),(128,43,'Medium'),(129,5,'High'),(129,7,'Medium'),(129,8,'Medium'),(129,17,'Low'),(129,22,'Unknown'),(129,24,'High'),(129,25,'Unknown'),(129,35,'Medium'),(129,36,'Unknown'),(129,39,'Low'),(129,48,'Medium'),(129,50,'Unknown'),(130,1,'Low'),(130,6,'Medium'),(130,9,'Low'),(130,10,'High'),(130,11,'Medium'),(130,12,'Low'),(130,14,'High'),(130,17,'Medium'),(130,20,'Unknown'),(130,21,'Low'),(130,22,'Unknown'),(130,25,'Medium'),(130,27,'High'),(130,29,'Low'),(130,31,'Low'),(131,4,'Low'),(131,6,'Low'),(131,8,'Unknown'),(131,10,'Unknown'),(131,13,'Medium'),(131,15,'Medium'),(131,23,'High'),(131,24,'Medium'),(131,27,'Medium'),(131,31,'Low'),(131,32,'High'),(131,34,'Medium'),(131,38,'Medium'),(131,45,'Low'),(131,46,'Low'),(131,47,'Low'),(131,49,'Unknown'),(132,4,'Unknown'),(132,5,'Low'),(132,6,'Unknown'),(132,7,'Medium'),(132,8,'Low'),(132,10,'Unknown'),(132,12,'Low'),(132,20,'Medium'),(132,25,'Medium'),(132,28,'Medium'),(132,30,'Low'),(132,33,'Low'),(132,41,'Low'),(133,9,'Medium'),(133,17,'Medium'),(133,18,'Unknown'),(133,21,'Low'),(133,33,'Medium'),(133,35,'Low'),(133,36,'Medium'),(133,47,'Medium'),(133,48,'Medium'),(133,50,'Medium'),(134,4,'Low'),(134,12,'Low'),(134,21,'Unknown'),(134,32,'High'),(134,36,'Unknown'),(134,45,'Low'),(134,46,'Low'),(135,7,'Low'),(135,8,'Unknown'),(135,11,'Low'),(135,12,'Medium'),(135,13,'Unknown'),(135,19,'Low'),(135,22,'Low'),(135,25,'Medium'),(135,27,'Unknown'),(135,32,'Low'),(135,33,'Medium'),(135,34,'High'),(135,35,'Low'),(135,41,'Low'),(135,46,'High'),(135,49,'Unknown'),(136,2,'Medium'),(136,3,'Medium'),(136,5,'Medium'),(136,9,'Medium'),(136,10,'Low'),(136,13,'Unknown'),(136,18,'Medium'),(136,22,'Medium'),(136,25,'Low'),(136,29,'Unknown'),(136,31,'Low'),(136,33,'High'),(136,35,'Medium'),(136,48,'Medium'),(137,3,'Unknown'),(137,19,'Medium'),(137,20,'Low'),(137,26,'Medium'),(137,28,'Low'),(137,30,'Medium'),(137,31,'Unknown'),(137,33,'High'),(137,38,'High'),(137,40,'High'),(137,41,'Medium'),(137,43,'Medium'),(137,45,'Medium'),(138,7,'Low'),(138,8,'Low'),(138,13,'Medium'),(138,16,'Low'),(138,18,'Medium'),(138,24,'Medium'),(138,25,'High'),(138,26,'High'),(138,30,'Unknown'),(138,31,'Low'),(138,37,'High'),(138,40,'High'),(138,42,'Low'),(138,47,'Unknown'),(139,3,'Medium'),(139,9,'Low'),(139,11,'Low'),(139,19,'Low'),(139,21,'Unknown'),(139,24,'Unknown'),(139,27,'Medium'),(139,31,'Medium'),(139,32,'Low'),(139,37,'Medium'),(139,42,'Medium'),(139,47,'Low'),(140,6,'Low'),(140,16,'Low'),(140,17,'Unknown'),(140,22,'Medium'),(140,23,'Medium'),(140,24,'Low'),(140,25,'Medium'),(140,26,'High'),(140,34,'Medium'),(140,37,'Medium'),(140,41,'Medium'),(140,43,'Unknown'),(140,44,'Unknown'),(140,45,'Medium'),(140,50,'Unknown'),(141,11,'Medium'),(141,16,'Low'),(141,18,'Low'),(141,20,'High'),(141,24,'Unknown'),(141,25,'High'),(141,31,'Low'),(141,33,'High'),(141,35,'Medium'),(141,37,'Low'),(141,38,'Medium'),(141,45,'Medium'),(141,47,'High'),(142,2,'Medium'),(142,3,'Medium'),(142,6,'Medium'),(142,11,'Medium'),(142,12,'Low'),(142,14,'Low'),(142,18,'Medium'),(142,19,'Low'),(142,22,'Low'),(142,31,'Medium'),(142,32,'Low'),(142,35,'Medium'),(142,36,'Unknown'),(142,40,'Unknown'),(142,47,'Low'),(142,49,'Medium'),(143,2,'Unknown'),(143,9,'Low'),(143,10,'Medium'),(143,12,'Low'),(143,16,'Low'),(143,18,'Low'),(143,19,'Medium'),(143,20,'Medium'),(143,30,'Medium'),(143,35,'High'),(143,36,'Low'),(143,40,'Low'),(143,41,'Medium'),(143,42,'High'),(143,44,'Medium'),(143,48,'Medium'),(144,2,'Low'),(144,3,'High'),(144,5,'Low'),(144,10,'Medium'),(144,13,'Medium'),(144,14,'Low'),(144,19,'Medium'),(144,22,'High'),(144,25,'Medium'),(144,27,'Unknown'),(144,28,'Low'),(144,30,'Medium'),(144,32,'High'),(144,33,'Low'),(144,36,'Medium'),(144,37,'Low'),(144,39,'Medium'),(144,41,'Unknown'),(144,46,'Low'),(144,47,'High'),(144,50,'Medium'),(145,3,'Low'),(145,5,'Low'),(145,20,'High'),(145,21,'Unknown'),(145,22,'Low'),(145,23,'Medium'),(145,24,'Low'),(145,26,'Low'),(145,46,'Low'),(145,50,'High'),(146,6,'High'),(146,14,'Medium'),(146,21,'Medium'),(146,22,'Medium'),(146,24,'High'),(146,26,'High'),(146,29,'High'),(146,33,'Unknown'),(146,40,'Medium'),(146,41,'High'),(146,42,'Low'),(146,48,'High'),(146,49,'Medium'),(146,50,'High'),(147,2,'Unknown'),(147,10,'Low'),(147,14,'Unknown'),(147,15,'Medium'),(147,18,'Medium'),(147,20,'Medium'),(147,22,'Medium'),(147,29,'Low'),(147,36,'High'),(147,40,'Low'),(148,3,'High'),(148,7,'Low'),(148,10,'Low'),(148,19,'High'),(148,22,'Low'),(148,25,'Medium'),(148,29,'Unknown'),(148,30,'Unknown'),(148,35,'Low'),(148,37,'Unknown'),(148,38,'Low'),(148,49,'High'),(149,6,'Low'),(149,11,'Medium'),(149,15,'Medium'),(149,18,'Low'),(149,21,'Unknown'),(149,24,'High'),(149,25,'Medium'),(149,28,'Medium'),(149,33,'Low'),(149,35,'High'),(149,37,'Low'),(149,40,'Low'),(149,42,'Medium'),(149,48,'Unknown'),(149,49,'Unknown'),(150,2,'Medium'),(150,6,'Low'),(150,11,'Low'),(150,12,'Low'),(150,15,'Low'),(150,24,'Medium'),(150,28,'Medium'),(150,29,'High'),(150,31,'Medium'),(150,32,'Medium'),(150,33,'Low'),(150,35,'Low'),(150,43,'Low'),(150,45,'Medium'),(150,48,'Low'),(151,4,'Medium'),(151,8,'Medium'),(151,13,'High'),(151,14,'Low'),(151,16,'Low'),(151,18,'Low'),(151,19,'Unknown'),(151,25,'High'),(151,27,'High'),(151,36,'High'),(151,39,'Medium'),(151,43,'Medium'),(151,49,'Low'),(152,2,'Low'),(152,4,'Low'),(152,5,'Low'),(152,7,'Unknown'),(152,8,'High'),(152,9,'Medium'),(152,13,'Medium'),(152,21,'Medium'),(152,22,'High'),(152,25,'Medium'),(152,36,'Low'),(152,37,'Low'),(152,38,'Low'),(152,42,'Unknown'),(152,46,'Medium'),(152,47,'Medium'),(152,48,'Medium'),(153,8,'Low'),(153,9,'Unknown'),(153,15,'Low'),(153,17,'Low'),(153,21,'Medium'),(153,23,'Unknown'),(153,28,'High'),(153,31,'Unknown'),(153,36,'Medium'),(153,43,'Low'),(153,45,'Low'),(153,47,'Unknown'),(154,1,'Medium'),(154,2,'High'),(154,3,'High'),(154,6,'Medium'),(154,7,'Low'),(154,8,'High'),(154,14,'Medium'),(154,18,'Medium'),(154,19,'Medium'),(154,20,'Medium'),(154,21,'Medium'),(154,24,'Medium'),(154,25,'Unknown'),(154,26,'Low'),(154,29,'Unknown'),(154,30,'Low'),(154,33,'Low'),(154,34,'Medium'),(154,36,'Unknown'),(154,37,'Low'),(154,46,'High'),(154,48,'Low'),(154,50,'Medium'),(155,1,'Medium'),(155,6,'Medium'),(155,16,'Medium'),(155,19,'Unknown'),(155,25,'Medium'),(155,28,'Low'),(155,32,'Medium'),(155,33,'High'),(155,34,'High'),(155,35,'Low'),(155,39,'Medium'),(155,41,'Low'),(155,43,'Medium'),(155,48,'Low'),(156,1,'Medium'),(156,3,'Low'),(156,7,'Unknown'),(156,14,'Low'),(156,16,'Low'),(156,21,'Low'),(156,22,'High'),(156,25,'Low'),(156,30,'Medium'),(156,37,'Medium'),(156,38,'Medium'),(156,39,'Low'),(156,40,'Medium'),(156,42,'Unknown'),(156,44,'Unknown'),(156,46,'Medium'),(157,1,'Unknown'),(157,2,'Medium'),(157,8,'Medium'),(157,14,'Low'),(157,17,'High'),(157,21,'Medium'),(157,23,'Unknown'),(157,29,'Medium'),(157,35,'Low'),(157,36,'Medium'),(157,45,'Low'),(157,47,'Unknown'),(158,2,'Low'),(158,3,'Low'),(158,4,'Medium'),(158,7,'Medium'),(158,9,'Medium'),(158,10,'Medium'),(158,11,'Medium'),(158,12,'Low'),(158,23,'Medium'),(158,25,'Medium'),(158,28,'High'),(158,36,'High'),(158,37,'Low'),(158,41,'Medium'),(158,42,'Low'),(158,43,'Medium'),(158,44,'Unknown'),(158,45,'Unknown'),(158,48,'Low'),(159,1,'Medium'),(159,3,'Medium'),(159,4,'Low'),(159,5,'Low'),(159,12,'Low'),(159,13,'Medium'),(159,16,'High'),(159,17,'Low'),(159,22,'Medium'),(159,25,'Medium'),(159,27,'Unknown'),(159,32,'Medium'),(159,33,'High'),(159,39,'Low'),(160,4,'Low'),(160,9,'Low'),(160,10,'Low'),(160,12,'High'),(160,17,'High'),(160,19,'Medium'),(160,22,'Medium'),(160,23,'Medium'),(160,25,'Medium'),(160,27,'Medium'),(160,31,'Medium'),(160,32,'High'),(160,33,'Unknown'),(160,39,'Unknown'),(160,40,'Medium'),(160,44,'High'),(160,47,'Low'),(160,49,'Medium'),(161,7,'High'),(161,15,'Medium'),(161,20,'Medium'),(161,22,'Low'),(161,29,'Low'),(161,31,'Low'),(161,36,'High'),(161,40,'Low'),(161,48,'Medium'),(161,49,'Medium'),(161,50,'Low'),(162,1,'Unknown'),(162,8,'Low'),(162,10,'Low'),(162,11,'Medium'),(162,16,'High'),(162,24,'Medium'),(162,28,'Medium'),(162,35,'Low'),(162,36,'High'),(162,37,'High'),(162,38,'Medium'),(162,42,'Unknown'),(162,45,'Low'),(163,6,'Medium'),(163,7,'Low'),(163,9,'Medium'),(163,10,'Medium'),(163,15,'Medium'),(163,26,'Medium'),(163,27,'Unknown'),(163,30,'Low'),(163,34,'Low'),(163,38,'Low'),(163,40,'Medium'),(164,4,'Unknown'),(164,11,'Unknown'),(164,14,'Low'),(164,19,'Unknown'),(164,20,'Low'),(164,22,'Low'),(164,28,'Low'),(164,33,'Medium'),(164,37,'Low'),(164,41,'Medium'),(164,42,'High'),(165,3,'Unknown'),(165,4,'High'),(165,7,'Unknown'),(165,10,'Unknown'),(165,17,'Medium'),(165,18,'Medium'),(165,21,'Low'),(165,24,'Low'),(165,27,'Low'),(165,31,'Low'),(165,33,'Low'),(165,34,'Medium'),(165,44,'Medium'),(165,46,'Medium'),(165,48,'Unknown'),(165,50,'Low'),(166,8,'High'),(166,13,'Medium'),(166,15,'Low'),(166,16,'Medium'),(166,20,'High'),(166,24,'Low'),(166,27,'Medium'),(166,37,'Medium'),(166,41,'Unknown'),(166,42,'Unknown'),(166,43,'Medium'),(166,44,'Medium'),(166,48,'Medium'),(167,3,'Medium'),(167,8,'High'),(167,12,'Medium'),(167,13,'Low'),(167,14,'Medium'),(167,16,'Medium'),(167,17,'Medium'),(167,22,'Unknown'),(167,25,'Unknown'),(167,28,'Unknown'),(167,31,'High'),(167,32,'Low'),(167,37,'Low'),(167,41,'Medium'),(167,44,'Low'),(167,45,'Medium'),(167,48,'Low'),(167,49,'Unknown'),(168,1,'High'),(168,2,'Unknown'),(168,4,'Unknown'),(168,5,'Medium'),(168,11,'Unknown'),(168,19,'Low'),(168,28,'High'),(168,30,'Low'),(168,33,'Low'),(168,36,'Low'),(168,41,'Medium'),(168,42,'Low'),(168,45,'High'),(168,48,'Medium'),(168,49,'Low'),(169,2,'Low'),(169,3,'Medium'),(169,4,'Low'),(169,6,'Medium'),(169,8,'Unknown'),(169,10,'High'),(169,11,'Medium'),(169,12,'Low'),(169,18,'Low'),(169,22,'Medium'),(169,27,'Unknown'),(169,29,'Medium'),(169,30,'Unknown'),(169,33,'Low'),(169,37,'Medium'),(169,39,'Unknown'),(169,41,'Medium'),(170,6,'Low'),(170,7,'Low'),(170,17,'Low'),(170,26,'Medium'),(170,35,'Low'),(170,36,'Low'),(170,40,'Medium'),(170,46,'Medium'),(170,49,'Low'),(171,2,'Medium'),(171,7,'High'),(171,14,'Medium'),(171,15,'High'),(171,16,'High'),(171,17,'Medium'),(171,19,'Low'),(171,24,'Medium'),(171,27,'Unknown'),(171,36,'High'),(171,50,'Unknown'),(172,1,'Medium'),(172,2,'High'),(172,7,'Medium'),(172,13,'High'),(172,20,'Medium'),(172,21,'Unknown'),(172,30,'Low'),(172,31,'Unknown'),(172,34,'Low'),(172,36,'Low'),(172,37,'High'),(172,38,'Medium'),(172,40,'Unknown'),(172,41,'Low'),(172,42,'Low'),(173,8,'Medium'),(173,14,'Medium'),(173,21,'Low'),(173,25,'Low'),(173,32,'High'),(173,36,'Low'),(173,39,'Low'),(173,40,'Unknown'),(173,43,'High'),(173,50,'Unknown'),(174,6,'Unknown'),(174,9,'Low'),(174,13,'Low'),(174,14,'High'),(174,20,'Medium'),(174,25,'Medium'),(174,27,'Low'),(174,31,'Low'),(174,33,'Low'),(174,37,'Medium'),(174,38,'Unknown'),(174,39,'High'),(174,42,'Unknown'),(174,47,'Unknown'),(174,48,'Unknown'),(175,5,'Low'),(175,11,'Low'),(175,18,'Low'),(175,19,'High'),(175,20,'Medium'),(175,23,'Medium'),(175,28,'Medium'),(175,32,'Low'),(175,34,'High'),(175,42,'Medium'),(175,50,'Medium'),(176,1,'Low'),(176,8,'Medium'),(176,9,'Unknown'),(176,12,'Low'),(176,15,'Medium'),(176,17,'High'),(176,19,'Unknown'),(176,21,'High'),(176,23,'Low'),(176,26,'Unknown'),(176,27,'Unknown'),(176,29,'Medium'),(176,30,'High'),(176,34,'High'),(176,36,'Low'),(176,37,'Medium'),(176,39,'Low'),(176,40,'Low'),(176,44,'Medium'),(176,46,'Low'),(176,50,'Medium'),(177,1,'Low'),(177,2,'Medium'),(177,4,'Low'),(177,7,'Medium'),(177,10,'Medium'),(177,12,'Medium'),(177,17,'Medium'),(177,18,'Medium'),(177,21,'Low'),(177,23,'Unknown'),(177,25,'Low'),(177,27,'Low'),(177,28,'Low'),(177,32,'Unknown'),(177,39,'High'),(177,40,'Unknown'),(177,43,'High'),(177,45,'Medium'),(177,46,'Medium'),(178,6,'High'),(178,8,'Medium'),(178,10,'Low'),(178,11,'Low'),(178,12,'Medium'),(178,15,'Low'),(178,19,'Unknown'),(178,22,'Unknown'),(178,26,'High'),(178,27,'Low'),(178,29,'Unknown'),(178,30,'Unknown'),(178,32,'Low'),(178,33,'Low'),(178,40,'Unknown'),(178,41,'High'),(179,10,'Medium'),(179,11,'Unknown'),(179,13,'Medium'),(179,14,'Medium'),(179,16,'Low'),(179,17,'Low'),(179,23,'Low'),(179,25,'High'),(179,29,'Low'),(179,34,'High'),(179,48,'Low'),(180,8,'Unknown'),(180,16,'Medium'),(180,17,'Low'),(180,20,'Medium'),(180,24,'Low'),(180,26,'Medium'),(180,30,'High'),(180,35,'Unknown'),(180,42,'Medium'),(180,44,'Low'),(180,46,'Unknown'),(180,49,'Medium'),(181,1,'High'),(181,2,'Low'),(181,4,'High'),(181,8,'High'),(181,9,'Low'),(181,10,'Medium'),(181,13,'Medium'),(181,14,'Medium'),(181,21,'Low'),(181,25,'High'),(181,26,'Unknown'),(181,28,'Unknown'),(181,30,'Low'),(181,34,'Low'),(181,38,'Medium'),(181,42,'High'),(181,44,'Medium'),(181,47,'Medium'),(182,4,'Low'),(182,7,'Medium'),(182,8,'Medium'),(182,10,'Medium'),(182,12,'High'),(182,16,'Low'),(182,18,'Low'),(182,19,'Low'),(182,24,'Medium'),(182,33,'Medium'),(182,36,'Low'),(182,43,'Low'),(182,45,'Low'),(182,48,'Medium'),(182,49,'Low'),(183,1,'Unknown'),(183,3,'Unknown'),(183,9,'Low'),(183,12,'Medium'),(183,15,'Low'),(183,16,'Medium'),(183,18,'Low'),(183,19,'Low'),(183,23,'High'),(183,24,'Medium'),(183,27,'Low'),(183,40,'Medium'),(183,41,'Low'),(183,42,'Low'),(183,47,'Medium'),(183,48,'High'),(183,50,'Medium'),(184,6,'Low'),(184,8,'Medium'),(184,12,'Unknown'),(184,17,'High'),(184,22,'Unknown'),(184,23,'Low'),(184,25,'High'),(184,29,'Low'),(184,30,'High'),(184,32,'Unknown'),(184,34,'High'),(184,35,'Medium'),(184,36,'Medium'),(184,37,'Medium'),(184,39,'Low'),(184,40,'Low'),(184,43,'Low'),(184,44,'Low'),(184,46,'Low'),(184,49,'High'),(185,3,'High'),(185,5,'Unknown'),(185,19,'Low'),(185,22,'Low'),(185,28,'Low'),(185,30,'Medium'),(185,35,'High'),(185,38,'Low'),(185,41,'Medium'),(185,43,'High'),(185,44,'Low'),(185,47,'Unknown'),(185,50,'High'),(186,2,'High'),(186,3,'Low'),(186,4,'Medium'),(186,6,'High'),(186,7,'Low'),(186,11,'Medium'),(186,12,'Low'),(186,19,'Low'),(186,21,'Low'),(186,22,'Low'),(186,23,'Medium'),(186,29,'High'),(186,32,'Low'),(186,38,'High'),(186,39,'Low'),(186,41,'Low'),(186,44,'Unknown'),(186,45,'Low'),(186,46,'Low'),(187,1,'Unknown'),(187,3,'Medium'),(187,5,'Medium'),(187,6,'Medium'),(187,13,'Low'),(187,17,'Low'),(187,23,'Low'),(187,24,'Medium'),(187,25,'Low'),(187,26,'High'),(187,27,'Low'),(187,29,'Medium'),(187,35,'High'),(187,38,'Low'),(187,39,'Medium'),(187,40,'Low'),(187,41,'High'),(187,44,'High'),(187,47,'Low'),(187,50,'Unknown'),(188,3,'Low'),(188,4,'High'),(188,5,'Low'),(188,7,'Low'),(188,9,'High'),(188,10,'Low'),(188,11,'Low'),(188,12,'Unknown'),(188,13,'High'),(188,19,'Medium'),(188,22,'High'),(188,31,'Unknown'),(188,32,'High'),(188,35,'Unknown'),(188,38,'Medium'),(188,44,'High'),(188,45,'Medium'),(188,46,'Low'),(188,48,'Low'),(189,2,'Medium'),(189,5,'Low'),(189,14,'Low'),(189,15,'Unknown'),(189,16,'Unknown'),(189,17,'Low'),(189,19,'Low'),(189,23,'Medium'),(189,32,'High'),(189,34,'Unknown'),(189,36,'Medium'),(189,47,'Medium'),(189,50,'Low'),(190,1,'Low'),(190,4,'Unknown'),(190,5,'Low'),(190,6,'Medium'),(190,12,'Unknown'),(190,13,'High'),(190,14,'Unknown'),(190,18,'Medium'),(190,20,'Medium'),(190,21,'Medium'),(190,22,'Medium'),(190,25,'Medium'),(190,29,'Medium'),(190,32,'Unknown'),(190,33,'Unknown'),(190,42,'High'),(190,44,'Unknown'),(191,3,'Low'),(191,7,'Medium'),(191,15,'Medium'),(191,18,'Unknown'),(191,21,'Unknown'),(191,23,'Unknown'),(191,24,'Low'),(191,28,'Low'),(191,39,'Unknown'),(191,43,'Medium'),(191,46,'Medium'),(191,49,'Unknown'),(192,4,'Medium'),(192,5,'Medium'),(192,6,'Medium'),(192,10,'High'),(192,15,'Low'),(192,18,'Medium'),(192,26,'Low'),(192,31,'Low'),(192,37,'High'),(192,41,'Unknown'),(192,45,'Unknown'),(192,48,'Medium'),(192,49,'High'),(193,4,'High'),(193,18,'Medium'),(193,19,'Low'),(193,21,'Low'),(193,23,'Unknown'),(193,25,'Low'),(193,27,'Medium'),(193,31,'High'),(193,35,'Low'),(193,36,'High'),(193,37,'Unknown'),(193,43,'High'),(193,46,'Low'),(193,48,'Unknown'),(193,49,'Medium'),(193,50,'Medium'),(194,9,'Medium'),(194,16,'Medium'),(194,17,'Low'),(194,20,'Unknown'),(194,27,'Unknown'),(194,30,'High'),(194,31,'Medium'),(194,32,'Unknown'),(194,33,'Unknown'),(194,34,'High'),(194,38,'Low'),(194,43,'Low'),(194,49,'High'),(195,1,'Unknown'),(195,6,'Low'),(195,13,'Unknown'),(195,16,'Unknown'),(195,18,'High'),(195,24,'Low'),(195,26,'Low'),(195,32,'High'),(195,35,'Medium'),(195,36,'Unknown'),(195,37,'High'),(195,40,'Medium'),(195,42,'High'),(195,43,'Medium'),(195,44,'Medium'),(195,46,'Medium'),(195,47,'Low'),(196,3,'Medium'),(196,5,'Medium'),(196,6,'High'),(196,13,'High'),(196,19,'Low'),(196,22,'Unknown'),(196,24,'Unknown'),(196,25,'Low'),(196,30,'Unknown'),(196,32,'Medium'),(196,37,'Medium'),(196,39,'Medium'),(196,47,'Low'),(196,48,'Unknown'),(196,49,'High'),(197,8,'High'),(197,10,'Low'),(197,14,'Medium'),(197,23,'Unknown'),(197,24,'Low'),(197,28,'Medium'),(197,31,'Low'),(197,37,'Low'),(197,44,'Medium'),(197,47,'Unknown'),(197,50,'Low'),(198,1,'Low'),(198,7,'Low'),(198,10,'Medium'),(198,15,'Low'),(198,21,'High'),(198,22,'Medium'),(198,28,'Medium'),(198,30,'Unknown'),(198,35,'Medium'),(198,36,'High'),(198,37,'High'),(198,43,'High'),(198,45,'Medium'),(198,46,'Unknown'),(198,49,'Low'),(199,5,'Medium'),(199,18,'Unknown'),(199,19,'High'),(199,22,'Medium'),(199,23,'Unknown'),(199,26,'Unknown'),(199,29,'Medium'),(199,33,'Low'),(199,35,'High'),(199,39,'Medium'),(199,42,'Medium'),(199,43,'Low'),(199,44,'High'),(199,47,'Low'),(199,50,'Low'),(200,7,'Unknown'),(200,10,'Low'),(200,12,'Medium'),(200,18,'Medium'),(200,21,'Low'),(200,26,'High'),(200,28,'Medium'),(200,29,'High'),(200,32,'Medium'),(200,43,'Low'),(200,44,'Unknown'),(200,46,'Unknown'),(201,1,'Low'),(201,4,'Low'),(201,10,'Low'),(201,11,'Low'),(201,14,'Low'),(201,15,'Low'),(201,20,'Medium'),(201,23,'Unknown'),(201,31,'Medium'),(201,34,'Low'),(201,37,'Unknown'),(201,40,'Medium'),(201,42,'Low'),(201,49,'Medium'),(202,1,'Unknown'),(202,5,'Medium'),(202,10,'Medium'),(202,14,'Low'),(202,15,'Unknown'),(202,18,'Low'),(202,23,'Medium'),(202,24,'Unknown'),(202,25,'Low'),(202,27,'Unknown'),(202,28,'Low'),(202,42,'Medium'),(202,44,'Low'),(202,47,'High'),(203,1,'Low'),(203,2,'Medium'),(203,4,'Medium'),(203,5,'Medium'),(203,7,'High'),(203,8,'Medium'),(203,19,'Low'),(203,22,'High'),(203,23,'Low'),(203,24,'High'),(203,27,'Low'),(203,28,'Medium'),(203,29,'Low'),(203,30,'Unknown'),(203,31,'Low'),(203,38,'Medium'),(203,41,'High'),(203,46,'Low'),(203,49,'High'),(203,50,'Low'),(204,4,'Unknown'),(204,6,'Medium'),(204,7,'Low'),(204,11,'Low'),(204,14,'Low'),(204,17,'Medium'),(204,18,'Low'),(204,22,'Low'),(204,31,'Unknown'),(204,32,'Medium'),(204,33,'Low'),(204,34,'Low'),(204,36,'Medium'),(204,38,'Medium'),(204,41,'High'),(204,42,'Medium'),(204,43,'Medium'),(204,47,'Unknown'),(205,1,'Low'),(205,5,'Medium'),(205,6,'Medium'),(205,7,'Low'),(205,8,'Medium'),(205,9,'Low'),(205,12,'High'),(205,13,'Medium'),(205,14,'Unknown'),(205,16,'Low'),(205,18,'Low'),(205,22,'Low'),(205,24,'Medium'),(205,28,'Low'),(205,42,'Low'),(205,43,'Low'),(205,46,'High'),(205,49,'Medium'),(205,50,'High'),(206,5,'Medium'),(206,11,'Medium'),(206,13,'Low'),(206,17,'High'),(206,22,'Unknown'),(206,23,'Medium'),(206,30,'Medium'),(206,34,'Medium'),(206,37,'High'),(206,38,'Medium'),(206,39,'Medium'),(206,40,'Medium'),(206,46,'Medium'),(206,47,'Low'),(206,49,'High'),(206,50,'Low'),(207,1,'High'),(207,4,'Low'),(207,5,'Medium'),(207,8,'Low'),(207,9,'Low'),(207,10,'Low'),(207,18,'Medium'),(207,22,'Medium'),(207,25,'High'),(207,32,'Low'),(207,35,'Medium'),(207,36,'Medium'),(207,38,'Low'),(207,39,'Unknown'),(207,43,'Low'),(207,47,'Low'),(208,2,'Unknown'),(208,5,'Low'),(208,8,'Unknown'),(208,15,'Medium'),(208,30,'Low'),(208,32,'Low'),(208,34,'Unknown'),(208,38,'High'),(208,49,'Low'),(209,1,'Low'),(209,2,'High'),(209,6,'Low'),(209,7,'Low'),(209,19,'Unknown'),(209,24,'Unknown'),(209,30,'Low'),(209,32,'Low'),(209,33,'Low'),(209,40,'Medium'),(209,42,'Low'),(209,46,'Low'),(209,50,'Low'),(210,1,'Low'),(210,13,'Low'),(210,15,'Medium'),(210,29,'Low'),(210,36,'Low'),(210,39,'Low'),(210,41,'Low'),(210,43,'High'),(210,44,'Low'),(210,47,'Low'),(210,48,'Medium'),(210,49,'Medium'),(211,10,'Unknown'),(211,14,'Medium'),(211,15,'Unknown'),(211,19,'High'),(211,26,'Low'),(211,35,'Unknown'),(211,40,'Low'),(211,43,'Medium'),(211,45,'High'),(211,50,'Medium'),(212,1,'Low'),(212,2,'Low'),(212,7,'Low'),(212,10,'Low'),(212,13,'Medium'),(212,14,'Medium'),(212,15,'Medium'),(212,18,'High'),(212,19,'Low'),(212,22,'Low'),(212,27,'Low'),(212,32,'High'),(212,33,'Unknown'),(212,34,'Low'),(212,37,'High'),(212,38,'Unknown'),(212,40,'High'),(212,42,'High'),(212,46,'Low'),(212,47,'High'),(212,49,'Low'),(213,1,'Low'),(213,2,'Unknown'),(213,9,'Low'),(213,11,'Low'),(213,14,'Medium'),(213,17,'Medium'),(213,21,'Low'),(213,43,'High'),(213,45,'Medium'),(213,46,'Medium'),(214,4,'Low'),(214,5,'Medium'),(214,6,'High'),(214,11,'Medium'),(214,15,'Low'),(214,19,'Medium'),(214,21,'High'),(214,22,'High'),(214,24,'Low'),(214,25,'Medium'),(214,29,'Medium'),(214,30,'Unknown'),(214,34,'Low'),(214,35,'Medium'),(214,37,'High'),(214,41,'Low'),(214,48,'Medium'),(215,1,'Medium'),(215,2,'Medium'),(215,4,'Low'),(215,6,'Unknown'),(215,8,'Low'),(215,13,'Medium'),(215,19,'Low'),(215,25,'Medium'),(215,27,'High'),(215,34,'Unknown'),(215,36,'Medium'),(215,37,'Medium'),(215,48,'Low'),(215,49,'Medium'),(216,1,'Medium'),(216,7,'Low'),(216,14,'Low'),(216,20,'Medium'),(216,22,'High'),(216,25,'Medium'),(216,27,'Low'),(216,37,'Medium'),(216,40,'High'),(216,46,'Medium'),(216,47,'High'),(217,2,'High'),(217,3,'Low'),(217,8,'Low'),(217,9,'Medium'),(217,14,'Medium'),(217,18,'Low'),(217,25,'Low'),(217,26,'High'),(217,27,'Low'),(217,28,'High'),(217,29,'Medium'),(217,31,'Medium'),(217,34,'Medium'),(217,35,'Medium'),(217,38,'Medium'),(217,41,'High'),(217,44,'Medium'),(217,46,'Unknown'),(218,6,'Medium'),(218,13,'Low'),(218,15,'Medium'),(218,16,'Low'),(218,19,'Unknown'),(218,20,'Medium'),(218,24,'Low'),(218,25,'High'),(218,26,'Medium'),(218,28,'Low'),(218,29,'Unknown'),(218,31,'Medium'),(218,33,'Low'),(218,34,'Low'),(218,43,'Low'),(219,4,'Low'),(219,14,'Low'),(219,20,'Low'),(219,21,'Medium'),(219,33,'Low'),(219,41,'Low'),(219,42,'Unknown'),(219,44,'Low'),(219,46,'Low'),(219,50,'Medium'),(220,3,'Medium'),(220,6,'High'),(220,7,'Low'),(220,9,'High'),(220,10,'Unknown'),(220,11,'Unknown'),(220,14,'Unknown'),(220,17,'High'),(220,24,'Low'),(220,26,'Medium'),(220,27,'Low'),(220,28,'Medium'),(220,30,'Low'),(220,38,'Low'),(220,39,'Unknown'),(220,46,'Medium'),(220,47,'Medium'),(220,48,'Unknown'),(220,50,'Low'),(221,2,'Low'),(221,4,'Low'),(221,8,'Low'),(221,15,'Low'),(221,17,'High'),(221,19,'Medium'),(221,26,'Unknown'),(221,28,'Low'),(221,31,'Medium'),(221,37,'Medium'),(221,43,'Medium'),(221,45,'Medium'),(221,50,'Medium'),(222,1,'High'),(222,9,'Unknown'),(222,15,'Low'),(222,16,'Medium'),(222,19,'Low'),(222,20,'Low'),(222,29,'Medium'),(222,40,'Low'),(222,41,'Unknown'),(222,42,'Low'),(222,43,'Low'),(222,45,'High'),(223,1,'Medium'),(223,4,'Low'),(223,6,'Low'),(223,13,'Low'),(223,15,'High'),(223,18,'Medium'),(223,20,'Low'),(223,25,'High'),(223,28,'Medium'),(223,29,'High'),(223,30,'High'),(223,32,'Low'),(223,41,'Low'),(223,43,'Unknown'),(223,45,'High'),(223,49,'Low'),(224,1,'Low'),(224,3,'Unknown'),(224,17,'Medium'),(224,18,'Medium'),(224,19,'Unknown'),(224,20,'Medium'),(224,24,'Medium'),(224,29,'High'),(224,30,'Medium'),(224,32,'Medium'),(224,36,'Low'),(224,37,'Low'),(224,41,'High'),(224,42,'High'),(224,44,'Low'),(224,46,'Unknown'),(224,48,'Unknown'),(225,3,'High'),(225,4,'Low'),(225,5,'Unknown'),(225,6,'Unknown'),(225,8,'Low'),(225,12,'Low'),(225,19,'Low'),(225,21,'Low'),(225,22,'Low'),(225,23,'Medium'),(225,30,'Unknown'),(225,32,'Low'),(225,36,'Low'),(225,42,'High'),(225,45,'Medium'),(225,48,'Low'),(226,1,'Low'),(226,17,'Low'),(226,18,'Low'),(226,19,'High'),(226,27,'Low'),(226,29,'Unknown'),(226,30,'Medium'),(226,31,'Low'),(226,35,'Unknown'),(226,38,'Low'),(226,42,'Low'),(226,43,'High'),(226,46,'High'),(226,48,'Unknown'),(226,49,'Low'),(227,5,'Low'),(227,12,'Unknown'),(227,17,'Medium'),(227,18,'Unknown'),(227,19,'Medium'),(227,28,'Low'),(227,29,'High'),(227,31,'Medium'),(227,36,'Medium'),(227,37,'Unknown'),(227,38,'Low'),(227,39,'Medium'),(227,41,'High'),(227,47,'High'),(228,3,'Unknown'),(228,5,'Unknown'),(228,11,'Medium'),(228,12,'Low'),(228,16,'Unknown'),(228,31,'Low'),(228,34,'Medium'),(228,35,'Low'),(228,42,'Medium'),(228,45,'Medium'),(228,46,'Low'),(228,48,'Low'),(228,50,'Unknown'),(229,6,'Low'),(229,9,'Low'),(229,12,'Medium'),(229,19,'Medium'),(229,20,'Medium'),(229,24,'High'),(229,29,'High'),(229,30,'Unknown'),(229,31,'Medium'),(229,35,'Low'),(229,38,'Low'),(229,42,'Low'),(229,48,'Unknown'),(229,50,'Low'),(230,1,'Low'),(230,3,'Low'),(230,5,'Medium'),(230,9,'Medium'),(230,13,'High'),(230,14,'Medium'),(230,16,'Low'),(230,19,'Low'),(230,20,'Medium'),(230,24,'Unknown'),(230,27,'Unknown'),(230,31,'Medium'),(230,32,'High'),(230,34,'High'),(230,37,'High'),(230,39,'Unknown'),(230,41,'Low'),(230,42,'High'),(230,44,'Unknown'),(230,45,'Medium'),(230,46,'High'),(230,50,'Medium'),(231,1,'Medium'),(231,3,'Medium'),(231,4,'Medium'),(231,8,'Medium'),(231,9,'High'),(231,22,'Medium'),(231,25,'Medium'),(231,28,'Medium'),(231,30,'Low'),(231,39,'Unknown'),(231,40,'Medium'),(231,41,'Unknown'),(232,1,'Medium'),(232,2,'Medium'),(232,4,'Unknown'),(232,10,'Unknown'),(232,15,'High'),(232,16,'High'),(232,17,'Medium'),(232,19,'Medium'),(232,24,'Low'),(232,25,'Low'),(232,33,'Low'),(232,39,'Low'),(232,40,'High'),(232,42,'High'),(232,45,'Unknown'),(233,7,'Unknown'),(233,10,'Low'),(233,12,'High'),(233,14,'Medium'),(233,20,'High'),(233,22,'Low'),(233,34,'Low'),(233,37,'Medium'),(233,42,'Medium'),(233,45,'Medium'),(233,48,'Medium'),(234,4,'Medium'),(234,6,'High'),(234,8,'Medium'),(234,9,'Unknown'),(234,15,'Low'),(234,17,'Medium'),(234,26,'High'),(234,33,'Medium'),(234,34,'Low'),(234,37,'Medium'),(234,42,'Low'),(235,3,'High'),(235,7,'Medium'),(235,8,'High'),(235,16,'Low'),(235,22,'Medium'),(235,24,'Medium'),(235,26,'Low'),(235,27,'Medium'),(235,29,'High'),(235,31,'Unknown'),(235,33,'Unknown'),(235,34,'Low'),(235,38,'Medium'),(235,44,'Low'),(235,49,'Medium'),(236,6,'High'),(236,8,'Unknown'),(236,10,'High'),(236,13,'High'),(236,19,'Low'),(236,21,'Unknown'),(236,26,'Low'),(236,31,'High'),(236,34,'High'),(236,45,'Low'),(236,49,'Low'),(237,6,'Unknown'),(237,9,'Low'),(237,10,'Unknown'),(237,11,'Low'),(237,12,'Unknown'),(237,19,'Low'),(237,22,'Medium'),(237,25,'Low'),(237,26,'Low'),(237,27,'Unknown'),(237,30,'Low'),(237,32,'Medium'),(237,35,'Medium'),(237,38,'Low'),(237,47,'Medium'),(238,3,'Low'),(238,7,'Medium'),(238,8,'Unknown'),(238,14,'High'),(238,18,'Low'),(238,19,'Medium'),(238,27,'Unknown'),(238,31,'Low'),(238,35,'Medium'),(238,40,'Low'),(238,44,'Low'),(238,46,'Medium'),(238,47,'High'),(238,48,'High'),(239,4,'Low'),(239,5,'Medium'),(239,9,'Medium'),(239,11,'Low'),(239,16,'Unknown'),(239,21,'Low'),(239,26,'Unknown'),(239,27,'High'),(239,32,'Low'),(239,44,'Low'),(239,48,'High'),(240,5,'Low'),(240,6,'High'),(240,7,'Low'),(240,8,'Unknown'),(240,9,'Medium'),(240,10,'Medium'),(240,13,'High'),(240,18,'Low'),(240,19,'Medium'),(240,21,'Medium'),(240,22,'Medium'),(240,30,'Medium'),(240,31,'Medium'),(240,32,'High'),(240,33,'Low'),(240,35,'Low'),(240,36,'Low'),(240,37,'Medium'),(241,4,'Medium'),(241,7,'Medium'),(241,8,'Low'),(241,13,'Unknown'),(241,16,'High'),(241,19,'Medium'),(241,21,'Medium'),(241,27,'High'),(241,33,'Medium'),(241,36,'Low'),(241,38,'Medium'),(241,42,'High'),(241,45,'Medium'),(241,47,'Medium'),(242,2,'Medium'),(242,7,'High'),(242,8,'Medium'),(242,11,'Unknown'),(242,17,'Unknown'),(242,19,'Medium'),(242,27,'Low'),(242,28,'Unknown'),(242,31,'High'),(242,38,'Medium'),(242,39,'Medium'),(242,41,'Medium'),(242,48,'Medium'),(242,50,'Medium'),(243,8,'Low'),(243,11,'High'),(243,16,'Unknown'),(243,19,'Low'),(243,21,'Medium'),(243,23,'Medium'),(243,24,'Unknown'),(243,26,'Low'),(243,34,'Medium'),(243,35,'High'),(243,37,'Unknown'),(243,41,'Medium'),(243,42,'Unknown'),(243,43,'Medium'),(244,4,'Low'),(244,5,'Low'),(244,8,'High'),(244,15,'High'),(244,16,'High'),(244,18,'Low'),(244,22,'Low'),(244,25,'Medium'),(244,30,'Medium'),(244,33,'Unknown'),(244,39,'Low'),(244,42,'Medium'),(244,43,'Low'),(244,44,'High'),(244,48,'Medium'),(244,49,'Medium'),(245,1,'Medium'),(245,3,'High'),(245,4,'High'),(245,10,'Medium'),(245,19,'Medium'),(245,23,'High'),(245,25,'High'),(245,26,'Low'),(245,30,'Low'),(245,31,'Medium'),(245,32,'Low'),(245,38,'Unknown'),(245,40,'Low'),(245,44,'Low'),(245,45,'Medium'),(245,48,'Low'),(246,8,'Low'),(246,9,'Low'),(246,10,'Medium'),(246,13,'Unknown'),(246,19,'Medium'),(246,20,'Medium'),(246,26,'Low'),(246,31,'Low'),(246,33,'Unknown'),(246,37,'Medium'),(246,38,'Medium'),(246,42,'Low'),(246,43,'Medium'),(247,2,'High'),(247,4,'Medium'),(247,6,'Medium'),(247,11,'Medium'),(247,14,'Medium'),(247,16,'Low'),(247,18,'Medium'),(247,22,'Low'),(247,31,'Medium'),(247,34,'Low'),(247,36,'Low'),(247,38,'Low'),(247,39,'Medium'),(247,41,'Unknown'),(248,2,'Unknown'),(248,3,'High'),(248,9,'Low'),(248,11,'Medium'),(248,19,'Unknown'),(248,23,'High'),(248,25,'Low'),(248,30,'Unknown'),(248,37,'Low'),(248,38,'Low'),(248,44,'Low'),(248,48,'High'),(248,50,'High'),(249,1,'Low'),(249,2,'Medium'),(249,5,'Unknown'),(249,8,'Low'),(249,11,'Low'),(249,12,'Medium'),(249,13,'Medium'),(249,14,'Unknown'),(249,15,'Medium'),(249,16,'Medium'),(249,17,'Medium'),(249,23,'Low'),(249,25,'High'),(249,26,'Medium'),(249,27,'Medium'),(249,32,'Unknown'),(249,34,'Medium'),(249,36,'Medium'),(249,42,'High'),(249,43,'Low'),(249,44,'Low'),(249,46,'High'),(249,49,'Low'),(250,1,'Medium'),(250,3,'Low'),(250,5,'High'),(250,6,'Unknown'),(250,7,'High'),(250,12,'Low'),(250,16,'Unknown'),(250,18,'Unknown'),(250,21,'Unknown'),(250,30,'Unknown'),(250,33,'Low'),(250,34,'High'),(250,36,'Low'),(250,46,'Low'),(250,48,'Unknown'),(250,50,'Medium'),(251,3,'Low'),(251,4,'Low'),(251,5,'High'),(251,14,'High'),(251,19,'High'),(251,22,'High'),(251,23,'Low'),(251,27,'Medium'),(251,30,'Medium'),(251,32,'Medium'),(251,40,'Unknown'),(251,42,'Medium'),(251,43,'Medium'),(251,44,'Medium'),(251,45,'Low'),(251,47,'High'),(252,2,'Medium'),(252,5,'Low'),(252,6,'High'),(252,13,'Low'),(252,23,'Unknown'),(252,26,'Low'),(252,27,'Low'),(252,30,'Medium'),(252,35,'Low'),(252,41,'Medium'),(252,43,'Unknown'),(252,45,'High'),(252,46,'High'),(252,49,'Low'),(252,50,'Low'),(253,3,'Medium'),(253,11,'Medium'),(253,13,'Medium'),(253,20,'Medium'),(253,21,'Medium'),(253,22,'Medium'),(253,33,'Low'),(253,35,'Unknown'),(253,37,'Low'),(253,40,'Low'),(253,41,'High'),(253,42,'Unknown'),(253,45,'Medium'),(253,50,'Medium'),(254,8,'Low'),(254,12,'High'),(254,13,'Medium'),(254,14,'Low'),(254,17,'Unknown'),(254,21,'Medium'),(254,22,'Low'),(254,25,'Medium'),(254,29,'High'),(254,30,'High'),(254,33,'Low'),(254,36,'Low'),(254,40,'Low'),(254,44,'Medium'),(255,2,'Medium'),(255,6,'Low'),(255,9,'Medium'),(255,11,'Unknown'),(255,12,'Unknown'),(255,14,'High'),(255,17,'Medium'),(255,18,'Medium'),(255,19,'Unknown'),(255,21,'Low'),(255,22,'Medium'),(255,26,'Low'),(255,28,'Low'),(255,31,'High'),(255,32,'Medium'),(255,33,'Low'),(255,34,'Medium'),(255,39,'Medium'),(255,41,'Low'),(255,45,'Medium'),(255,46,'Medium'),(255,47,'Medium'),(255,50,'Low'),(256,1,'Medium'),(256,8,'Unknown'),(256,9,'Unknown'),(256,16,'Low'),(256,17,'Low'),(256,21,'Medium'),(256,23,'Medium'),(256,26,'Unknown'),(256,27,'Unknown'),(256,31,'Medium'),(256,34,'Medium'),(256,37,'Unknown'),(256,40,'Low'),(256,41,'Low'),(257,1,'Medium'),(257,2,'Low'),(257,6,'Unknown'),(257,9,'Medium'),(257,14,'Low'),(257,16,'Medium'),(257,19,'Medium'),(257,21,'High'),(257,23,'Medium'),(257,25,'Low'),(257,27,'Medium'),(257,31,'Medium'),(257,36,'Medium'),(257,37,'Low'),(257,42,'Unknown'),(257,43,'Unknown'),(257,47,'Medium'),(257,50,'High'),(258,5,'Low'),(258,9,'Low'),(258,10,'Medium'),(258,12,'Low'),(258,19,'Unknown'),(258,23,'Unknown'),(258,25,'Medium'),(258,27,'Low'),(258,32,'Medium'),(258,37,'Unknown'),(258,40,'Low'),(258,42,'Medium'),(258,45,'High'),(258,47,'Low'),(258,50,'High'),(259,1,'Medium'),(259,3,'Unknown'),(259,8,'Low'),(259,9,'Low'),(259,12,'Medium'),(259,13,'Medium'),(259,14,'Medium'),(259,18,'High'),(259,20,'Medium'),(259,22,'High'),(259,23,'Medium'),(259,29,'Medium'),(259,32,'Medium'),(259,33,'Low'),(259,36,'Medium'),(259,42,'Unknown'),(259,46,'High'),(260,3,'Unknown'),(260,5,'Medium'),(260,7,'Medium'),(260,8,'Low'),(260,16,'Low'),(260,23,'Medium'),(260,24,'Unknown'),(260,29,'Medium'),(260,30,'Medium'),(260,31,'Medium'),(260,33,'High'),(260,35,'Unknown'),(260,41,'Medium'),(260,44,'Low'),(261,2,'Medium'),(261,9,'High'),(261,11,'Unknown'),(261,13,'Unknown'),(261,25,'Low'),(261,28,'Unknown'),(261,29,'Medium'),(261,31,'High'),(261,32,'Unknown'),(261,33,'Low'),(261,42,'Unknown'),(262,4,'Unknown'),(262,5,'Medium'),(262,8,'Medium'),(262,17,'Medium'),(262,18,'Medium'),(262,19,'Medium'),(262,24,'Unknown'),(262,32,'Low'),(262,35,'Low'),(262,43,'Medium'),(262,47,'Medium'),(262,50,'Medium'),(263,10,'High'),(263,13,'Unknown'),(263,22,'Low'),(263,26,'High'),(263,33,'Medium'),(263,34,'High'),(263,35,'Medium'),(263,36,'Low'),(263,37,'Low'),(263,40,'Medium'),(263,41,'Medium'),(263,44,'Medium'),(263,46,'Unknown'),(264,1,'Medium'),(264,2,'Medium'),(264,3,'Medium'),(264,7,'Medium'),(264,11,'Low'),(264,15,'Low'),(264,17,'Medium'),(264,19,'Medium'),(264,20,'Medium'),(264,21,'Low'),(264,23,'High'),(264,25,'Low'),(264,26,'Low'),(264,35,'Unknown'),(264,37,'Medium'),(264,41,'Medium'),(264,43,'Medium'),(264,46,'Medium'),(264,48,'Low'),(264,50,'Medium'),(265,2,'Low'),(265,6,'Medium'),(265,7,'Medium'),(265,12,'Unknown'),(265,15,'Medium'),(265,20,'Medium'),(265,29,'Medium'),(265,33,'Low'),(265,41,'Medium'),(265,42,'High'),(265,43,'Low'),(265,44,'Medium'),(265,47,'High'),(265,48,'Low'),(265,49,'Unknown'),(265,50,'Medium'),(266,3,'Low'),(266,7,'Low'),(266,8,'Unknown'),(266,16,'Unknown'),(266,18,'Unknown'),(266,19,'Medium'),(266,24,'Low'),(266,25,'Medium'),(266,31,'High'),(266,36,'Unknown'),(266,37,'Medium'),(266,38,'Unknown'),(266,46,'Low'),(266,47,'Medium'),(267,2,'Low'),(267,5,'Low'),(267,7,'Low'),(267,9,'Medium'),(267,10,'High'),(267,14,'Low'),(267,18,'High'),(267,19,'High'),(267,20,'Unknown'),(267,26,'Unknown'),(267,28,'Unknown'),(267,32,'Low'),(267,33,'Low'),(267,37,'Medium'),(267,46,'Unknown'),(267,47,'High'),(267,49,'High'),(268,1,'Medium'),(268,6,'Low'),(268,9,'Unknown'),(268,16,'High'),(268,18,'Low'),(268,20,'Medium'),(268,21,'High'),(268,22,'Low'),(268,36,'High'),(268,38,'High'),(268,45,'Medium'),(268,47,'Low'),(269,1,'Low'),(269,9,'Unknown'),(269,14,'High'),(269,15,'Low'),(269,18,'Medium'),(269,21,'Medium'),(269,32,'Medium'),(269,34,'High'),(269,39,'Medium'),(269,47,'Unknown'),(269,49,'Medium'),(269,50,'Unknown'),(270,4,'Unknown'),(270,11,'Low'),(270,19,'High'),(270,20,'Low'),(270,21,'High'),(270,28,'High'),(270,30,'Medium'),(270,35,'Medium'),(270,42,'Medium'),(270,44,'Unknown'),(270,49,'Low'),(271,2,'Medium'),(271,6,'Low'),(271,9,'High'),(271,10,'Unknown'),(271,18,'Low'),(271,20,'Medium'),(271,21,'Medium'),(271,28,'High'),(271,29,'Low'),(271,33,'Unknown'),(271,35,'Unknown'),(271,40,'Medium'),(271,41,'Medium'),(271,45,'Unknown'),(271,46,'Unknown'),(271,47,'Medium'),(272,4,'Medium'),(272,5,'Medium'),(272,17,'Low'),(272,19,'Unknown'),(272,22,'Medium'),(272,25,'High'),(272,29,'High'),(272,31,'Medium'),(272,35,'Low'),(272,37,'Low'),(272,39,'Unknown'),(272,45,'High'),(273,1,'Low'),(273,4,'Medium'),(273,10,'High'),(273,12,'Medium'),(273,13,'High'),(273,14,'Medium'),(273,15,'High'),(273,17,'Low'),(273,18,'Medium'),(273,20,'Medium'),(273,23,'Medium'),(273,26,'Medium'),(273,32,'Unknown'),(273,33,'Low'),(273,36,'Low'),(273,39,'Medium'),(273,41,'Medium'),(273,42,'Medium'),(273,50,'Low'),(274,1,'Unknown'),(274,4,'Medium'),(274,6,'Low'),(274,11,'Low'),(274,18,'Low'),(274,26,'Medium'),(274,30,'Low'),(274,31,'Medium'),(274,36,'Unknown'),(274,39,'High'),(274,41,'Medium'),(274,42,'Unknown'),(274,44,'Low'),(274,45,'Low'),(274,47,'Medium'),(274,48,'Low'),(275,1,'Medium'),(275,2,'Low'),(275,8,'Unknown'),(275,9,'Low'),(275,13,'Low'),(275,20,'Low'),(275,24,'Low'),(275,25,'Medium'),(275,27,'Medium'),(275,30,'Low'),(275,36,'Low'),(275,40,'Medium'),(275,42,'Unknown'),(275,43,'Unknown'),(275,45,'Unknown'),(275,47,'Unknown'),(275,49,'Medium'),(275,50,'Medium'),(276,3,'Low'),(276,4,'Medium'),(276,7,'Low'),(276,8,'Low'),(276,13,'Low'),(276,14,'Medium'),(276,15,'Low'),(276,18,'Medium'),(276,23,'Unknown'),(276,25,'Low'),(276,26,'Low'),(276,27,'Low'),(276,30,'Unknown'),(276,33,'Unknown'),(276,42,'Medium'),(276,44,'Medium'),(276,46,'High'),(276,49,'Low'),(277,1,'Low'),(277,20,'Unknown'),(277,22,'Unknown'),(277,24,'Low'),(277,25,'Low'),(277,27,'Unknown'),(277,29,'Unknown'),(277,32,'Medium'),(277,33,'Low'),(277,34,'Unknown'),(277,36,'Low'),(277,38,'Medium'),(277,40,'Medium'),(277,41,'Low'),(277,45,'Unknown'),(277,46,'Low'),(277,48,'High'),(277,49,'Medium'),(278,4,'Medium'),(278,7,'High'),(278,12,'Medium'),(278,13,'Low'),(278,15,'Low'),(278,16,'High'),(278,19,'High'),(278,24,'Low'),(278,26,'Medium'),(278,27,'Unknown'),(278,28,'High'),(278,32,'Low'),(278,36,'Medium'),(278,37,'Low'),(278,39,'Medium'),(278,44,'Medium'),(278,47,'Medium'),(279,3,'Medium'),(279,11,'Low'),(279,12,'Medium'),(279,13,'Low'),(279,16,'Low'),(279,23,'Low'),(279,27,'High'),(279,31,'Medium'),(279,35,'Medium'),(280,3,'Medium'),(280,5,'Medium'),(280,11,'Medium'),(280,15,'High'),(280,16,'Low'),(280,25,'Medium'),(280,26,'Low'),(280,37,'Medium'),(280,38,'Low'),(280,39,'High'),(280,40,'Low'),(280,41,'Low'),(280,45,'Low'),(280,48,'Unknown'),(281,2,'Low'),(281,10,'Unknown'),(281,12,'Unknown'),(281,15,'Medium'),(281,17,'Medium'),(281,18,'Low'),(281,20,'Medium'),(281,21,'High'),(281,23,'Medium'),(281,24,'Unknown'),(281,25,'Low'),(281,28,'Low'),(281,29,'Low'),(281,30,'Unknown'),(281,32,'Unknown'),(281,39,'High'),(281,42,'Low'),(281,47,'Medium'),(281,50,'Low'),(282,1,'Unknown'),(282,2,'Medium'),(282,5,'Unknown'),(282,8,'Medium'),(282,9,'Medium'),(282,11,'High'),(282,16,'Medium'),(282,17,'Medium'),(282,20,'Unknown'),(282,24,'Unknown'),(282,25,'Medium'),(282,27,'Low'),(282,30,'Medium'),(282,32,'Medium'),(282,33,'Low'),(282,35,'Low'),(282,36,'Medium'),(282,45,'High'),(282,47,'Low'),(282,49,'Medium'),(283,1,'Low'),(283,2,'High'),(283,3,'High'),(283,7,'Low'),(283,9,'Low'),(283,11,'Medium'),(283,12,'High'),(283,13,'Low'),(283,15,'Unknown'),(283,22,'High'),(283,23,'High'),(283,35,'Medium'),(283,37,'Unknown'),(283,38,'Unknown'),(283,41,'Medium'),(283,47,'Low'),(284,1,'Medium'),(284,2,'Medium'),(284,9,'Low'),(284,14,'Medium'),(284,15,'Low'),(284,16,'Low'),(284,17,'Low'),(284,22,'Low'),(284,23,'High'),(284,29,'Low'),(284,33,'Medium'),(284,40,'Medium'),(284,45,'Low'),(284,48,'Medium'),(285,2,'Low'),(285,4,'Low'),(285,7,'Unknown'),(285,9,'Low'),(285,12,'Medium'),(285,16,'Medium'),(285,34,'Unknown'),(285,41,'Low'),(285,47,'High'),(285,48,'Low'),(286,1,'Low'),(286,2,'Medium'),(286,9,'Low'),(286,12,'High'),(286,15,'Low'),(286,16,'Unknown'),(286,17,'Low'),(286,18,'Low'),(286,19,'Low'),(286,20,'Unknown'),(286,21,'Medium'),(286,29,'Low'),(286,30,'Medium'),(286,38,'Low'),(286,39,'Low'),(286,40,'Unknown'),(286,45,'Low'),(286,47,'Medium'),(287,3,'Unknown'),(287,4,'Low'),(287,5,'Medium'),(287,9,'Low'),(287,10,'High'),(287,12,'High'),(287,19,'Medium'),(287,23,'High'),(287,26,'Medium'),(287,32,'Low'),(287,37,'Unknown'),(287,38,'Unknown'),(287,40,'Unknown'),(287,42,'Medium'),(287,44,'Medium'),(287,46,'High'),(287,48,'Low'),(287,49,'Low'),(288,1,'Medium'),(288,2,'Low'),(288,3,'Unknown'),(288,11,'Unknown'),(288,18,'High'),(288,19,'Medium'),(288,27,'Low'),(288,29,'Low'),(288,35,'Medium'),(288,46,'Unknown'),(288,49,'High'),(289,4,'High'),(289,6,'Medium'),(289,9,'Unknown'),(289,10,'High'),(289,20,'Unknown'),(289,22,'Low'),(289,24,'Medium'),(289,25,'Medium'),(289,26,'Low'),(289,30,'High'),(289,31,'Unknown'),(289,40,'Medium'),(289,43,'Unknown'),(290,1,'Medium'),(290,2,'Medium'),(290,4,'Medium'),(290,6,'Low'),(290,8,'High'),(290,18,'High'),(290,22,'Unknown'),(290,23,'High'),(290,26,'High'),(290,28,'High'),(290,35,'Medium'),(290,38,'Low'),(290,40,'Medium'),(290,43,'Medium'),(290,49,'Unknown'),(290,50,'Low'),(291,1,'Low'),(291,3,'Low'),(291,5,'Unknown'),(291,14,'Medium'),(291,16,'Unknown'),(291,17,'Medium'),(291,18,'Unknown'),(291,24,'Medium'),(291,25,'Low'),(291,28,'Medium'),(291,32,'Medium'),(291,35,'Low'),(291,37,'Medium'),(291,39,'Medium'),(291,44,'Unknown'),(291,48,'Low'),(291,50,'High'),(292,3,'Unknown'),(292,6,'Medium'),(292,7,'High'),(292,8,'Low'),(292,11,'High'),(292,17,'Medium'),(292,19,'Low'),(292,33,'Low'),(292,37,'High'),(293,6,'Medium'),(293,12,'Low'),(293,15,'Unknown'),(293,19,'Medium'),(293,22,'Medium'),(293,30,'Medium'),(293,34,'Medium'),(293,35,'High'),(293,36,'High'),(293,37,'Low'),(293,38,'Medium'),(293,39,'Medium'),(293,41,'Medium'),(293,44,'Unknown'),(293,46,'Low'),(293,48,'Unknown'),(294,4,'Low'),(294,5,'Low'),(294,27,'Medium'),(294,28,'Medium'),(294,30,'High'),(294,35,'High'),(294,38,'Medium'),(294,40,'Unknown'),(294,42,'Low'),(295,1,'Medium'),(295,4,'Low'),(295,7,'Low'),(295,15,'Low'),(295,16,'High'),(295,17,'Medium'),(295,19,'Medium'),(295,20,'Medium'),(295,23,'Low'),(295,26,'Medium'),(295,27,'Low'),(295,35,'Unknown'),(295,39,'High'),(295,40,'Low'),(295,41,'Unknown'),(295,50,'Medium'),(296,3,'Medium'),(296,4,'Medium'),(296,5,'Unknown'),(296,7,'Low'),(296,14,'High'),(296,15,'High'),(296,20,'Medium'),(296,22,'High'),(296,33,'Low'),(296,41,'Unknown'),(296,43,'Medium'),(296,45,'Low'),(296,47,'Low'),(296,49,'High'),(297,3,'Medium'),(297,5,'Medium'),(297,7,'Low'),(297,9,'Unknown'),(297,11,'High'),(297,18,'Low'),(297,21,'Low'),(297,23,'Low'),(297,25,'Low'),(297,27,'Low'),(297,35,'Medium'),(297,47,'Unknown'),(297,48,'Unknown'),(298,4,'Unknown'),(298,5,'Unknown'),(298,6,'Low'),(298,12,'Low'),(298,13,'Medium'),(298,15,'Low'),(298,22,'Medium'),(298,23,'Low'),(298,24,'Medium'),(298,26,'Medium'),(298,30,'Medium'),(298,37,'Medium'),(298,38,'Medium'),(298,39,'Medium'),(298,44,'Unknown'),(298,47,'Low'),(298,49,'Medium'),(299,2,'High'),(299,3,'Low'),(299,6,'Medium'),(299,10,'Medium'),(299,14,'Medium'),(299,15,'Unknown'),(299,19,'High'),(299,31,'Medium'),(299,32,'Low'),(299,33,'High'),(299,35,'High'),(299,36,'Medium'),(299,45,'Medium'),(299,47,'High'),(300,1,'Unknown'),(300,3,'High'),(300,6,'Medium'),(300,9,'Low'),(300,15,'High'),(300,17,'Unknown'),(300,18,'Low'),(300,24,'Medium'),(300,28,'Medium'),(300,29,'Medium'),(300,36,'Low'),(300,38,'Medium'),(300,44,'High'),(300,45,'Unknown'),(300,50,'Low'),(301,3,'Medium'),(301,4,'Unknown'),(301,5,'Medium'),(301,7,'Low'),(301,11,'Low'),(301,12,'Unknown'),(301,15,'Medium'),(301,20,'Medium'),(301,34,'Medium'),(301,37,'Unknown'),(301,40,'Low'),(301,47,'Medium'),(302,1,'Medium'),(302,2,'Unknown'),(302,10,'Low'),(302,11,'High'),(302,15,'Low'),(302,17,'High'),(302,19,'Medium'),(302,21,'Medium'),(302,24,'High'),(302,31,'Unknown'),(302,36,'Unknown'),(302,42,'Low'),(302,43,'Low'),(302,48,'Unknown'),(302,49,'Medium'),(302,50,'High'),(303,3,'Medium'),(303,4,'Low'),(303,6,'Medium'),(303,7,'Medium'),(303,8,'Low'),(303,16,'Unknown'),(303,19,'Low'),(303,20,'Low'),(303,29,'High'),(303,34,'Medium'),(303,36,'High'),(303,40,'Medium'),(303,42,'High'),(303,45,'Medium'),(303,49,'Unknown'),(304,3,'Low'),(304,8,'Low'),(304,11,'Low'),(304,16,'Low'),(304,22,'Unknown'),(304,30,'High'),(304,37,'Medium'),(304,41,'Medium'),(304,42,'Medium'),(304,45,'Unknown'),(304,48,'Medium'),(305,3,'Medium'),(305,7,'Medium'),(305,11,'Medium'),(305,20,'High'),(305,24,'Low'),(305,26,'Medium'),(305,27,'High'),(305,28,'Medium'),(305,29,'Unknown'),(305,31,'Medium'),(305,36,'Medium'),(305,37,'Medium'),(305,38,'Medium'),(305,44,'Medium'),(305,46,'Medium'),(305,50,'Low'),(306,4,'Unknown'),(306,13,'Low'),(306,20,'Medium'),(306,23,'Low'),(306,33,'High'),(306,41,'Medium'),(306,44,'Unknown'),(306,48,'Low'),(306,49,'Medium'),(307,2,'Medium'),(307,3,'Unknown'),(307,5,'Medium'),(307,7,'Medium'),(307,12,'Unknown'),(307,14,'Low'),(307,17,'Low'),(307,18,'High'),(307,23,'Unknown'),(307,27,'Medium'),(307,28,'High'),(307,32,'Low'),(307,33,'Unknown'),(307,34,'High'),(307,37,'Medium'),(307,38,'Low'),(307,45,'Medium'),(307,47,'Medium'),(307,50,'Medium'),(308,8,'Low'),(308,12,'High'),(308,16,'Medium'),(308,18,'Unknown'),(308,19,'Low'),(308,20,'Medium'),(308,26,'High'),(308,28,'High'),(308,30,'Medium'),(308,31,'Low'),(308,32,'Low'),(308,37,'Medium'),(308,45,'Unknown'),(308,46,'Low'),(308,48,'Unknown'),(309,12,'Low'),(309,18,'Unknown'),(309,19,'Medium'),(309,21,'Low'),(309,25,'Unknown'),(309,31,'Unknown'),(309,34,'High'),(309,44,'High'),(309,46,'Medium'),(309,48,'Low'),(310,3,'Medium'),(310,4,'Medium'),(310,6,'Unknown'),(310,7,'Unknown'),(310,8,'Unknown'),(310,9,'Low'),(310,10,'Low'),(310,11,'Medium'),(310,16,'Medium'),(310,20,'Medium'),(310,29,'Low'),(310,31,'High'),(310,33,'Unknown'),(310,40,'Medium'),(310,43,'High'),(310,44,'Low'),(310,46,'Low'),(310,50,'Low'),(311,3,'Unknown'),(311,7,'Low'),(311,8,'Low'),(311,9,'High'),(311,10,'Medium'),(311,15,'Low'),(311,20,'Low'),(311,21,'Medium'),(311,26,'Medium'),(311,32,'Medium'),(311,34,'High'),(311,39,'High'),(311,45,'High'),(311,48,'Low'),(312,1,'Medium'),(312,2,'Low'),(312,3,'Low'),(312,4,'Medium'),(312,14,'Medium'),(312,21,'Low'),(312,22,'Unknown'),(312,23,'Unknown'),(312,25,'High'),(312,28,'Unknown'),(312,30,'Unknown'),(312,33,'Low'),(312,34,'Unknown'),(312,36,'Unknown'),(312,38,'Unknown'),(312,40,'Low'),(312,41,'Low'),(312,43,'Low'),(312,49,'Medium'),(313,3,'Low'),(313,5,'Medium'),(313,10,'Medium'),(313,11,'Medium'),(313,15,'Unknown'),(313,22,'High'),(313,25,'Unknown'),(313,26,'High'),(313,31,'Medium'),(313,32,'Low'),(313,34,'Medium'),(313,36,'Unknown'),(313,39,'High'),(313,49,'High'),(313,50,'Medium'),(314,2,'High'),(314,8,'High'),(314,12,'High'),(314,13,'Low'),(314,20,'High'),(314,22,'Medium'),(314,28,'Low'),(314,37,'Medium'),(314,39,'High'),(314,41,'Low'),(314,42,'Low'),(314,43,'Low'),(314,44,'Medium'),(315,1,'Unknown'),(315,4,'Medium'),(315,6,'High'),(315,16,'High'),(315,27,'Medium'),(315,29,'Low'),(315,31,'Unknown'),(315,33,'Unknown'),(315,35,'Medium'),(315,40,'Unknown'),(315,41,'Unknown'),(316,3,'Low'),(316,8,'Unknown'),(316,9,'High'),(316,12,'Low'),(316,13,'High'),(316,17,'Unknown'),(316,22,'Low'),(316,24,'Medium'),(316,28,'Low'),(316,33,'Low'),(316,35,'Low'),(316,36,'Unknown'),(316,39,'Medium'),(316,42,'Unknown'),(316,45,'Low'),(316,48,'Low'),(317,8,'Low'),(317,10,'Unknown'),(317,12,'Unknown'),(317,13,'Unknown'),(317,15,'High'),(317,21,'High'),(317,22,'High'),(317,24,'Unknown'),(317,25,'Medium'),(317,26,'High'),(317,30,'High'),(317,34,'Unknown'),(317,35,'Low'),(317,38,'High'),(317,42,'Medium'),(317,44,'High'),(317,45,'Low'),(317,47,'Low'),(317,48,'Unknown'),(318,2,'Medium'),(318,3,'Medium'),(318,6,'High'),(318,9,'Medium'),(318,10,'High'),(318,11,'Unknown'),(318,12,'Unknown'),(318,14,'Medium'),(318,16,'Unknown'),(318,17,'Low'),(318,18,'Medium'),(318,21,'Low'),(318,27,'High'),(318,30,'High'),(318,33,'High'),(318,43,'High'),(318,49,'Medium'),(319,2,'Low'),(319,3,'Medium'),(319,5,'Low'),(319,7,'Medium'),(319,8,'High'),(319,9,'Low'),(319,18,'Unknown'),(319,19,'Medium'),(319,20,'Unknown'),(319,22,'Low'),(319,24,'Unknown'),(319,27,'Medium'),(319,28,'High'),(319,31,'Low'),(319,37,'Medium'),(319,43,'High'),(319,45,'Low'),(319,46,'Low'),(319,49,'Unknown'),(319,50,'Unknown'),(320,1,'Low'),(320,2,'High'),(320,6,'Unknown'),(320,8,'High'),(320,11,'Low'),(320,13,'Medium'),(320,17,'Unknown'),(320,18,'High'),(320,19,'Low'),(320,22,'High'),(320,23,'Unknown'),(320,26,'Low'),(320,34,'Medium'),(320,35,'Low'),(320,38,'Medium'),(321,3,'Low'),(321,8,'Medium'),(321,11,'Low'),(321,15,'Unknown'),(321,20,'Medium'),(321,22,'Low'),(321,23,'Unknown'),(321,30,'Medium'),(321,32,'Medium'),(321,33,'Medium'),(321,38,'Medium'),(321,39,'Unknown'),(321,45,'Medium'),(322,2,'Low'),(322,8,'Low'),(322,9,'Low'),(322,10,'Medium'),(322,12,'Medium'),(322,13,'Unknown'),(322,22,'Low'),(322,23,'Medium'),(322,29,'High'),(322,36,'Low'),(322,39,'Unknown'),(322,44,'High'),(322,45,'Low'),(323,1,'Medium'),(323,2,'Low'),(323,4,'Unknown'),(323,9,'Low'),(323,11,'Medium'),(323,14,'Low'),(323,17,'Medium'),(323,19,'Unknown'),(323,20,'Medium'),(323,21,'Medium'),(323,22,'Unknown'),(323,29,'Unknown'),(323,31,'High'),(323,32,'Low'),(323,34,'Low'),(323,40,'High'),(323,42,'Unknown'),(323,48,'High'),(324,4,'Medium'),(324,5,'High'),(324,7,'Low'),(324,8,'High'),(324,9,'Medium'),(324,12,'High'),(324,14,'Medium'),(324,16,'Low'),(324,21,'Low'),(324,27,'Medium'),(324,29,'Medium'),(324,30,'Unknown'),(324,32,'High'),(324,33,'Unknown'),(324,36,'Medium'),(324,40,'Medium'),(324,48,'High'),(324,50,'Medium'),(325,1,'Unknown'),(325,2,'Medium'),(325,8,'Low'),(325,12,'Unknown'),(325,21,'Unknown'),(325,22,'Medium'),(325,26,'Unknown'),(325,29,'High'),(325,31,'Unknown'),(325,34,'Medium'),(325,40,'Low'),(325,44,'Low'),(326,10,'Unknown'),(326,13,'Medium'),(326,14,'Medium'),(326,25,'Low'),(326,26,'Unknown'),(326,33,'High'),(326,34,'Low'),(326,35,'Low'),(326,37,'Medium'),(326,38,'Medium'),(326,39,'Medium'),(326,47,'High'),(326,49,'Low'),(326,50,'Low'),(327,2,'Unknown'),(327,8,'Low'),(327,16,'Medium'),(327,19,'Medium'),(327,21,'Low'),(327,24,'Medium'),(327,25,'Medium'),(327,28,'Unknown'),(327,30,'Low'),(327,32,'Low'),(327,36,'High'),(327,42,'Medium'),(327,43,'Low'),(327,44,'Unknown'),(327,45,'Low'),(327,46,'Medium'),(328,4,'Unknown'),(328,5,'Unknown'),(328,7,'Medium'),(328,10,'Unknown'),(328,11,'Low'),(328,12,'Unknown'),(328,17,'High'),(328,20,'High'),(328,22,'Medium'),(328,29,'Low'),(328,31,'Low'),(328,32,'Unknown'),(328,34,'High'),(328,36,'High'),(328,37,'Medium'),(328,41,'Medium'),(328,43,'Low'),(328,46,'High'),(328,49,'Medium'),(329,2,'Low'),(329,3,'Medium'),(329,5,'Low'),(329,9,'Medium'),(329,14,'Medium'),(329,18,'Low'),(329,26,'Low'),(329,31,'Medium'),(329,32,'Unknown'),(329,34,'Medium'),(329,35,'Medium'),(329,36,'Low'),(329,39,'High'),(329,41,'Unknown'),(329,45,'Medium'),(330,1,'High'),(330,12,'Unknown'),(330,17,'Low'),(330,20,'Low'),(330,21,'Medium'),(330,22,'Medium'),(330,28,'High'),(330,29,'Low'),(330,31,'Medium'),(330,34,'Medium'),(330,37,'Low'),(330,39,'Medium'),(330,42,'Medium'),(330,46,'Medium'),(330,47,'Unknown'),(330,48,'Medium'),(330,49,'Medium'),(331,1,'High'),(331,2,'Medium'),(331,3,'High'),(331,9,'Medium'),(331,15,'Unknown'),(331,17,'Low'),(331,19,'Medium'),(331,20,'High'),(331,28,'Low'),(331,29,'Unknown'),(331,30,'High'),(331,31,'Low'),(331,36,'Unknown'),(331,48,'Unknown'),(332,1,'High'),(332,6,'Low'),(332,8,'Low'),(332,10,'Low'),(332,16,'High'),(332,27,'High'),(332,28,'Medium'),(332,31,'Low'),(332,33,'Low'),(332,37,'Low'),(332,39,'Medium'),(332,42,'Medium'),(332,45,'Low'),(332,49,'Low'),(332,50,'Low'),(333,1,'Low'),(333,2,'High'),(333,3,'Low'),(333,6,'Low'),(333,11,'Low'),(333,22,'Medium'),(333,23,'Medium'),(333,25,'Unknown'),(333,27,'High'),(333,29,'High'),(333,30,'Low'),(333,33,'Medium'),(333,37,'High'),(333,43,'Low'),(333,45,'Low'),(333,48,'Medium'),(334,2,'Unknown'),(334,11,'Unknown'),(334,16,'Low'),(334,17,'Medium'),(334,18,'Unknown'),(334,26,'Medium'),(334,30,'Medium'),(334,31,'Low'),(334,32,'Medium'),(334,35,'High'),(334,37,'Unknown'),(334,39,'Medium'),(335,3,'Low'),(335,13,'High'),(335,19,'Medium'),(335,21,'Unknown'),(335,27,'Low'),(335,29,'Low'),(335,30,'Medium'),(335,31,'Medium'),(335,32,'High'),(335,34,'Medium'),(335,41,'Medium'),(335,42,'Low'),(335,47,'High'),(335,49,'High'),(336,1,'Medium'),(336,5,'Low'),(336,6,'Medium'),(336,12,'Low'),(336,15,'High'),(336,17,'Medium'),(336,23,'Low'),(336,24,'Low'),(336,26,'Medium'),(336,33,'Low'),(336,34,'Unknown'),(336,39,'Low'),(336,40,'Low'),(336,41,'Medium'),(336,47,'Unknown'),(336,48,'Low'),(337,2,'Medium'),(337,6,'Medium'),(337,8,'Low'),(337,9,'Low'),(337,13,'High'),(337,14,'Unknown'),(337,17,'High'),(337,23,'Medium'),(337,26,'Low'),(337,33,'High'),(337,39,'Low'),(337,40,'High'),(337,43,'Low'),(337,48,'High'),(338,5,'Medium'),(338,7,'Low'),(338,9,'Medium'),(338,11,'Unknown'),(338,13,'Low'),(338,20,'Medium'),(338,21,'Low'),(338,26,'Low'),(338,30,'Low'),(338,32,'Low'),(338,34,'Low'),(338,37,'Low'),(338,44,'Low'),(339,1,'Medium'),(339,7,'Medium'),(339,9,'Low'),(339,13,'Unknown'),(339,15,'Low'),(339,21,'Low'),(339,22,'Unknown'),(339,28,'High'),(339,34,'Low'),(339,36,'High'),(339,37,'Medium'),(339,41,'Unknown'),(339,42,'Low'),(339,44,'Medium'),(339,45,'Low'),(339,49,'Medium'),(340,7,'Low'),(340,10,'Medium'),(340,12,'Medium'),(340,13,'High'),(340,15,'High'),(340,16,'Low'),(340,22,'Unknown'),(340,24,'Medium'),(340,25,'Medium'),(340,29,'Low'),(340,33,'Medium'),(340,38,'High'),(340,39,'Low'),(340,45,'Low'),(340,47,'Unknown'),(340,49,'Low'),(340,50,'Medium'),(341,2,'Low'),(341,11,'Unknown'),(341,12,'Unknown'),(341,27,'Unknown'),(341,28,'Medium'),(341,30,'High'),(341,36,'Low'),(341,43,'Low'),(341,50,'Low'),(342,2,'Low'),(342,10,'Medium'),(342,11,'High'),(342,14,'Medium'),(342,17,'High'),(342,19,'Low'),(342,21,'Medium'),(342,24,'Low'),(342,28,'High'),(342,30,'High'),(342,36,'Low'),(342,38,'High'),(342,40,'High'),(342,42,'Medium'),(342,43,'High'),(342,44,'Unknown'),(342,47,'Low'),(343,8,'High'),(343,9,'Medium'),(343,11,'Low'),(343,12,'Medium'),(343,16,'Low'),(343,24,'Medium'),(343,27,'Medium'),(343,30,'Low'),(343,32,'Medium'),(343,34,'Medium'),(343,41,'Medium'),(343,43,'Medium'),(343,44,'Low'),(344,1,'Low'),(344,3,'High'),(344,4,'Medium'),(344,5,'Low'),(344,6,'High'),(344,10,'Low'),(344,11,'Medium'),(344,16,'Low'),(344,18,'Medium'),(344,20,'Medium'),(344,31,'Medium'),(344,36,'Medium'),(344,38,'Low'),(344,39,'Unknown'),(344,45,'Unknown'),(344,47,'Low'),(345,1,'High'),(345,3,'Low'),(345,5,'Unknown'),(345,7,'Low'),(345,8,'Unknown'),(345,13,'Unknown'),(345,19,'Medium'),(345,20,'Medium'),(345,21,'High'),(345,26,'Medium'),(345,36,'High'),(345,39,'High'),(345,42,'Low'),(345,45,'Low'),(345,49,'Low'),(346,1,'Unknown'),(346,2,'Unknown'),(346,10,'Medium'),(346,21,'Unknown'),(346,23,'Low'),(346,26,'Medium'),(346,29,'Low'),(346,30,'Unknown'),(346,31,'Medium'),(346,35,'Low'),(346,44,'Medium'),(346,47,'Medium'),(346,48,'Medium'),(347,1,'Low'),(347,3,'Medium'),(347,4,'Medium'),(347,13,'Low'),(347,16,'Low'),(347,18,'Medium'),(347,20,'Medium'),(347,24,'High'),(347,29,'Medium'),(347,30,'High'),(347,32,'Medium'),(347,35,'Low'),(347,39,'Medium'),(347,40,'Low'),(347,46,'High'),(347,48,'Low'),(348,2,'Low'),(348,4,'Unknown'),(348,7,'Medium'),(348,11,'Medium'),(348,20,'Medium'),(348,23,'Medium'),(348,29,'Medium'),(348,31,'High'),(348,34,'Low'),(348,36,'High'),(348,37,'High'),(348,38,'Low'),(348,39,'Medium'),(348,40,'Unknown'),(348,42,'Low'),(348,43,'Low'),(348,45,'Medium'),(348,48,'Medium'),(349,1,'Medium'),(349,2,'Medium'),(349,5,'Medium'),(349,6,'Low'),(349,8,'Unknown'),(349,9,'Medium'),(349,10,'Medium'),(349,15,'Medium'),(349,19,'Medium'),(349,24,'Low'),(349,27,'Low'),(349,29,'Low'),(349,31,'Medium'),(349,32,'High'),(349,35,'Medium'),(349,40,'Medium'),(349,43,'Low'),(349,46,'Medium'),(349,49,'Low'),(350,5,'Medium'),(350,10,'Medium'),(350,11,'Low'),(350,14,'Low'),(350,18,'Low'),(350,20,'Low'),(350,21,'Medium'),(350,23,'Medium'),(350,26,'Medium'),(350,27,'Medium'),(350,28,'High'),(350,31,'Unknown'),(350,32,'Low'),(350,39,'Low'),(350,40,'Unknown'),(350,41,'High'),(350,43,'High'),(350,49,'Medium'),(351,1,'Medium'),(351,3,'Medium'),(351,9,'Low'),(351,11,'Low'),(351,15,'High'),(351,22,'Low'),(351,27,'Unknown'),(351,28,'Unknown'),(351,31,'Unknown'),(351,32,'Low'),(351,35,'Low'),(351,39,'Unknown'),(351,49,'Medium'),(351,50,'Low'),(352,2,'Medium'),(352,4,'Unknown'),(352,5,'Medium'),(352,8,'Medium'),(352,13,'Low'),(352,14,'Low'),(352,15,'Low'),(352,19,'High'),(352,22,'Low'),(352,24,'Unknown'),(352,27,'Unknown'),(352,33,'Low'),(352,39,'Low'),(352,40,'Medium'),(352,42,'High'),(352,44,'High'),(353,9,'Low'),(353,19,'Medium'),(353,22,'Unknown'),(353,25,'High'),(353,26,'High'),(353,31,'Low'),(353,35,'Medium'),(353,36,'Unknown'),(353,39,'Low'),(353,42,'Unknown'),(353,43,'Low'),(353,45,'High'),(353,47,'Low'),(353,48,'Unknown'),(354,6,'Medium'),(354,7,'Medium'),(354,9,'Unknown'),(354,12,'Low'),(354,16,'Low'),(354,18,'Medium'),(354,19,'Low'),(354,21,'Low'),(354,23,'Low'),(354,25,'Low'),(354,26,'Unknown'),(354,27,'Unknown'),(354,31,'Medium'),(354,32,'Medium'),(354,40,'Low'),(354,43,'Medium'),(354,47,'Medium'),(354,48,'Medium'),(355,3,'Medium'),(355,6,'High'),(355,8,'Medium'),(355,10,'High'),(355,16,'Medium'),(355,21,'Unknown'),(355,27,'High'),(355,30,'Medium'),(355,32,'High'),(355,33,'Medium'),(355,40,'Low'),(355,42,'High'),(355,48,'Low'),(356,1,'Low'),(356,2,'Low'),(356,8,'Low'),(356,9,'High'),(356,11,'Low'),(356,14,'Low'),(356,16,'Low'),(356,24,'Low'),(356,27,'Medium'),(356,28,'Medium'),(356,29,'Unknown'),(356,34,'Low'),(356,35,'Medium'),(356,38,'Medium'),(356,39,'Unknown'),(356,42,'Medium'),(356,48,'Low'),(357,1,'Medium'),(357,4,'Unknown'),(357,5,'Medium'),(357,8,'Unknown'),(357,10,'Unknown'),(357,16,'High'),(357,19,'High'),(357,29,'Medium'),(357,30,'Unknown'),(357,33,'Unknown'),(357,38,'Low'),(357,40,'Low'),(357,49,'Unknown'),(358,7,'High'),(358,9,'Unknown'),(358,10,'Unknown'),(358,11,'Medium'),(358,14,'Low'),(358,15,'Low'),(358,17,'Medium'),(358,24,'Low'),(358,26,'Low'),(358,27,'Low'),(358,30,'Unknown'),(358,32,'Medium'),(358,34,'Low'),(358,38,'Medium'),(358,42,'Unknown'),(359,5,'Unknown'),(359,9,'Medium'),(359,16,'Unknown'),(359,20,'Medium'),(359,21,'Unknown'),(359,23,'Medium'),(359,29,'Medium'),(359,30,'Unknown'),(359,43,'Unknown'),(359,45,'Medium'),(360,2,'Low'),(360,10,'Low'),(360,17,'Medium'),(360,23,'Medium'),(360,25,'Low'),(360,26,'Medium'),(360,27,'Low'),(360,30,'High'),(360,31,'Medium'),(360,32,'Low'),(360,43,'Low'),(360,44,'Unknown'),(360,45,'Medium'),(361,5,'Medium'),(361,10,'High'),(361,12,'Low'),(361,14,'Unknown'),(361,16,'Medium'),(361,17,'Low'),(361,18,'Medium'),(361,22,'Medium'),(361,25,'Medium'),(361,26,'Medium'),(361,28,'Medium'),(361,29,'Low'),(361,36,'Low'),(361,37,'Medium'),(361,46,'Unknown'),(361,49,'High'),(362,6,'Low'),(362,7,'Medium'),(362,9,'High'),(362,14,'Unknown'),(362,15,'High'),(362,19,'Low'),(362,26,'Medium'),(362,29,'Medium'),(362,31,'Low'),(362,32,'Medium'),(362,34,'Unknown'),(362,35,'Medium'),(362,40,'Medium'),(362,41,'Low'),(362,43,'Medium'),(362,45,'Low'),(362,46,'High'),(362,47,'Medium'),(362,48,'Medium'),(363,6,'Low'),(363,7,'High'),(363,9,'Medium'),(363,16,'High'),(363,17,'Unknown'),(363,19,'Unknown'),(363,22,'Unknown'),(363,27,'Medium'),(363,31,'Unknown'),(363,32,'Unknown'),(363,41,'High'),(363,47,'Unknown'),(364,3,'Medium'),(364,5,'High'),(364,8,'High'),(364,10,'Unknown'),(364,20,'High'),(364,22,'Medium'),(364,23,'Unknown'),(364,29,'Unknown'),(364,37,'High'),(364,39,'Low'),(364,43,'High'),(364,45,'High'),(364,47,'Medium'),(364,50,'Unknown'),(365,4,'Unknown'),(365,11,'Low'),(365,12,'Medium'),(365,13,'Unknown'),(365,14,'Low'),(365,16,'Low'),(365,23,'Medium'),(365,27,'Medium'),(365,28,'Medium'),(365,29,'High'),(365,36,'High'),(365,38,'High'),(365,40,'High'),(365,42,'Medium'),(365,43,'Medium'),(365,44,'Medium'),(365,45,'Medium'),(365,49,'Low'),(366,8,'Low'),(366,18,'Medium'),(366,19,'High'),(366,25,'Low'),(366,26,'Low'),(366,27,'High'),(366,28,'Medium'),(366,29,'Unknown'),(366,30,'Low'),(366,39,'Unknown'),(366,42,'Medium'),(366,44,'Medium'),(366,46,'Medium'),(366,47,'High'),(366,50,'High'),(367,2,'Unknown'),(367,5,'Low'),(367,9,'Medium'),(367,19,'High'),(367,22,'Low'),(367,25,'Low'),(367,31,'Low'),(367,34,'Low'),(367,36,'Low'),(367,38,'Low'),(367,39,'Low'),(367,43,'Unknown'),(367,44,'High'),(367,47,'High'),(367,48,'Medium'),(367,49,'Medium'),(368,2,'Medium'),(368,3,'High'),(368,4,'Medium'),(368,9,'Low'),(368,12,'Low'),(368,14,'Low'),(368,15,'Medium'),(368,19,'Unknown'),(368,21,'High'),(368,24,'Medium'),(368,25,'Medium'),(368,26,'High'),(368,28,'Medium'),(368,34,'Medium'),(368,35,'Low'),(368,39,'Low'),(368,40,'Low'),(368,42,'Low'),(368,46,'Medium'),(368,50,'Low'),(369,1,'Low'),(369,6,'Low'),(369,8,'Unknown'),(369,9,'Low'),(369,11,'High'),(369,15,'Low'),(369,32,'Unknown'),(369,38,'Unknown'),(369,41,'Medium'),(369,47,'Medium'),(369,49,'Low'),(370,3,'Low'),(370,6,'High'),(370,7,'Unknown'),(370,8,'Medium'),(370,9,'High'),(370,13,'Medium'),(370,14,'High'),(370,15,'Low'),(370,16,'Medium'),(370,21,'Low'),(370,22,'Unknown'),(370,24,'Medium'),(370,25,'Low'),(370,26,'Medium'),(370,28,'Medium'),(370,36,'Unknown'),(370,39,'High'),(370,40,'Medium'),(370,41,'Medium'),(370,48,'High'),(371,3,'Medium'),(371,7,'High'),(371,8,'Medium'),(371,14,'Low'),(371,16,'Low'),(371,20,'Low'),(371,23,'Low'),(371,28,'Medium'),(371,34,'High'),(371,35,'Low'),(371,45,'Unknown'),(371,46,'Low'),(371,49,'Low'),(371,50,'Unknown'),(372,2,'Low'),(372,6,'Low'),(372,10,'Unknown'),(372,12,'High'),(372,13,'Medium'),(372,18,'High'),(372,20,'Medium'),(372,30,'Unknown'),(372,34,'Unknown'),(372,36,'Medium'),(372,44,'Medium'),(372,46,'Medium'),(372,47,'High'),(372,49,'Unknown'),(373,2,'Low'),(373,3,'Low'),(373,7,'Unknown'),(373,13,'Low'),(373,24,'Low'),(373,25,'Low'),(373,26,'High'),(373,27,'Low'),(373,29,'Low'),(373,30,'Low'),(373,34,'Low'),(373,42,'Medium'),(373,43,'Low'),(373,46,'Low'),(374,3,'Medium'),(374,5,'Medium'),(374,7,'Low'),(374,23,'Medium'),(374,24,'High'),(374,25,'Low'),(374,32,'High'),(374,35,'Medium'),(374,46,'Medium'),(374,50,'Medium'),(375,2,'Low'),(375,8,'Medium'),(375,11,'Unknown'),(375,15,'Unknown'),(375,18,'High'),(375,21,'Unknown'),(375,24,'Unknown'),(375,39,'Low'),(375,40,'Medium'),(375,42,'Medium'),(376,5,'High'),(376,7,'Medium'),(376,11,'Low'),(376,16,'Medium'),(376,20,'Unknown'),(376,21,'High'),(376,23,'Low'),(376,26,'Low'),(376,27,'Low'),(376,32,'High'),(376,38,'Medium'),(376,39,'High'),(376,40,'Low'),(376,42,'Medium'),(376,45,'Unknown'),(376,46,'High'),(376,47,'Medium'),(377,4,'Unknown'),(377,7,'Unknown'),(377,12,'Medium'),(377,13,'Medium'),(377,15,'Unknown'),(377,16,'Unknown'),(377,17,'Medium'),(377,19,'High'),(377,21,'Unknown'),(377,26,'Low'),(377,27,'Low'),(377,28,'Low'),(377,30,'Medium'),(377,38,'High'),(377,42,'Medium'),(377,43,'Low'),(377,46,'Low'),(377,47,'High'),(378,2,'Unknown'),(378,4,'High'),(378,8,'High'),(378,11,'Low'),(378,17,'Low'),(378,19,'Low'),(378,22,'High'),(378,24,'Unknown'),(378,25,'High'),(378,30,'Medium'),(378,40,'High'),(378,41,'High'),(378,43,'Unknown'),(378,44,'Medium'),(378,46,'Low'),(378,47,'High'),(378,49,'High'),(378,50,'Low'),(379,6,'Medium'),(379,18,'Low'),(379,20,'Medium'),(379,21,'Unknown'),(379,28,'Unknown'),(379,30,'Unknown'),(379,32,'High'),(379,33,'Unknown'),(379,36,'Unknown'),(379,37,'Low'),(379,40,'Low'),(379,45,'Unknown'),(379,46,'Medium'),(379,50,'Low'),(380,3,'Low'),(380,5,'Medium'),(380,11,'Unknown'),(380,13,'Unknown'),(380,18,'Low'),(380,24,'Unknown'),(380,30,'High'),(380,32,'Medium'),(380,34,'Medium'),(380,37,'Low'),(380,41,'Low'),(380,42,'Unknown'),(380,45,'Medium'),(381,3,'Low'),(381,7,'Medium'),(381,9,'Unknown'),(381,12,'Medium'),(381,13,'Unknown'),(381,18,'High'),(381,19,'Medium'),(381,20,'Low'),(381,21,'Low'),(381,26,'Medium'),(381,28,'Unknown'),(381,32,'Medium'),(381,35,'Medium'),(381,42,'Low'),(381,45,'Unknown'),(381,46,'Medium'),(381,47,'Medium'),(381,50,'Medium'),(382,1,'Low'),(382,4,'Medium'),(382,8,'Unknown'),(382,25,'High'),(382,32,'Low'),(382,33,'Medium'),(382,37,'Low'),(382,39,'Low'),(382,43,'Unknown'),(382,48,'Medium'),(382,50,'Medium'),(383,1,'High'),(383,5,'Unknown'),(383,11,'Unknown'),(383,12,'Low'),(383,13,'High'),(383,15,'Low'),(383,17,'Medium'),(383,19,'Medium'),(383,23,'High'),(383,29,'Low'),(383,35,'Unknown'),(383,38,'Medium'),(383,46,'Medium'),(383,47,'Unknown'),(383,49,'Low'),(383,50,'Low'),(384,2,'Medium'),(384,13,'Unknown'),(384,16,'Unknown'),(384,23,'Medium'),(384,24,'High'),(384,29,'Medium'),(384,35,'Low'),(384,36,'Low'),(384,39,'Medium'),(384,42,'Unknown'),(384,46,'Unknown'),(384,48,'Low'),(385,1,'Medium'),(385,5,'Medium'),(385,6,'High'),(385,12,'Medium'),(385,15,'Medium'),(385,16,'High'),(385,20,'Low'),(385,23,'Low'),(385,27,'Unknown'),(385,29,'Unknown'),(385,33,'Unknown'),(385,35,'Medium'),(385,37,'Unknown'),(385,48,'Medium'),(385,50,'Medium'),(386,1,'Medium'),(386,9,'Medium'),(386,15,'Low'),(386,16,'Medium'),(386,17,'High'),(386,20,'Low'),(386,22,'Medium'),(386,29,'Low'),(386,30,'Unknown'),(386,31,'Unknown'),(386,36,'Medium'),(386,39,'Low'),(386,42,'Medium'),(386,43,'Unknown'),(386,50,'Unknown'),(387,2,'High'),(387,3,'Medium'),(387,5,'High'),(387,10,'Medium'),(387,22,'Medium'),(387,24,'Low'),(387,27,'Low'),(387,38,'Unknown'),(387,47,'Medium'),(387,49,'Low'),(387,50,'Medium'),(388,4,'Medium'),(388,13,'Medium'),(388,14,'Medium'),(388,16,'Medium'),(388,19,'Medium'),(388,20,'High'),(388,22,'High'),(388,25,'Low'),(388,27,'Medium'),(388,38,'Unknown'),(388,39,'Medium'),(388,43,'Low'),(389,1,'Low'),(389,2,'Low'),(389,4,'Low'),(389,5,'Low'),(389,11,'Medium'),(389,13,'Low'),(389,18,'Medium'),(389,20,'Low'),(389,23,'Low'),(389,26,'Unknown'),(389,29,'Medium'),(389,32,'Low'),(389,36,'Medium'),(389,40,'Medium'),(389,43,'High'),(389,44,'Medium'),(389,49,'Medium'),(390,4,'Unknown'),(390,8,'Medium'),(390,11,'Low'),(390,13,'Medium'),(390,15,'High'),(390,16,'Unknown'),(390,27,'Low'),(390,28,'High'),(390,29,'Medium'),(390,30,'High'),(390,32,'Low'),(390,33,'High'),(390,37,'Medium'),(390,39,'High'),(390,43,'Low'),(390,46,'Unknown'),(390,48,'Unknown'),(390,49,'Medium'),(391,5,'Low'),(391,11,'High'),(391,19,'Medium'),(391,23,'Low'),(391,24,'Low'),(391,26,'High'),(391,35,'Low'),(391,38,'Low'),(391,40,'Unknown'),(391,43,'Medium'),(391,48,'Low'),(391,50,'Unknown'),(392,3,'Low'),(392,14,'High'),(392,21,'Low'),(392,25,'Medium'),(392,26,'Low'),(392,31,'Medium'),(392,37,'Medium'),(392,38,'High'),(392,39,'Medium'),(392,45,'High'),(393,11,'High'),(393,12,'Low'),(393,15,'Medium'),(393,19,'Low'),(393,23,'Unknown'),(393,26,'Low'),(393,27,'High'),(393,28,'Low'),(393,30,'Medium'),(393,40,'Unknown'),(394,2,'Low'),(394,3,'Low'),(394,5,'Medium'),(394,6,'Medium'),(394,9,'Unknown'),(394,14,'Low'),(394,18,'Unknown'),(394,23,'Medium'),(394,25,'Medium'),(394,26,'High'),(394,31,'Unknown'),(394,33,'Low'),(394,34,'Low'),(394,39,'Medium'),(394,40,'Low'),(394,45,'Unknown'),(395,1,'Medium'),(395,2,'Low'),(395,3,'High'),(395,4,'Low'),(395,7,'Medium'),(395,9,'Unknown'),(395,12,'Medium'),(395,13,'Low'),(395,16,'Medium'),(395,18,'Low'),(395,27,'High'),(395,35,'Low'),(395,36,'High'),(395,43,'Low'),(395,44,'Low'),(395,45,'Unknown'),(395,46,'Low'),(395,48,'Medium'),(395,49,'Medium'),(396,4,'Unknown'),(396,10,'Unknown'),(396,14,'High'),(396,15,'High'),(396,25,'Medium'),(396,30,'High'),(396,32,'Unknown'),(396,34,'High'),(396,38,'Medium'),(397,3,'Unknown'),(397,9,'Medium'),(397,10,'Low'),(397,11,'Unknown'),(397,12,'Low'),(397,15,'Low'),(397,16,'High'),(397,21,'Medium'),(397,22,'Low'),(397,26,'Medium'),(397,30,'Unknown'),(397,31,'Low'),(397,45,'Medium'),(397,48,'Low'),(397,49,'Medium'),(398,2,'Medium'),(398,6,'Low'),(398,17,'Low'),(398,19,'Low'),(398,20,'High'),(398,25,'Low'),(398,27,'Low'),(398,36,'Low'),(398,43,'Medium'),(398,44,'Low'),(398,45,'Low'),(398,46,'Low'),(398,48,'High'),(399,2,'High'),(399,8,'Low'),(399,9,'Low'),(399,11,'Medium'),(399,13,'Medium'),(399,14,'Low'),(399,15,'Medium'),(399,19,'Low'),(399,20,'Medium'),(399,22,'Unknown'),(399,24,'Unknown'),(399,26,'High'),(399,37,'High'),(399,40,'High'),(399,41,'Low'),(399,42,'High'),(399,44,'Medium'),(399,46,'Medium'),(399,49,'Medium'),(399,50,'Medium'),(400,1,'Low'),(400,2,'Medium'),(400,5,'Low'),(400,6,'Medium'),(400,10,'Unknown'),(400,15,'Unknown'),(400,16,'Low'),(400,17,'Medium'),(400,18,'Medium'),(400,25,'Medium'),(400,31,'Low'),(400,35,'Medium'),(400,38,'Low'),(401,1,'Low'),(401,4,'Medium'),(401,6,'Low'),(401,13,'Medium'),(401,16,'Low'),(401,17,'Low'),(401,21,'Medium'),(401,23,'High'),(401,24,'Medium'),(401,29,'High'),(401,32,'Unknown'),(401,34,'Unknown'),(402,6,'Unknown'),(402,15,'Medium'),(402,16,'Low'),(402,18,'Medium'),(402,20,'High'),(402,22,'High'),(402,23,'Low'),(402,25,'Unknown'),(402,36,'Medium'),(402,37,'Low'),(402,38,'Low'),(402,41,'Medium'),(402,43,'Unknown'),(402,44,'Low'),(402,46,'Medium'),(402,50,'High'),(403,2,'Unknown'),(403,5,'Low'),(403,8,'Low'),(403,10,'Low'),(403,14,'Low'),(403,15,'Low'),(403,17,'Low'),(403,20,'High'),(403,21,'Low'),(403,23,'Low'),(403,24,'Unknown'),(403,27,'High'),(403,28,'Unknown'),(403,29,'Unknown'),(403,32,'Low'),(403,39,'Unknown'),(403,43,'Low'),(404,2,'Low'),(404,4,'High'),(404,8,'Medium'),(404,10,'Unknown'),(404,12,'Low'),(404,13,'Medium'),(404,17,'Medium'),(404,22,'Low'),(404,24,'Medium'),(404,36,'Low'),(404,41,'High'),(404,43,'Medium'),(405,4,'Low'),(405,8,'Medium'),(405,11,'Unknown'),(405,12,'Low'),(405,14,'Medium'),(405,16,'Medium'),(405,17,'High'),(405,19,'Medium'),(405,31,'Unknown'),(405,37,'Low'),(405,50,'Unknown'),(406,4,'Medium'),(406,10,'Medium'),(406,17,'Low'),(406,21,'Medium'),(406,31,'Low'),(406,33,'Low'),(406,39,'Low'),(406,43,'High'),(406,44,'Medium'),(406,47,'Medium'),(407,2,'Medium'),(407,9,'Low'),(407,13,'Low'),(407,15,'Medium'),(407,17,'Medium'),(407,19,'Medium'),(407,23,'Medium'),(407,24,'High'),(407,25,'Medium'),(407,30,'Unknown'),(407,32,'High'),(407,33,'Low'),(407,34,'Medium'),(407,35,'Unknown'),(407,37,'Unknown'),(407,40,'Unknown'),(407,46,'Unknown'),(408,1,'High'),(408,2,'Unknown'),(408,4,'Low'),(408,5,'Unknown'),(408,7,'Low'),(408,8,'High'),(408,11,'Low'),(408,12,'Medium'),(408,13,'Low'),(408,16,'Medium'),(408,21,'Medium'),(408,23,'Low'),(408,24,'Medium'),(408,25,'High'),(408,29,'Low'),(408,33,'Unknown'),(408,36,'Low'),(408,37,'Low'),(408,46,'Low'),(408,47,'Low'),(408,48,'Medium'),(408,49,'Medium'),(409,1,'Low'),(409,10,'Medium'),(409,14,'Medium'),(409,16,'High'),(409,19,'High'),(409,21,'Medium'),(409,22,'Medium'),(409,28,'High'),(409,29,'Low'),(409,35,'Low'),(409,41,'Low'),(409,42,'High'),(409,43,'High'),(409,49,'Low'),(410,2,'Unknown'),(410,5,'Low'),(410,8,'Medium'),(410,9,'Medium'),(410,12,'High'),(410,14,'Low'),(410,16,'Low'),(410,21,'High'),(410,23,'High'),(410,24,'Low'),(410,26,'Low'),(410,35,'Unknown'),(410,36,'Low'),(410,38,'Medium'),(410,39,'Medium'),(410,42,'Low'),(410,44,'Medium'),(410,46,'High'),(411,2,'Unknown'),(411,6,'Medium'),(411,9,'Low'),(411,14,'Medium'),(411,24,'High'),(411,26,'Medium'),(411,30,'Low'),(411,32,'Low'),(411,34,'Unknown'),(411,37,'Low'),(411,38,'Low'),(411,39,'Low'),(411,41,'Unknown'),(411,42,'High'),(411,44,'Medium'),(412,3,'High'),(412,7,'Medium'),(412,12,'Medium'),(412,13,'High'),(412,16,'Medium'),(412,29,'Medium'),(412,30,'Medium'),(412,31,'Medium'),(412,40,'Medium'),(412,44,'Medium'),(412,49,'Low'),(413,1,'Low'),(413,2,'Medium'),(413,12,'High'),(413,14,'Medium'),(413,16,'Low'),(413,21,'Unknown'),(413,29,'Low'),(413,30,'Medium'),(413,35,'Low'),(413,36,'Low'),(413,42,'Low'),(413,44,'Medium'),(413,45,'Low'),(413,46,'Medium'),(413,48,'Medium'),(413,49,'Low'),(414,12,'Low'),(414,14,'High'),(414,15,'High'),(414,20,'Medium'),(414,36,'Unknown'),(414,40,'High'),(414,43,'Low'),(414,50,'High'),(415,6,'Medium'),(415,7,'Low'),(415,10,'Low'),(415,12,'Unknown'),(415,14,'Medium'),(415,16,'Unknown'),(415,17,'Medium'),(415,26,'Low'),(415,28,'Medium'),(415,34,'Low'),(415,35,'Low'),(415,36,'Low'),(415,37,'Medium'),(415,42,'Medium'),(415,43,'Medium'),(415,44,'Medium'),(415,49,'Medium'),(416,1,'High'),(416,3,'High'),(416,4,'Unknown'),(416,6,'High'),(416,8,'Unknown'),(416,10,'Unknown'),(416,19,'Low'),(416,20,'Unknown'),(416,21,'Medium'),(416,22,'Medium'),(416,25,'Low'),(416,28,'High'),(416,30,'Medium'),(416,31,'Low'),(416,33,'Unknown'),(416,36,'Medium'),(416,37,'High'),(416,40,'Low'),(416,43,'Low'),(417,2,'High'),(417,4,'Medium'),(417,6,'Low'),(417,10,'Low'),(417,17,'High'),(417,19,'Medium'),(417,21,'High'),(417,27,'Low'),(417,29,'Low'),(417,31,'Medium'),(417,32,'Unknown'),(417,34,'Medium'),(417,37,'High'),(417,39,'Medium'),(417,44,'Medium'),(417,46,'Medium'),(417,48,'Medium'),(417,49,'Medium'),(418,5,'Medium'),(418,9,'Unknown'),(418,12,'High'),(418,19,'Low'),(418,20,'Medium'),(418,22,'Low'),(418,23,'Medium'),(418,31,'Medium'),(418,35,'High'),(418,36,'Medium'),(418,38,'Low'),(418,40,'Medium'),(418,50,'High'),(419,2,'Medium'),(419,3,'Unknown'),(419,4,'Low'),(419,8,'High'),(419,9,'High'),(419,12,'Medium'),(419,17,'Unknown'),(419,19,'Unknown'),(419,27,'Unknown'),(419,29,'Unknown'),(419,34,'Medium'),(419,39,'Unknown'),(419,44,'Low'),(419,45,'Medium'),(419,49,'Medium'),(420,1,'Medium'),(420,2,'Low'),(420,7,'Low'),(420,16,'Unknown'),(420,17,'High'),(420,18,'Unknown'),(420,26,'Medium'),(420,29,'High'),(420,32,'Low'),(420,36,'Low'),(420,42,'Medium'),(420,44,'High'),(420,46,'Medium'),(420,47,'Low'),(421,3,'Low'),(421,4,'Low'),(421,6,'Medium'),(421,7,'Low'),(421,8,'Low'),(421,11,'Unknown'),(421,15,'Medium'),(421,17,'Unknown'),(421,18,'Low'),(421,19,'Unknown'),(421,20,'Low'),(421,27,'Unknown'),(421,29,'Low'),(421,33,'Medium'),(421,35,'Low'),(421,37,'Low'),(421,43,'Unknown'),(421,45,'Medium'),(421,46,'Low'),(421,48,'Medium'),(422,3,'Unknown'),(422,7,'Medium'),(422,8,'Low'),(422,9,'Medium'),(422,13,'Medium'),(422,23,'Medium'),(422,26,'Medium'),(422,27,'Medium'),(422,28,'High'),(422,31,'Medium'),(422,36,'Unknown'),(422,39,'Medium'),(422,40,'Unknown'),(422,42,'Unknown'),(422,45,'Medium'),(422,49,'Medium'),(423,2,'High'),(423,11,'High'),(423,12,'High'),(423,23,'Unknown'),(423,31,'Low'),(423,35,'Unknown'),(423,46,'Low'),(423,50,'Medium'),(424,10,'Low'),(424,12,'Low'),(424,13,'Medium'),(424,18,'Unknown'),(424,19,'Low'),(424,21,'Low'),(424,22,'Unknown'),(424,28,'High'),(424,44,'Low'),(424,50,'Medium'),(425,3,'Low'),(425,4,'Unknown'),(425,13,'High'),(425,14,'High'),(425,32,'Medium'),(425,33,'Medium'),(425,44,'Unknown'),(425,47,'Unknown'),(425,50,'Unknown'),(426,1,'Low'),(426,2,'Low'),(426,6,'Low'),(426,8,'Medium'),(426,9,'High'),(426,16,'Medium'),(426,17,'High'),(426,31,'Unknown'),(426,33,'Low'),(426,39,'Low'),(426,49,'Medium'),(427,2,'Low'),(427,4,'Low'),(427,5,'Medium'),(427,12,'Unknown'),(427,14,'High'),(427,15,'Unknown'),(427,18,'Low'),(427,28,'Unknown'),(427,39,'Low'),(427,41,'Unknown'),(427,50,'Medium'),(428,3,'Unknown'),(428,4,'Unknown'),(428,8,'Low'),(428,10,'High'),(428,13,'Unknown'),(428,15,'Low'),(428,18,'Medium'),(428,23,'Low'),(428,24,'Medium'),(428,28,'High'),(428,33,'High'),(428,43,'Medium'),(428,45,'Medium'),(428,47,'High'),(428,48,'Unknown'),(428,49,'High'),(429,2,'Medium'),(429,5,'Low'),(429,9,'Medium'),(429,10,'Unknown'),(429,15,'Unknown'),(429,19,'Medium'),(429,20,'Medium'),(429,26,'High'),(429,36,'Low'),(429,37,'Medium'),(429,39,'Medium'),(429,40,'High'),(429,41,'Low'),(429,48,'Medium'),(430,3,'Low'),(430,4,'Medium'),(430,6,'Low'),(430,10,'Unknown'),(430,12,'Medium'),(430,14,'Unknown'),(430,16,'Medium'),(430,17,'Medium'),(430,21,'Low'),(430,22,'High'),(430,23,'High'),(430,24,'Low'),(430,29,'Medium'),(430,30,'Low'),(430,34,'High'),(430,36,'Medium'),(430,41,'Medium'),(430,44,'High'),(430,45,'High'),(430,48,'Low'),(431,1,'Medium'),(431,2,'Low'),(431,3,'Low'),(431,7,'Low'),(431,9,'High'),(431,10,'Unknown'),(431,14,'High'),(431,15,'Medium'),(431,22,'Unknown'),(431,23,'Low'),(431,24,'High'),(431,25,'Medium'),(431,26,'Unknown'),(431,27,'Unknown'),(431,29,'Medium'),(431,31,'Medium'),(431,41,'High'),(431,44,'Unknown'),(432,5,'Unknown'),(432,8,'High'),(432,11,'Low'),(432,13,'Medium'),(432,14,'Unknown'),(432,22,'High'),(432,24,'Medium'),(432,26,'Low'),(432,27,'Medium'),(432,31,'High'),(432,38,'Medium'),(432,39,'Medium'),(432,42,'Unknown'),(432,43,'Low'),(432,44,'Medium'),(432,47,'Medium'),(432,48,'High'),(433,1,'Low'),(433,3,'High'),(433,4,'High'),(433,6,'High'),(433,11,'Medium'),(433,12,'Medium'),(433,20,'Unknown'),(433,21,'Medium'),(433,23,'Unknown'),(433,31,'Low'),(433,32,'Unknown'),(433,33,'Low'),(433,34,'Low'),(433,39,'Low'),(433,43,'Low'),(433,45,'Low'),(433,46,'High'),(434,2,'High'),(434,15,'Medium'),(434,16,'Medium'),(434,18,'High'),(434,23,'Medium'),(434,24,'Low'),(434,27,'High'),(434,29,'Unknown'),(434,32,'High'),(434,35,'High'),(434,38,'Medium'),(434,44,'Medium'),(434,46,'Low'),(434,50,'Medium'),(435,4,'Medium'),(435,9,'Unknown'),(435,14,'Medium'),(435,15,'High'),(435,17,'Medium'),(435,21,'Low'),(435,28,'Low'),(435,31,'Low'),(435,32,'Medium'),(435,34,'Low'),(435,39,'Medium'),(435,42,'Low'),(435,43,'Medium'),(435,44,'Medium'),(435,45,'Low'),(435,46,'Medium'),(435,47,'Low'),(435,49,'Low'),(436,2,'Low'),(436,5,'Unknown'),(436,6,'Low'),(436,10,'High'),(436,16,'Low'),(436,17,'Low'),(436,19,'Low'),(436,20,'Low'),(436,22,'Medium'),(436,29,'Medium'),(436,30,'Low'),(436,36,'Medium'),(436,37,'Medium'),(436,38,'High'),(436,42,'Medium'),(436,44,'Low'),(436,49,'Medium'),(437,5,'Low'),(437,6,'High'),(437,7,'Low'),(437,12,'Medium'),(437,13,'Low'),(437,16,'Medium'),(437,21,'Low'),(437,22,'Unknown'),(437,28,'High'),(437,31,'Medium'),(437,32,'Unknown'),(437,36,'Medium'),(437,46,'Medium'),(437,48,'Low'),(437,49,'Low'),(438,2,'Medium'),(438,7,'Unknown'),(438,9,'Low'),(438,11,'Low'),(438,15,'High'),(438,17,'Medium'),(438,18,'Medium'),(438,19,'Medium'),(438,21,'Medium'),(438,25,'Low'),(438,27,'Low'),(438,36,'Medium'),(438,37,'Low'),(438,42,'Medium'),(438,43,'Unknown'),(438,44,'High'),(438,49,'Low'),(439,2,'Low'),(439,3,'Unknown'),(439,7,'Low'),(439,11,'Low'),(439,19,'Medium'),(439,24,'Medium'),(439,26,'Low'),(439,29,'Low'),(439,32,'Low'),(439,33,'Low'),(439,38,'Medium'),(439,43,'Low'),(439,44,'High'),(439,46,'Medium'),(439,47,'Low'),(439,49,'Medium'),(439,50,'Unknown'),(440,1,'Medium'),(440,5,'High'),(440,6,'Low'),(440,11,'High'),(440,13,'Low'),(440,16,'Medium'),(440,17,'Low'),(440,19,'Medium'),(440,24,'Low'),(440,25,'High'),(440,28,'Medium'),(440,29,'Unknown'),(440,30,'Medium'),(440,31,'Medium'),(440,34,'Medium'),(440,37,'Medium'),(440,40,'High'),(440,44,'Medium'),(440,48,'Low'),(441,1,'Low'),(441,4,'Low'),(441,13,'High'),(441,14,'High'),(441,16,'Low'),(441,19,'Medium'),(441,21,'High'),(441,23,'Low'),(441,25,'Low'),(441,26,'High'),(441,33,'Medium'),(441,34,'High'),(442,1,'Low'),(442,2,'Medium'),(442,5,'Unknown'),(442,8,'Unknown'),(442,9,'Low'),(442,14,'High'),(442,21,'Low'),(442,26,'Unknown'),(442,28,'High'),(442,29,'Low'),(442,30,'Medium'),(442,35,'Medium'),(442,36,'Low'),(442,40,'Medium'),(442,43,'Low'),(442,45,'Unknown'),(443,1,'Medium'),(443,2,'High'),(443,12,'Low'),(443,16,'Medium'),(443,22,'Unknown'),(443,23,'Unknown'),(443,27,'Low'),(443,33,'Medium'),(443,35,'Medium'),(443,36,'Unknown'),(443,37,'Unknown'),(443,40,'Unknown'),(443,42,'Medium'),(443,44,'Low'),(443,45,'High'),(443,46,'Low'),(443,48,'Medium'),(444,3,'Low'),(444,4,'Medium'),(444,5,'Unknown'),(444,7,'High'),(444,10,'Low'),(444,11,'Medium'),(444,14,'Medium'),(444,17,'Low'),(444,20,'Medium'),(444,22,'Low'),(444,30,'High'),(444,32,'Medium'),(444,33,'Low'),(444,34,'Medium'),(444,37,'Low'),(444,38,'Unknown'),(444,39,'High'),(444,42,'Medium'),(444,46,'High'),(444,49,'Low'),(444,50,'Low'),(445,1,'Low'),(445,2,'High'),(445,6,'Medium'),(445,10,'Low'),(445,17,'Low'),(445,24,'High'),(445,25,'Medium'),(445,29,'High'),(445,31,'Low'),(445,33,'Medium'),(445,35,'Unknown'),(445,40,'Low'),(445,41,'Unknown'),(445,44,'Medium'),(445,46,'Low'),(445,49,'Unknown'),(446,3,'Medium'),(446,13,'Medium'),(446,15,'Unknown'),(446,16,'Low'),(446,23,'High'),(446,25,'Medium'),(446,29,'High'),(446,30,'Medium'),(446,33,'Low'),(446,41,'Low'),(446,44,'Low'),(446,45,'Medium'),(446,47,'Medium'),(447,1,'Medium'),(447,11,'High'),(447,12,'Medium'),(447,13,'Medium'),(447,14,'Medium'),(447,16,'Medium'),(447,18,'Medium'),(447,21,'Medium'),(447,29,'Unknown'),(447,30,'Low'),(447,36,'Low'),(447,38,'High'),(447,41,'Low'),(447,42,'Medium'),(447,43,'Medium'),(447,44,'Medium'),(447,48,'Unknown'),(447,49,'Low'),(448,2,'Unknown'),(448,4,'Medium'),(448,11,'Low'),(448,22,'Low'),(448,24,'Medium'),(448,26,'Unknown'),(448,29,'Unknown'),(448,30,'Medium'),(448,31,'High'),(448,32,'Low'),(448,33,'High'),(448,34,'Medium'),(448,38,'Low'),(449,1,'Medium'),(449,2,'Low'),(449,4,'Unknown'),(449,7,'Low'),(449,12,'Medium'),(449,16,'Medium'),(449,17,'Medium'),(449,18,'Medium'),(449,19,'Medium'),(449,26,'Medium'),(449,27,'Medium'),(449,30,'Medium'),(449,33,'Medium'),(449,43,'Low'),(449,45,'Medium'),(449,46,'Low'),(449,49,'Low'),(449,50,'Medium'),(450,2,'Low'),(450,3,'Unknown'),(450,4,'Medium'),(450,5,'Low'),(450,6,'Unknown'),(450,7,'High'),(450,8,'High'),(450,10,'High'),(450,13,'Low'),(450,20,'Low'),(450,27,'Low'),(450,28,'High'),(450,33,'Unknown'),(450,34,'Low'),(450,43,'Medium'),(450,44,'Low'),(451,2,'Medium'),(451,3,'Medium'),(451,11,'Low'),(451,13,'Medium'),(451,14,'Unknown'),(451,15,'Unknown'),(451,23,'Low'),(451,24,'Medium'),(451,25,'Low'),(451,26,'Medium'),(451,27,'Low'),(451,28,'Low'),(451,31,'Medium'),(451,34,'Low'),(451,38,'Medium'),(451,42,'Low'),(451,45,'Low'),(451,47,'Medium'),(451,49,'Unknown'),(452,4,'Medium'),(452,6,'Low'),(452,8,'Medium'),(452,9,'Medium'),(452,10,'Low'),(452,18,'Medium'),(452,19,'Low'),(452,21,'Low'),(452,27,'Medium'),(452,28,'Low'),(452,31,'Medium'),(452,32,'Medium'),(452,33,'Low'),(452,35,'Unknown'),(452,36,'Unknown'),(452,41,'Medium'),(452,43,'Low'),(453,1,'Low'),(453,2,'Low'),(453,5,'Unknown'),(453,10,'High'),(453,14,'Medium'),(453,15,'Medium'),(453,16,'Low'),(453,21,'High'),(453,23,'High'),(453,25,'Medium'),(453,26,'Unknown'),(453,29,'Low'),(453,34,'Medium'),(453,41,'Unknown'),(453,47,'Low'),(454,7,'Unknown'),(454,10,'Medium'),(454,11,'Medium'),(454,16,'Low'),(454,19,'Low'),(454,24,'Low'),(454,25,'Low'),(454,29,'Medium'),(454,36,'Low'),(454,48,'Medium'),(454,49,'Low'),(455,2,'Unknown'),(455,3,'Medium'),(455,6,'Low'),(455,16,'Low'),(455,18,'Medium'),(455,27,'Medium'),(455,28,'Unknown'),(455,37,'Low'),(455,38,'Low'),(455,42,'Low'),(455,43,'Unknown'),(455,47,'Medium'),(456,1,'Unknown'),(456,5,'Medium'),(456,6,'Low'),(456,10,'Medium'),(456,11,'Unknown'),(456,12,'Low'),(456,14,'Unknown'),(456,15,'Low'),(456,16,'Low'),(456,17,'Medium'),(456,21,'Medium'),(456,24,'Medium'),(456,25,'Medium'),(456,27,'Low'),(456,28,'Low'),(456,31,'Unknown'),(456,35,'Low'),(456,46,'Low'),(456,47,'Medium'),(457,2,'High'),(457,6,'Medium'),(457,7,'High'),(457,8,'Medium'),(457,11,'Medium'),(457,13,'Unknown'),(457,16,'Medium'),(457,18,'Low'),(457,20,'Unknown'),(457,26,'Medium'),(457,29,'Medium'),(457,32,'Low'),(457,35,'Medium'),(457,38,'Low'),(457,39,'Medium'),(457,41,'Unknown'),(457,42,'Low'),(457,46,'Medium'),(458,3,'High'),(458,9,'Low'),(458,10,'Medium'),(458,11,'Low'),(458,14,'Low'),(458,16,'Medium'),(458,18,'Low'),(458,21,'Low'),(458,25,'Medium'),(458,29,'Medium'),(458,30,'Low'),(458,31,'Unknown'),(458,33,'Low'),(458,36,'Low'),(458,39,'Low'),(458,41,'Unknown'),(458,43,'Medium'),(458,46,'Low'),(458,49,'Medium'),(459,3,'High'),(459,6,'High'),(459,14,'Low'),(459,16,'Unknown'),(459,21,'High'),(459,24,'Unknown'),(459,31,'Low'),(459,34,'Low'),(459,37,'Medium'),(459,38,'Medium'),(459,41,'High'),(459,44,'Unknown'),(459,45,'Low'),(459,48,'Medium'),(459,49,'Medium'),(460,2,'Medium'),(460,3,'Medium'),(460,4,'Medium'),(460,34,'Low'),(460,43,'Unknown'),(460,44,'Low'),(461,2,'Low'),(461,3,'High'),(461,6,'High'),(461,10,'Low'),(461,13,'Low'),(461,18,'Medium'),(461,19,'Medium'),(461,21,'Unknown'),(461,24,'Medium'),(461,26,'Unknown'),(461,27,'Low'),(461,28,'Low'),(461,31,'Medium'),(461,35,'Unknown'),(461,36,'Low'),(461,37,'Low'),(461,39,'Low'),(461,44,'Medium'),(461,47,'Low'),(461,49,'Unknown'),(462,1,'Medium'),(462,5,'Unknown'),(462,9,'High'),(462,14,'High'),(462,20,'Medium'),(462,24,'Low'),(462,25,'High'),(462,38,'High'),(462,42,'Low'),(462,44,'Medium'),(462,45,'Unknown'),(463,6,'Medium'),(463,7,'High'),(463,8,'Medium'),(463,9,'Unknown'),(463,10,'High'),(463,13,'High'),(463,14,'Unknown'),(463,17,'Unknown'),(463,19,'Medium'),(463,21,'Medium'),(463,33,'Medium'),(463,34,'High'),(464,1,'Low'),(464,5,'Unknown'),(464,7,'Low'),(464,15,'Medium'),(464,16,'High'),(464,17,'Low'),(464,18,'High'),(464,24,'Medium'),(464,26,'Medium'),(464,27,'Medium'),(464,32,'Medium'),(464,38,'Medium'),(464,40,'Unknown'),(464,42,'Unknown'),(464,44,'Medium'),(464,47,'Medium'),(464,48,'High'),(465,12,'Medium'),(465,18,'High'),(465,20,'Medium'),(465,23,'Low'),(465,24,'Medium'),(465,25,'Unknown'),(465,26,'Unknown'),(465,29,'Medium'),(465,36,'Medium'),(465,38,'Low'),(465,40,'Medium'),(465,46,'Medium'),(466,5,'Low'),(466,8,'Low'),(466,11,'Unknown'),(466,15,'Medium'),(466,16,'Medium'),(466,23,'Unknown'),(466,27,'High'),(466,28,'Medium'),(466,31,'High'),(466,33,'Low'),(466,38,'Low'),(466,41,'High'),(466,43,'Low'),(466,45,'High'),(466,48,'Low'),(467,2,'Low'),(467,12,'Low'),(467,16,'High'),(467,17,'Unknown'),(467,22,'Unknown'),(467,23,'High'),(467,24,'Medium'),(467,27,'Low'),(467,28,'Low'),(467,30,'Unknown'),(467,32,'Medium'),(467,35,'Low'),(467,47,'Low'),(467,48,'Low'),(467,49,'High'),(468,13,'Low'),(468,17,'Medium'),(468,20,'Medium'),(468,34,'Low'),(468,37,'Unknown'),(468,38,'High'),(468,39,'Low'),(468,46,'Low'),(469,1,'Medium'),(469,3,'Low'),(469,10,'Medium'),(469,11,'Low'),(469,12,'Unknown'),(469,14,'Medium'),(469,16,'High'),(469,22,'Unknown'),(469,25,'Low'),(469,27,'Low'),(469,29,'Low'),(469,31,'Medium'),(469,32,'Medium'),(469,33,'Low'),(469,34,'Medium'),(469,36,'Unknown'),(469,41,'Unknown'),(469,44,'High'),(469,45,'Low'),(469,48,'Medium'),(469,49,'Unknown'),(469,50,'Unknown'),(470,2,'Medium'),(470,9,'High'),(470,10,'Unknown'),(470,17,'High'),(470,19,'Unknown'),(470,21,'Low'),(470,24,'Unknown'),(470,27,'Unknown'),(470,29,'Unknown'),(470,32,'Medium'),(470,38,'High'),(470,44,'Low'),(470,50,'High'),(471,1,'Low'),(471,5,'High'),(471,6,'High'),(471,7,'Unknown'),(471,18,'Low'),(471,19,'Low'),(471,20,'Medium'),(471,22,'Medium'),(471,23,'Low'),(471,32,'Medium'),(471,34,'Low'),(471,36,'Low'),(471,46,'Unknown'),(471,47,'Unknown'),(472,4,'Low'),(472,5,'Low'),(472,7,'Medium'),(472,14,'High'),(472,22,'Low'),(472,26,'Low'),(472,30,'Medium'),(472,35,'Medium'),(472,37,'Medium'),(472,40,'Unknown'),(472,42,'High'),(472,43,'Medium'),(472,49,'Unknown'),(472,50,'Low'),(473,1,'Low'),(473,5,'High'),(473,10,'High'),(473,11,'High'),(473,14,'Unknown'),(473,17,'Low'),(473,30,'Low'),(473,42,'Medium'),(473,45,'Medium'),(474,1,'High'),(474,3,'Medium'),(474,4,'High'),(474,12,'Unknown'),(474,18,'High'),(474,19,'Medium'),(474,20,'Low'),(474,24,'Medium'),(474,26,'Low'),(474,27,'Low'),(474,30,'Unknown'),(474,36,'Unknown'),(474,40,'Low'),(474,41,'Low'),(474,42,'Low'),(474,43,'Medium'),(474,47,'Medium'),(474,49,'High'),(474,50,'Medium'),(475,2,'Medium'),(475,3,'Medium'),(475,8,'Medium'),(475,12,'Low'),(475,15,'Unknown'),(475,19,'Medium'),(475,23,'Medium'),(475,26,'High'),(475,30,'Low'),(475,33,'Unknown'),(475,34,'Low'),(475,35,'High'),(475,36,'High'),(475,37,'Medium'),(475,38,'Low'),(475,41,'Medium'),(475,42,'Medium'),(475,44,'Medium'),(475,47,'Low'),(475,49,'High'),(476,7,'Medium'),(476,10,'Medium'),(476,13,'High'),(476,15,'Low'),(476,16,'Low'),(476,20,'Unknown'),(476,21,'Medium'),(476,23,'Low'),(476,27,'Low'),(476,29,'Medium'),(476,34,'Low'),(476,36,'Unknown'),(476,39,'Low'),(476,43,'Low'),(476,44,'Medium'),(476,46,'Medium'),(476,47,'Unknown'),(476,48,'High'),(476,50,'Low'),(477,3,'High'),(477,10,'Medium'),(477,11,'Medium'),(477,14,'Medium'),(477,15,'Low'),(477,17,'Medium'),(477,19,'Medium'),(477,22,'Low'),(477,29,'Unknown'),(477,30,'Low'),(477,35,'Low'),(477,39,'Unknown'),(477,49,'Unknown'),(478,4,'High'),(478,8,'High'),(478,9,'Low'),(478,12,'Low'),(478,14,'Medium'),(478,20,'Medium'),(478,23,'Medium'),(478,27,'Medium'),(478,28,'Low'),(478,30,'Medium'),(478,31,'Medium'),(478,36,'Low'),(478,38,'Unknown'),(478,40,'High'),(478,45,'Unknown'),(478,47,'Medium'),(478,49,'Low'),(479,1,'Medium'),(479,9,'Medium'),(479,11,'Low'),(479,12,'Unknown'),(479,15,'Medium'),(479,16,'Low'),(479,30,'Medium'),(479,32,'Medium'),(479,34,'High'),(479,37,'High'),(480,1,'Low'),(480,4,'Unknown'),(480,7,'Low'),(480,8,'Medium'),(480,11,'Low'),(480,13,'Low'),(480,20,'Medium'),(480,21,'High'),(480,29,'Medium'),(480,30,'Low'),(480,35,'Unknown'),(480,46,'Medium'),(480,48,'Medium'),(480,49,'High'),(480,50,'Low'),(481,3,'Medium'),(481,7,'Unknown'),(481,15,'Unknown'),(481,17,'Unknown'),(481,19,'Low'),(481,25,'Medium'),(481,30,'Low'),(481,31,'Low'),(481,32,'Unknown'),(481,37,'High'),(481,38,'Medium'),(481,47,'Unknown'),(482,3,'Low'),(482,7,'Medium'),(482,9,'Medium'),(482,10,'High'),(482,12,'Medium'),(482,18,'Low'),(482,20,'Medium'),(482,22,'Low'),(482,26,'Medium'),(482,30,'Low'),(482,35,'Low'),(482,36,'Medium'),(482,50,'Medium'),(483,1,'High'),(483,3,'Low'),(483,9,'Medium'),(483,11,'Low'),(483,14,'Low'),(483,19,'Medium'),(483,20,'Low'),(483,23,'High'),(483,25,'Unknown'),(483,27,'Low'),(483,29,'Medium'),(483,30,'Low'),(483,31,'Unknown'),(483,36,'Medium'),(483,37,'Low'),(483,46,'Medium'),(483,48,'Low'),(484,2,'Low'),(484,3,'Medium'),(484,4,'Unknown'),(484,12,'High'),(484,13,'High'),(484,18,'Medium'),(484,23,'Low'),(484,25,'High'),(484,26,'Low'),(484,27,'Low'),(484,34,'Medium'),(484,40,'Unknown'),(484,41,'Low'),(484,42,'Low'),(484,45,'Medium'),(484,46,'Low'),(484,48,'Low'),(484,49,'Medium'),(485,1,'Medium'),(485,6,'Medium'),(485,7,'Low'),(485,8,'High'),(485,9,'Medium'),(485,13,'Low'),(485,14,'Medium'),(485,16,'Low'),(485,17,'Medium'),(485,18,'High'),(485,29,'Unknown'),(485,34,'Low'),(485,49,'Low'),(486,2,'High'),(486,9,'Medium'),(486,13,'High'),(486,15,'Medium'),(486,19,'Medium'),(486,23,'Low'),(486,25,'Medium'),(486,32,'Low'),(486,33,'High'),(486,36,'Medium'),(486,44,'Medium'),(486,45,'Low'),(486,47,'Unknown'),(487,2,'High'),(487,3,'Medium'),(487,4,'Medium'),(487,5,'Medium'),(487,9,'Low'),(487,12,'Low'),(487,14,'Low'),(487,16,'Unknown'),(487,18,'Unknown'),(487,19,'High'),(487,23,'Medium'),(487,25,'High'),(487,31,'Medium'),(487,35,'Medium'),(487,36,'Unknown'),(487,49,'High'),(488,1,'Low'),(488,3,'Low'),(488,4,'Medium'),(488,6,'Low'),(488,8,'Unknown'),(488,14,'Medium'),(488,23,'Medium'),(488,27,'Medium'),(488,30,'Unknown'),(488,31,'Low'),(488,33,'High'),(488,35,'High'),(488,40,'High'),(488,43,'Medium'),(488,48,'Low'),(489,6,'Medium'),(489,9,'Medium'),(489,10,'Unknown'),(489,17,'Low'),(489,19,'Low'),(489,20,'High'),(489,21,'Medium'),(489,26,'Unknown'),(489,28,'Medium'),(489,29,'Medium'),(489,30,'Medium'),(489,33,'High'),(489,35,'Medium'),(489,36,'Medium'),(489,37,'Medium'),(489,44,'Low'),(489,46,'Medium'),(489,47,'Medium'),(490,5,'Low'),(490,6,'Unknown'),(490,10,'Low'),(490,13,'High'),(490,18,'High'),(490,20,'Medium'),(490,21,'Low'),(490,22,'Unknown'),(490,23,'High'),(490,33,'Low'),(490,37,'Medium'),(490,41,'Medium'),(490,42,'Low'),(490,43,'Medium'),(490,47,'Unknown'),(490,48,'Medium'),(491,1,'Medium'),(491,2,'Unknown'),(491,3,'Low'),(491,5,'Low'),(491,7,'Low'),(491,11,'Medium'),(491,12,'Low'),(491,17,'Medium'),(491,21,'Low'),(491,22,'Low'),(491,25,'High'),(491,27,'Unknown'),(491,29,'Medium'),(491,30,'Medium'),(491,31,'Low'),(491,33,'Unknown'),(491,35,'High'),(491,36,'High'),(491,40,'Low'),(491,50,'Low'),(492,4,'Unknown'),(492,5,'Unknown'),(492,7,'Medium'),(492,9,'Low'),(492,13,'High'),(492,18,'Unknown'),(492,19,'High'),(492,21,'Medium'),(492,25,'Medium'),(492,27,'High'),(492,31,'Medium'),(492,32,'Low'),(492,37,'High'),(492,38,'Low'),(492,39,'Low'),(492,43,'Unknown'),(492,44,'Medium'),(492,46,'High'),(492,48,'Medium'),(493,1,'Low'),(493,4,'High'),(493,9,'High'),(493,10,'Low'),(493,11,'Medium'),(493,12,'Medium'),(493,14,'Low'),(493,18,'Medium'),(493,23,'High'),(493,24,'Medium'),(493,27,'Medium'),(493,28,'Low'),(493,30,'Medium'),(493,31,'Low'),(493,33,'Medium'),(493,34,'Medium'),(493,41,'Low'),(493,42,'Unknown'),(493,45,'Medium'),(493,48,'Low'),(493,50,'Low'),(494,4,'Low'),(494,6,'Medium'),(494,7,'High'),(494,8,'Medium'),(494,10,'Low'),(494,13,'Medium'),(494,16,'Unknown'),(494,19,'Unknown'),(494,20,'Low'),(494,23,'High'),(494,24,'Low'),(494,25,'Low'),(494,31,'High'),(494,32,'Low'),(494,34,'Low'),(494,37,'Medium'),(494,38,'High'),(494,48,'Low'),(495,1,'Low'),(495,4,'Unknown'),(495,7,'High'),(495,8,'Unknown'),(495,13,'Medium'),(495,14,'Low'),(495,18,'Low'),(495,20,'Low'),(496,5,'Medium'),(496,8,'Unknown'),(496,9,'Low'),(496,10,'Low'),(496,11,'Medium'),(496,14,'Low'),(496,15,'Low'),(496,16,'Low'),(496,19,'Low'),(496,22,'Low'),(496,30,'Medium'),(496,35,'Low'),(496,36,'Medium'),(496,37,'Low'),(496,40,'High'),(496,41,'High'),(496,42,'Low'),(496,43,'Low'),(496,44,'Medium'),(496,45,'Unknown'),(496,50,'Low'),(497,1,'Medium'),(497,2,'High'),(497,7,'Medium'),(497,9,'High'),(497,15,'Unknown'),(497,17,'High'),(497,22,'Medium'),(497,24,'Medium'),(497,26,'Low'),(497,32,'Medium'),(497,37,'Medium'),(497,38,'Low'),(497,39,'High'),(497,42,'Low'),(497,45,'Unknown'),(497,47,'Low'),(497,48,'Medium'),(497,50,'Medium'),(498,5,'Medium'),(498,12,'Medium'),(498,14,'Medium'),(498,15,'Medium'),(498,17,'High'),(498,18,'Medium'),(498,25,'Medium'),(498,28,'Unknown'),(498,29,'Unknown'),(498,33,'Low'),(498,36,'Low'),(498,40,'Low'),(498,46,'High'),(498,48,'Medium'),(499,1,'Low'),(499,7,'Low'),(499,8,'Unknown'),(499,12,'Low'),(499,18,'Medium'),(499,37,'Medium'),(499,38,'Low'),(499,40,'Unknown'),(499,41,'Unknown'),(499,44,'Low'),(499,46,'Unknown'),(499,50,'High'),(500,2,'Medium'),(500,6,'Low'),(500,8,'Medium'),(500,12,'Low'),(500,13,'Low'),(500,20,'Low'),(500,26,'Medium'),(500,27,'High'),(500,41,'Medium'),(500,44,'Low'),(500,45,'Low'),(500,47,'Medium'),(500,50,'Medium'),(501,2,'High'),(501,11,'Low'),(501,13,'Unknown'),(501,18,'Low'),(501,21,'Low'),(501,28,'Low'),(501,30,'Low'),(501,33,'Low'),(501,34,'Unknown'),(501,41,'Low'),(501,42,'Medium'),(501,44,'Low'),(501,45,'Low'),(501,47,'High'),(501,48,'Medium'),(501,49,'Unknown'),(502,6,'Low'),(502,8,'Medium'),(502,9,'Low'),(502,13,'Medium'),(502,17,'Low'),(502,20,'Low'),(502,22,'Medium'),(502,24,'Medium'),(502,26,'Medium'),(502,27,'High'),(502,28,'Medium'),(502,29,'High'),(502,31,'Medium'),(502,32,'Low'),(502,35,'High'),(502,36,'Unknown'),(502,41,'High'),(502,50,'Low'),(503,1,'Unknown'),(503,4,'Low'),(503,6,'Medium'),(503,8,'Low'),(503,10,'Low'),(503,23,'Low'),(503,27,'High'),(503,28,'Low'),(503,44,'High'),(503,45,'Medium'),(503,46,'High'),(504,4,'Low'),(504,6,'Low'),(504,13,'Unknown'),(504,20,'Low'),(504,21,'High'),(504,23,'Medium'),(504,30,'Unknown'),(504,31,'Medium'),(504,32,'Low'),(504,40,'High'),(504,47,'Medium'),(505,4,'Medium'),(505,9,'Low'),(505,14,'Unknown'),(505,19,'Unknown'),(505,22,'High'),(505,30,'Low'),(505,35,'High'),(505,37,'Low'),(505,38,'High'),(505,39,'Medium'),(505,43,'Unknown'),(505,45,'Low'),(505,48,'Medium'),(505,50,'High'),(506,2,'Medium'),(506,5,'High'),(506,6,'Medium'),(506,9,'Medium'),(506,12,'Low'),(506,17,'High'),(506,20,'Low'),(506,21,'Low'),(506,30,'Medium'),(506,39,'Low'),(506,41,'Low'),(506,48,'High'),(507,1,'Medium'),(507,5,'Unknown'),(507,11,'Medium'),(507,14,'Medium'),(507,16,'Medium'),(507,21,'Medium'),(507,23,'Medium'),(507,25,'Low'),(507,26,'Medium'),(507,30,'Low'),(508,1,'Unknown'),(508,6,'Medium'),(508,7,'Low'),(508,12,'Low'),(508,15,'Unknown'),(508,23,'Low'),(508,25,'High'),(508,28,'Low'),(508,34,'Medium'),(508,36,'Medium'),(508,40,'High'),(508,42,'Medium'),(508,49,'Low'),(509,7,'High'),(509,8,'Low'),(509,9,'Low'),(509,11,'Medium'),(509,17,'Medium'),(509,18,'High'),(509,21,'Low'),(509,22,'Low'),(509,23,'Low'),(509,25,'Medium'),(509,34,'Medium'),(509,35,'Unknown'),(509,36,'Medium'),(509,40,'Medium'),(509,42,'Low'),(509,43,'Low'),(509,44,'Unknown'),(510,5,'Unknown'),(510,7,'Medium'),(510,32,'Low'),(510,33,'Medium'),(510,35,'Low'),(510,38,'Low'),(510,40,'Medium'),(510,41,'Low'),(510,43,'High'),(510,45,'Low'),(511,1,'Medium'),(511,7,'Low'),(511,13,'Medium'),(511,14,'Medium'),(511,16,'Low'),(511,20,'Low'),(511,38,'Unknown'),(511,42,'Unknown'),(511,44,'Medium'),(511,45,'Low'),(511,46,'Medium'),(512,1,'Medium'),(512,6,'Unknown'),(512,15,'Unknown'),(512,16,'High'),(512,18,'Medium'),(512,23,'Low'),(512,28,'High'),(512,30,'Medium'),(512,37,'Medium'),(512,40,'Low'),(513,3,'High'),(513,4,'Low'),(513,5,'Unknown'),(513,15,'Unknown'),(513,16,'Medium'),(513,17,'Medium'),(513,25,'Low'),(513,29,'Medium'),(513,30,'Low'),(513,32,'Low'),(513,34,'Unknown'),(513,40,'Low'),(513,48,'Low'),(513,49,'Medium'),(513,50,'Unknown'),(514,3,'Low'),(514,6,'Low'),(514,7,'Medium'),(514,8,'Medium'),(514,11,'Unknown'),(514,14,'Low'),(514,15,'Medium'),(514,17,'High'),(514,20,'Medium'),(514,21,'Medium'),(514,24,'Low'),(514,30,'Low'),(514,31,'Low'),(514,33,'Medium'),(514,35,'Medium'),(514,38,'Medium'),(514,41,'Unknown'),(514,42,'Low'),(515,3,'Medium'),(515,9,'High'),(515,13,'Low'),(515,21,'Low'),(515,26,'Medium'),(515,31,'Medium'),(515,34,'Low'),(515,36,'Low'),(515,39,'Low'),(515,41,'Unknown'),(515,43,'Low'),(515,45,'Unknown'),(516,5,'Medium'),(516,14,'Low'),(516,22,'Unknown'),(516,24,'Medium'),(516,26,'High'),(516,33,'Low'),(516,35,'High'),(516,36,'Medium'),(516,38,'Low'),(516,42,'Medium'),(516,44,'Low'),(516,46,'Medium'),(516,49,'Medium'),(517,5,'Unknown'),(517,11,'High'),(517,16,'Medium'),(517,19,'Low'),(517,28,'High'),(517,29,'Low'),(517,31,'Low'),(517,33,'Unknown'),(517,35,'High'),(517,36,'Medium'),(517,37,'Low'),(517,38,'Medium'),(517,40,'Medium'),(517,43,'Medium'),(517,48,'Unknown'),(517,50,'Medium'),(518,8,'High'),(518,9,'Medium'),(518,10,'Low'),(518,14,'Medium'),(518,15,'High'),(518,17,'Low'),(518,18,'Low'),(518,19,'Unknown'),(518,22,'Unknown'),(518,24,'Medium'),(518,27,'High'),(518,29,'Medium'),(518,30,'Medium'),(518,38,'Low'),(518,39,'Medium'),(518,40,'Unknown'),(518,42,'High'),(518,46,'Unknown'),(518,48,'Medium'),(519,5,'Unknown'),(519,7,'Low'),(519,8,'Low'),(519,9,'Unknown'),(519,13,'Low'),(519,19,'High'),(519,22,'Unknown'),(519,27,'Low'),(519,28,'Unknown'),(519,33,'High'),(519,41,'Medium'),(519,43,'Low'),(519,44,'Low'),(519,45,'Medium'),(519,49,'Low'),(520,5,'Medium'),(520,6,'Low'),(520,7,'High'),(520,9,'Unknown'),(520,15,'Unknown'),(520,18,'High'),(520,19,'Medium'),(520,20,'Low'),(520,21,'Medium'),(520,22,'Medium'),(520,24,'Low'),(520,28,'Medium'),(520,29,'High'),(520,30,'High'),(520,34,'High'),(520,35,'Medium'),(520,37,'Low'),(520,42,'Medium'),(520,43,'Low'),(520,44,'High'),(520,47,'Low'),(520,49,'Medium'),(521,5,'Medium'),(521,6,'Unknown'),(521,8,'Unknown'),(521,11,'Medium'),(521,16,'Low'),(521,19,'Medium'),(521,34,'Unknown'),(521,36,'High'),(521,37,'Unknown'),(521,38,'Medium'),(521,39,'Low'),(521,40,'Unknown'),(521,42,'Unknown'),(521,43,'Medium'),(521,47,'Unknown'),(522,1,'Unknown'),(522,4,'Medium'),(522,9,'Unknown'),(522,11,'Low'),(522,12,'Low'),(522,13,'Low'),(522,14,'Medium'),(522,18,'Low'),(522,19,'High'),(522,23,'Unknown'),(522,24,'Medium'),(522,31,'High'),(522,33,'Medium'),(522,36,'Medium'),(522,38,'Low'),(522,41,'High'),(522,47,'High'),(522,48,'Medium'),(523,1,'Low'),(523,2,'High'),(523,12,'Unknown'),(523,15,'Low'),(523,17,'Medium'),(523,37,'Medium'),(523,43,'Low'),(523,48,'Medium'),(524,1,'Medium'),(524,2,'Medium'),(524,6,'Low'),(524,7,'Low'),(524,14,'High'),(524,28,'Low'),(524,31,'Medium'),(524,32,'Unknown'),(524,38,'Low'),(524,39,'Low'),(524,40,'High'),(524,44,'Low'),(524,45,'Medium'),(524,50,'Medium'),(525,1,'Low'),(525,3,'Low'),(525,4,'Low'),(525,8,'Medium'),(525,21,'Low'),(525,23,'Low'),(525,35,'Unknown'),(525,36,'Low'),(525,38,'High'),(525,40,'High'),(525,48,'Medium'),(526,4,'Low'),(526,6,'Low'),(526,9,'Medium'),(526,12,'Medium'),(526,20,'High'),(526,27,'Medium'),(526,29,'Low'),(526,30,'Medium'),(526,35,'Low'),(526,37,'Low'),(526,43,'Unknown'),(526,45,'Low'),(527,6,'Low'),(527,7,'High'),(527,11,'Medium'),(527,17,'Low'),(527,20,'High'),(527,21,'Unknown'),(527,27,'High'),(527,31,'Low'),(527,34,'Unknown'),(527,39,'Medium'),(527,40,'Medium'),(527,41,'Medium'),(527,42,'Low'),(527,46,'Medium'),(527,47,'Unknown'),(527,49,'Medium'),(528,2,'Medium'),(528,5,'High'),(528,23,'Medium'),(528,25,'Medium'),(528,29,'Unknown'),(528,39,'Unknown'),(528,44,'High'),(528,47,'Low'),(529,5,'Medium'),(529,9,'Medium'),(529,10,'Medium'),(529,11,'Medium'),(529,23,'Low'),(529,25,'Medium'),(529,30,'Low'),(529,33,'Medium'),(529,37,'Medium'),(529,41,'Medium'),(529,44,'Unknown'),(529,45,'Unknown'),(530,2,'Unknown'),(530,6,'Medium'),(530,14,'Medium'),(530,15,'Medium'),(530,16,'Unknown'),(530,20,'Unknown'),(530,23,'Low'),(530,25,'High'),(530,32,'Unknown'),(530,34,'Low'),(530,36,'Medium'),(530,37,'Low'),(530,47,'Medium'),(531,1,'Low'),(531,7,'Unknown'),(531,20,'Medium'),(531,22,'Low'),(531,24,'Medium'),(531,28,'Unknown'),(531,31,'Low'),(531,32,'Low'),(531,35,'Low'),(531,40,'High'),(531,47,'Medium'),(531,50,'High'),(532,1,'Unknown'),(532,6,'Unknown'),(532,12,'Low'),(532,13,'Unknown'),(532,18,'Medium'),(532,24,'Unknown'),(532,25,'Medium'),(532,26,'Unknown'),(532,27,'Unknown'),(532,31,'Medium'),(532,35,'Medium'),(532,40,'Unknown'),(532,43,'Medium'),(532,44,'Unknown'),(532,45,'Unknown'),(532,47,'Low'),(532,48,'Unknown'),(533,9,'Low'),(533,10,'Low'),(533,13,'Medium'),(533,17,'Low'),(533,18,'Unknown'),(533,20,'Low'),(533,23,'Low'),(533,27,'Medium'),(533,31,'Low'),(533,33,'Medium'),(533,34,'High'),(533,36,'Low'),(533,37,'Low'),(533,45,'Medium'),(533,49,'High'),(533,50,'Low'),(534,1,'Low'),(534,3,'Low'),(534,6,'Medium'),(534,10,'Low'),(534,15,'High'),(534,17,'Medium'),(534,21,'High'),(534,22,'Medium'),(534,27,'Low'),(534,29,'High'),(534,36,'Low'),(534,38,'Unknown'),(534,46,'Low'),(534,49,'High'),(535,3,'Medium'),(535,9,'Medium'),(535,10,'Low'),(535,14,'Low'),(535,15,'Low'),(535,18,'Medium'),(535,22,'Low'),(535,23,'Unknown'),(535,24,'High'),(535,30,'Unknown'),(535,33,'High'),(535,34,'Unknown'),(535,43,'Medium'),(535,44,'Unknown'),(535,46,'Medium'),(535,47,'Low'),(535,49,'High'),(536,3,'High'),(536,4,'Medium'),(536,5,'Low'),(536,11,'High'),(536,20,'High'),(536,21,'High'),(536,25,'Medium'),(536,27,'Low'),(536,32,'High'),(536,33,'High'),(536,34,'Low'),(536,38,'Medium'),(536,39,'Low'),(536,43,'High'),(536,46,'High'),(536,48,'Unknown'),(537,3,'High'),(537,4,'Medium'),(537,6,'Low'),(537,9,'Low'),(537,10,'High'),(537,12,'Low'),(537,16,'Medium'),(537,18,'Unknown'),(537,20,'Medium'),(537,22,'Low'),(537,27,'High'),(537,28,'Unknown'),(537,29,'Low'),(537,31,'High'),(537,34,'Medium'),(537,41,'Medium'),(537,47,'Unknown'),(537,50,'Low'),(538,1,'Low'),(538,2,'Medium'),(538,3,'Medium'),(538,4,'High'),(538,5,'Medium'),(538,11,'Medium'),(538,14,'Unknown'),(538,17,'Unknown'),(538,24,'High'),(538,26,'Medium'),(538,28,'High'),(538,32,'Medium'),(538,33,'Medium'),(538,40,'Low'),(538,45,'Low'),(538,46,'High'),(538,49,'High'),(539,2,'Medium'),(539,3,'Low'),(539,14,'Unknown'),(539,17,'Unknown'),(539,18,'Medium'),(539,21,'Medium'),(539,31,'Unknown'),(539,32,'High'),(539,34,'High'),(539,39,'Low'),(539,42,'Unknown'),(539,48,'Low'),(540,1,'Low'),(540,5,'Unknown'),(540,9,'Low'),(540,12,'Medium'),(540,13,'Medium'),(540,18,'High'),(540,19,'Unknown'),(540,21,'Low'),(540,30,'Low'),(540,31,'Medium'),(540,33,'Medium'),(540,38,'Low'),(540,39,'Low'),(540,43,'High'),(540,46,'Medium'),(541,7,'Medium'),(541,9,'Unknown'),(541,10,'Unknown'),(541,13,'High'),(541,14,'Unknown'),(541,16,'High'),(541,17,'Unknown'),(541,19,'Low'),(541,22,'High'),(541,28,'Unknown'),(541,38,'Low'),(541,43,'High'),(541,45,'Low'),(541,49,'High'),(542,3,'High'),(542,6,'Medium'),(542,7,'Medium'),(542,21,'Low'),(542,26,'Medium'),(542,27,'High'),(542,28,'Medium'),(542,32,'High'),(542,36,'Medium'),(542,40,'High'),(542,41,'Medium'),(542,45,'Medium'),(542,48,'Low'),(543,1,'High'),(543,4,'Unknown'),(543,7,'Medium'),(543,8,'Medium'),(543,10,'Medium'),(543,11,'Medium'),(543,12,'Low'),(543,15,'Low'),(543,17,'Unknown'),(543,21,'Unknown'),(543,22,'Medium'),(543,24,'Low'),(543,25,'High'),(543,27,'Medium'),(543,30,'Unknown'),(543,35,'High'),(543,37,'Medium'),(543,41,'Medium'),(543,47,'Low'),(543,49,'Medium'),(543,50,'Medium'),(544,1,'Unknown'),(544,6,'Low'),(544,10,'Low'),(544,12,'Medium'),(544,14,'Medium'),(544,17,'High'),(544,22,'Low'),(544,24,'Unknown'),(544,27,'Medium'),(544,34,'Medium'),(544,35,'Medium'),(544,37,'Low'),(544,40,'Unknown'),(544,41,'High'),(545,1,'Low'),(545,3,'Low'),(545,5,'Medium'),(545,10,'Unknown'),(545,11,'Unknown'),(545,13,'Low'),(545,14,'Low'),(545,15,'Low'),(545,17,'Medium'),(545,18,'Unknown'),(545,21,'Low'),(545,22,'Medium'),(545,24,'Low'),(545,28,'Medium'),(545,32,'Low'),(545,33,'Medium'),(545,44,'Medium'),(545,48,'High'),(545,49,'Medium'),(546,6,'Low'),(546,12,'Medium'),(546,15,'Medium'),(546,16,'Low'),(546,18,'Medium'),(546,22,'Low'),(546,29,'High'),(546,31,'Low'),(546,32,'Low'),(546,34,'Unknown'),(546,35,'Medium'),(546,38,'High'),(546,42,'Low'),(546,46,'Unknown'),(546,50,'Medium'),(547,2,'Medium'),(547,3,'Low'),(547,10,'Low'),(547,12,'Low'),(547,17,'Unknown'),(547,26,'Low'),(547,30,'High'),(547,31,'Low'),(547,33,'Medium'),(547,41,'Unknown'),(547,42,'High'),(547,43,'Medium'),(547,50,'Low'),(548,5,'Medium'),(548,17,'Low'),(548,18,'Medium'),(548,20,'Low'),(548,21,'High'),(548,22,'Unknown'),(548,27,'Low'),(548,29,'Unknown'),(548,35,'Medium'),(548,41,'Medium'),(548,48,'Low'),(549,1,'Medium'),(549,5,'Low'),(549,10,'High'),(549,11,'Medium'),(549,13,'Low'),(549,19,'Medium'),(549,21,'Low'),(549,23,'Low'),(549,25,'Low'),(549,28,'Low'),(549,33,'Unknown'),(549,36,'Unknown'),(549,44,'High'),(549,45,'Medium'),(549,47,'Low'),(549,48,'Medium'),(550,1,'Medium'),(550,2,'High'),(550,3,'Medium'),(550,12,'High'),(550,14,'High'),(550,17,'Low'),(550,24,'Low'),(550,25,'Medium'),(550,28,'Medium'),(550,34,'High'),(550,35,'High'),(550,39,'Medium'),(550,40,'Low'),(551,1,'High'),(551,10,'Unknown'),(551,13,'Low'),(551,16,'Low'),(551,20,'Low'),(551,22,'High'),(551,31,'Low'),(551,39,'Low'),(551,41,'Low'),(551,46,'Low'),(551,48,'Low'),(551,49,'Medium'),(551,50,'Low'),(552,3,'Medium'),(552,7,'Unknown'),(552,8,'Medium'),(552,15,'Medium'),(552,16,'Low'),(552,17,'Medium'),(552,28,'Medium'),(552,39,'High'),(552,43,'High'),(552,49,'High'),(552,50,'Low'),(553,2,'Low'),(553,7,'Medium'),(553,11,'High'),(553,13,'Medium'),(553,20,'Medium'),(553,39,'Medium'),(553,40,'Medium'),(553,45,'Medium'),(553,46,'Low'),(553,47,'Unknown'),(553,49,'High'),(553,50,'Low'),(554,3,'Medium'),(554,7,'Low'),(554,8,'Low'),(554,12,'Unknown'),(554,13,'Low'),(554,16,'Medium'),(554,17,'Medium'),(554,18,'Medium'),(554,20,'Low'),(554,22,'Low'),(554,24,'Unknown'),(554,30,'Medium'),(554,32,'Unknown'),(554,37,'Low'),(554,44,'High'),(554,45,'High'),(554,48,'High'),(555,8,'Unknown'),(555,9,'Medium'),(555,10,'Low'),(555,13,'Medium'),(555,20,'Unknown'),(555,22,'Unknown'),(555,25,'Unknown'),(555,31,'High'),(555,37,'Low'),(555,42,'High'),(555,43,'Unknown'),(555,45,'Medium'),(555,46,'Medium'),(556,1,'Low'),(556,8,'Medium'),(556,10,'Unknown'),(556,13,'Unknown'),(556,15,'High'),(556,16,'Low'),(556,18,'Unknown'),(556,22,'Low'),(556,26,'Low'),(556,31,'Unknown'),(556,33,'Unknown'),(556,37,'Medium'),(556,43,'Unknown'),(556,47,'High'),(556,49,'Medium'),(556,50,'Medium'),(557,2,'Low'),(557,5,'Low'),(557,11,'Low'),(557,12,'Medium'),(557,18,'Low'),(557,22,'Medium'),(557,23,'Low'),(557,29,'High'),(557,33,'Low'),(557,37,'Medium'),(557,46,'High'),(557,47,'Unknown'),(557,48,'High'),(558,7,'Unknown'),(558,9,'Unknown'),(558,12,'Unknown'),(558,15,'Unknown'),(558,16,'High'),(558,17,'Medium'),(558,20,'Medium'),(558,32,'Unknown'),(558,33,'Low'),(558,36,'Medium'),(559,5,'High'),(559,13,'Unknown'),(559,15,'Medium'),(559,16,'Low'),(559,18,'Medium'),(559,21,'Low'),(559,22,'Medium'),(559,27,'High'),(559,28,'Medium'),(559,32,'Medium'),(559,33,'Medium'),(559,34,'High'),(559,36,'Low'),(559,40,'Low'),(559,46,'Medium'),(560,8,'Medium'),(560,9,'Medium'),(560,10,'Unknown'),(560,12,'Low'),(560,13,'Medium'),(560,20,'Medium'),(560,21,'Unknown'),(560,23,'Low'),(560,27,'Low'),(560,29,'Unknown'),(560,38,'Medium'),(560,42,'Low'),(560,45,'Low'),(561,1,'Low'),(561,5,'High'),(561,6,'High'),(561,12,'Unknown'),(561,15,'Low'),(561,21,'Medium'),(561,24,'Low'),(561,27,'Low'),(561,28,'Unknown'),(561,33,'Unknown'),(561,36,'Low'),(561,45,'Low'),(561,46,'Unknown'),(561,49,'Unknown'),(562,18,'Medium'),(562,22,'Medium'),(562,23,'Medium'),(562,28,'Medium'),(562,30,'Medium'),(562,32,'Medium'),(562,40,'Unknown'),(562,42,'Medium'),(562,44,'Low'),(562,47,'Medium'),(562,49,'Medium'),(563,6,'Low'),(563,16,'Medium'),(563,18,'Low'),(563,19,'Unknown'),(563,20,'Low'),(563,22,'Unknown'),(563,24,'High'),(563,27,'Low'),(563,28,'Unknown'),(563,32,'Low'),(563,37,'Unknown'),(563,43,'Unknown'),(563,44,'Low'),(563,46,'High'),(563,47,'Medium'),(563,49,'Medium'),(564,1,'Medium'),(564,4,'Low'),(564,5,'Medium'),(564,10,'Low'),(564,11,'Medium'),(564,12,'Unknown'),(564,17,'High'),(564,18,'Low'),(564,19,'High'),(564,21,'Low'),(564,34,'Medium'),(564,35,'Medium'),(564,37,'Medium'),(564,49,'Medium'),(565,1,'Medium'),(565,2,'Unknown'),(565,3,'Low'),(565,4,'Low'),(565,5,'Medium'),(565,7,'Low'),(565,9,'Low'),(565,18,'Low'),(565,19,'High'),(565,20,'Low'),(565,34,'Medium'),(565,36,'Medium'),(565,37,'Low'),(565,39,'Medium'),(565,40,'Medium'),(565,46,'Unknown'),(566,1,'Low'),(566,2,'Unknown'),(566,3,'Medium'),(566,4,'Unknown'),(566,5,'Unknown'),(566,9,'Medium'),(566,10,'Unknown'),(566,13,'Medium'),(566,18,'Medium'),(566,19,'Low'),(566,22,'Medium'),(566,28,'Medium'),(566,31,'Low'),(566,34,'Unknown'),(566,38,'Low'),(566,40,'Medium'),(566,42,'Low'),(566,45,'High'),(566,47,'High'),(566,49,'Unknown'),(566,50,'Unknown'),(567,2,'High'),(567,6,'Unknown'),(567,13,'Low'),(567,18,'High'),(567,19,'Medium'),(567,22,'Medium'),(567,24,'Low'),(567,25,'Medium'),(567,26,'Low'),(567,30,'Unknown'),(567,31,'Medium'),(567,36,'Medium'),(567,39,'Medium'),(567,40,'Unknown'),(567,42,'Low'),(567,45,'Unknown'),(567,48,'Medium'),(568,2,'Medium'),(568,5,'Medium'),(568,10,'Low'),(568,13,'Low'),(568,16,'Unknown'),(568,18,'Medium'),(568,21,'Medium'),(568,24,'Low'),(568,28,'Medium'),(568,29,'Unknown'),(568,31,'Unknown'),(568,32,'Medium'),(568,33,'Medium'),(568,34,'Medium'),(568,35,'Medium'),(568,38,'Low'),(568,40,'Medium'),(568,44,'Low'),(568,50,'Low'),(569,1,'Low'),(569,2,'High'),(569,7,'Unknown'),(569,8,'Low'),(569,12,'Low'),(569,18,'Medium'),(569,19,'High'),(569,24,'Low'),(569,25,'Unknown'),(569,26,'Low'),(569,30,'High'),(569,39,'Low'),(569,43,'Medium'),(569,44,'Unknown'),(569,45,'High'),(569,49,'Low'),(569,50,'High'),(570,1,'Low'),(570,3,'Medium'),(570,11,'Low'),(570,12,'Medium'),(570,13,'Medium'),(570,15,'Medium'),(570,17,'Medium'),(570,19,'Unknown'),(570,22,'High'),(570,29,'Low'),(570,31,'Low'),(570,35,'Medium'),(570,37,'Medium'),(570,47,'Low'),(570,49,'Low'),(570,50,'High'),(571,2,'Medium'),(571,6,'Low'),(571,7,'Unknown'),(571,9,'Medium'),(571,12,'Unknown'),(571,13,'Low'),(571,23,'High'),(571,24,'Low'),(571,25,'Medium'),(571,40,'Unknown'),(571,42,'Unknown'),(571,43,'Low'),(571,44,'Medium'),(571,48,'Medium'),(572,2,'Low'),(572,4,'Unknown'),(572,7,'Medium'),(572,16,'Unknown'),(572,17,'Medium'),(572,18,'Medium'),(572,21,'High'),(572,26,'Low'),(572,28,'Medium'),(572,33,'High'),(572,37,'Medium'),(572,38,'Medium'),(572,39,'Medium'),(573,10,'High'),(573,13,'Low'),(573,14,'Low'),(573,15,'Unknown'),(573,16,'Unknown'),(573,17,'Low'),(573,18,'Low'),(573,20,'Medium'),(573,24,'Low'),(573,27,'Medium'),(573,29,'High'),(573,33,'Medium'),(573,36,'Low'),(573,38,'Low'),(573,43,'High'),(573,49,'Unknown'),(574,5,'Unknown'),(574,8,'Medium'),(574,9,'Low'),(574,11,'Low'),(574,13,'Medium'),(574,19,'Medium'),(574,20,'Medium'),(574,25,'Medium'),(574,26,'Unknown'),(574,27,'Medium'),(574,30,'Unknown'),(574,32,'Medium'),(574,33,'Medium'),(574,35,'Low'),(574,38,'Low'),(574,40,'High'),(574,42,'High'),(574,44,'Medium'),(574,47,'Low'),(574,48,'High'),(574,49,'Medium'),(575,2,'High'),(575,6,'Medium'),(575,7,'Medium'),(575,9,'Unknown'),(575,10,'High'),(575,11,'Low'),(575,13,'Medium'),(575,16,'Low'),(575,22,'Low'),(575,23,'Low'),(575,24,'Low'),(575,26,'Unknown'),(575,27,'Medium'),(575,30,'Medium'),(575,33,'High'),(575,38,'Low'),(575,42,'Medium'),(575,46,'High'),(575,49,'Low'),(576,1,'Low'),(576,2,'Medium'),(576,4,'Unknown'),(576,5,'Low'),(576,10,'Medium'),(576,11,'Medium'),(576,17,'Unknown'),(576,20,'Low'),(576,21,'Medium'),(576,24,'Unknown'),(576,25,'Low'),(576,30,'High'),(576,32,'Low'),(576,33,'Low'),(576,36,'Medium'),(576,39,'High'),(576,40,'Low'),(576,43,'High'),(576,45,'High'),(576,46,'Medium'),(576,49,'Low'),(577,8,'Low'),(577,14,'Medium'),(577,18,'Low'),(577,19,'Medium'),(577,26,'High'),(577,28,'Medium'),(577,31,'Medium'),(577,36,'Medium'),(577,43,'Unknown'),(577,44,'Unknown'),(577,45,'Medium'),(577,47,'Medium'),(577,48,'Low'),(577,49,'Medium'),(577,50,'Medium'),(578,1,'Medium'),(578,4,'Low'),(578,5,'Unknown'),(578,10,'Unknown'),(578,16,'Medium'),(578,17,'High'),(578,22,'Unknown'),(578,25,'Medium'),(578,26,'Low'),(578,30,'Medium'),(578,31,'Unknown'),(578,35,'High'),(578,38,'High'),(578,40,'Low'),(578,48,'Low'),(579,2,'Low'),(579,3,'Low'),(579,6,'Unknown'),(579,7,'Low'),(579,11,'Medium'),(579,12,'Medium'),(579,18,'Medium'),(579,21,'Unknown'),(579,25,'Medium'),(579,28,'Medium'),(579,29,'Unknown'),(579,32,'High'),(579,33,'High'),(579,41,'Low'),(579,44,'Low'),(579,48,'Low'),(580,6,'Low'),(580,7,'Low'),(580,14,'Unknown'),(580,15,'Unknown'),(580,19,'Medium'),(580,23,'Medium'),(580,24,'Medium'),(580,26,'Unknown'),(580,27,'Unknown'),(580,28,'Low'),(580,29,'Medium'),(580,33,'Low'),(580,34,'Low'),(580,40,'Medium'),(580,41,'Medium'),(581,4,'Medium'),(581,7,'Medium'),(581,8,'Low'),(581,9,'High'),(581,10,'Unknown'),(581,15,'Medium'),(581,17,'High'),(581,25,'Medium'),(581,27,'Medium'),(581,29,'High'),(581,35,'Low'),(581,37,'Medium'),(581,39,'Unknown'),(581,41,'Low'),(581,42,'Medium'),(582,14,'Low'),(582,18,'Medium'),(582,22,'Medium'),(582,27,'Low'),(582,28,'Medium'),(582,31,'Medium'),(582,37,'High'),(582,41,'Unknown'),(582,44,'Unknown'),(582,48,'Low'),(583,2,'Unknown'),(583,3,'Medium'),(583,4,'Medium'),(583,6,'High'),(583,12,'Low'),(583,13,'Low'),(583,14,'Medium'),(583,16,'Low'),(583,17,'Low'),(583,22,'Medium'),(583,28,'Medium'),(583,35,'Unknown'),(583,37,'Medium'),(583,39,'Low'),(583,40,'High'),(583,43,'High'),(583,46,'Medium'),(583,49,'Unknown'),(584,4,'Low'),(584,6,'Low'),(584,8,'Low'),(584,11,'Low'),(584,22,'High'),(584,24,'High'),(584,26,'Low'),(584,28,'Low'),(584,30,'Low'),(584,31,'Unknown'),(584,37,'Medium'),(584,39,'High'),(584,40,'Low'),(584,45,'Medium'),(584,50,'Low'),(585,1,'Medium'),(585,3,'Medium'),(585,4,'Low'),(585,6,'Low'),(585,10,'Unknown'),(585,20,'Low'),(585,28,'Medium'),(585,31,'Medium'),(585,36,'High'),(585,46,'High'),(585,49,'Unknown'),(586,1,'Low'),(586,2,'Unknown'),(586,3,'Unknown'),(586,5,'Low'),(586,12,'Low'),(586,13,'Medium'),(586,15,'Unknown'),(586,16,'Unknown'),(586,21,'Medium'),(586,24,'Low'),(586,25,'Low'),(586,30,'High'),(586,33,'Unknown'),(586,34,'Unknown'),(586,37,'Low'),(586,38,'Unknown'),(586,44,'High'),(586,49,'High'),(587,3,'Low'),(587,6,'Medium'),(587,14,'Medium'),(587,17,'Medium'),(587,20,'Low'),(587,21,'Medium'),(587,33,'Medium'),(587,36,'Low'),(587,38,'Medium'),(587,39,'Medium'),(587,42,'High'),(587,45,'Medium'),(587,49,'Unknown'),(588,2,'Medium'),(588,9,'High'),(588,11,'Medium'),(588,13,'Unknown'),(588,15,'Low'),(588,22,'High'),(588,24,'Medium'),(588,26,'Low'),(588,29,'Medium'),(588,32,'Medium'),(588,44,'Medium'),(588,46,'Medium'),(588,50,'Medium'),(589,3,'Medium'),(589,7,'Medium'),(589,12,'High'),(589,18,'Medium'),(589,24,'Medium'),(589,28,'Low'),(589,29,'Unknown'),(589,30,'Unknown'),(589,33,'Medium'),(589,36,'Unknown'),(589,37,'Low'),(589,41,'Medium'),(589,44,'High'),(589,48,'Low'),(589,50,'High'),(590,3,'High'),(590,4,'Unknown'),(590,14,'High'),(590,16,'High'),(590,18,'Unknown'),(590,21,'Low'),(590,28,'High'),(590,29,'Low'),(590,33,'Unknown'),(590,34,'Medium'),(590,35,'Low'),(590,36,'High'),(590,37,'Unknown'),(590,42,'Medium'),(590,44,'Low'),(590,47,'Medium'),(590,48,'Medium'),(590,49,'Unknown'),(591,4,'Medium'),(591,5,'Low'),(591,7,'Unknown'),(591,9,'Medium'),(591,10,'Low'),(591,12,'High'),(591,13,'Low'),(591,14,'Unknown'),(591,15,'Unknown'),(591,18,'High'),(591,21,'High'),(591,24,'High'),(591,25,'Medium'),(591,30,'Unknown'),(591,31,'Medium'),(591,34,'Unknown'),(591,38,'Medium'),(591,43,'High'),(591,45,'High'),(591,47,'Low'),(591,49,'Low'),(592,4,'Unknown'),(592,10,'Low'),(592,18,'Unknown'),(592,19,'Unknown'),(592,25,'Low'),(592,37,'High'),(592,46,'Medium'),(592,48,'Medium'),(593,2,'High'),(593,9,'Low'),(593,12,'Unknown'),(593,21,'Low'),(593,22,'Unknown'),(593,27,'Low'),(593,28,'Medium'),(593,34,'Low'),(593,37,'Medium'),(593,46,'Medium'),(594,6,'Unknown'),(594,7,'Medium'),(594,11,'Low'),(594,16,'Unknown'),(594,23,'Low'),(594,27,'Low'),(594,30,'Low'),(594,31,'Medium'),(594,36,'Low'),(594,38,'Low'),(594,39,'High'),(594,43,'High'),(594,45,'Unknown'),(594,46,'Low'),(594,50,'Low'),(595,6,'Unknown'),(595,8,'Medium'),(595,12,'High'),(595,15,'Low'),(595,21,'Medium'),(595,27,'Medium'),(595,28,'Medium'),(595,29,'Unknown'),(595,37,'Unknown'),(595,38,'High'),(595,39,'Medium'),(595,40,'Low'),(595,41,'Low'),(595,43,'Low'),(595,46,'Low'),(595,50,'Low'),(596,2,'Unknown'),(596,11,'High'),(596,14,'Low'),(596,15,'Medium'),(596,19,'Low'),(596,24,'Medium'),(596,31,'Medium'),(596,38,'High'),(596,43,'Medium'),(597,3,'Medium'),(597,5,'Unknown'),(597,7,'Low'),(597,8,'Medium'),(597,12,'Medium'),(597,14,'Low'),(597,15,'Low'),(597,16,'Unknown'),(597,17,'Medium'),(597,20,'Medium'),(597,23,'Low'),(597,24,'High'),(597,27,'Low'),(597,31,'Low'),(597,32,'Medium'),(597,34,'High'),(597,40,'Medium'),(597,41,'Medium'),(597,43,'Unknown'),(597,45,'High'),(597,50,'Medium'),(598,6,'High'),(598,12,'Medium'),(598,13,'Medium'),(598,15,'High'),(598,18,'High'),(598,20,'High'),(598,24,'High'),(598,33,'Medium'),(598,34,'Medium'),(598,40,'Unknown'),(598,43,'Low'),(598,49,'Low'),(598,50,'Unknown'),(599,1,'High'),(599,5,'Low'),(599,9,'Medium'),(599,11,'Medium'),(599,12,'Low'),(599,13,'High'),(599,15,'Low'),(599,17,'High'),(599,18,'Low'),(599,20,'High'),(599,26,'Low'),(599,27,'High'),(599,28,'Low'),(599,32,'Low'),(599,33,'High'),(599,36,'Low'),(599,38,'Low'),(599,50,'Low'),(600,1,'Medium'),(600,3,'Low'),(600,6,'Low'),(600,7,'Medium'),(600,10,'Low'),(600,13,'Low'),(600,15,'High'),(600,26,'High'),(600,27,'Medium'),(600,31,'Low'),(600,33,'Medium'),(600,34,'Low'),(600,36,'Low'),(600,38,'Low'),(600,41,'High'),(600,42,'High'),(600,47,'Low'),(601,3,'Low'),(601,4,'Low'),(601,5,'Medium'),(601,7,'Medium'),(601,8,'High'),(601,10,'Low'),(601,13,'Unknown'),(601,15,'Unknown'),(601,17,'High'),(601,18,'High'),(601,19,'High'),(601,21,'High'),(601,22,'Low'),(601,30,'Unknown'),(601,31,'Low'),(601,40,'Unknown'),(601,43,'Unknown'),(601,46,'Low'),(601,49,'Low'),(601,50,'High'),(602,6,'Medium'),(602,9,'Medium'),(602,13,'Medium'),(602,14,'High'),(602,15,'Low'),(602,17,'Medium'),(602,20,'Medium'),(602,21,'Low'),(602,22,'High'),(602,26,'Medium'),(602,32,'Medium'),(602,36,'Unknown'),(602,42,'Low'),(602,44,'Medium'),(602,50,'Medium'),(603,4,'High'),(603,5,'Medium'),(603,6,'Unknown'),(603,9,'Unknown'),(603,15,'Low'),(603,23,'Unknown'),(603,24,'Low'),(603,34,'Low'),(603,35,'Low'),(603,37,'Low'),(603,39,'Medium'),(603,40,'Unknown'),(603,42,'Unknown'),(603,43,'Low'),(603,45,'Medium'),(603,49,'Low'),(604,2,'Low'),(604,3,'High'),(604,11,'High'),(604,13,'Medium'),(604,16,'Medium'),(604,21,'Low'),(604,22,'Medium'),(604,26,'Unknown'),(604,30,'Medium'),(604,31,'Medium'),(604,34,'High'),(604,36,'Low'),(604,38,'Medium'),(604,40,'Unknown'),(604,41,'Unknown'),(604,43,'Low'),(604,44,'High'),(604,46,'Medium'),(604,50,'Unknown'),(605,3,'Medium'),(605,7,'Medium'),(605,8,'Low'),(605,10,'Medium'),(605,17,'Unknown'),(605,19,'Low'),(605,22,'Medium'),(605,24,'High'),(605,27,'High'),(605,36,'Low'),(605,38,'Medium'),(605,40,'Low'),(605,41,'Low'),(605,46,'High'),(605,50,'Medium'),(606,1,'Low'),(606,5,'Low'),(606,8,'Low'),(606,12,'Low'),(606,13,'Low'),(606,15,'Low'),(606,20,'Low'),(606,21,'Medium'),(606,26,'Low'),(606,37,'Low'),(606,38,'Low'),(606,40,'Low'),(606,44,'Unknown'),(606,45,'Low'),(606,49,'Low'),(607,3,'High'),(607,4,'High'),(607,7,'Unknown'),(607,10,'Medium'),(607,14,'Low'),(607,15,'Medium'),(607,18,'Unknown'),(607,19,'Medium'),(607,21,'Medium'),(607,22,'Unknown'),(607,31,'Medium'),(607,32,'Low'),(607,36,'Unknown'),(607,40,'Medium'),(607,50,'Medium'),(608,3,'Low'),(608,7,'High'),(608,9,'Medium'),(608,17,'Medium'),(608,18,'Low'),(608,19,'Low'),(608,24,'Medium'),(608,29,'Low'),(608,30,'Medium'),(608,39,'Low'),(608,46,'Low'),(608,47,'High'),(609,15,'Unknown'),(609,23,'Medium'),(609,25,'Unknown'),(609,26,'Low'),(609,34,'Medium'),(609,37,'High'),(609,41,'Medium'),(609,43,'Low'),(609,44,'Low'),(610,4,'Low'),(610,12,'High'),(610,15,'High'),(610,19,'High'),(610,21,'Medium'),(610,26,'Medium'),(610,33,'Low'),(610,46,'High'),(610,47,'Low'),(611,6,'Low'),(611,7,'Low'),(611,10,'Medium'),(611,11,'Medium'),(611,15,'High'),(611,16,'Medium'),(611,20,'High'),(611,21,'Low'),(611,24,'High'),(611,28,'Medium'),(611,30,'Unknown'),(611,32,'Low'),(611,33,'Low'),(611,35,'High'),(611,37,'Medium'),(611,39,'Low'),(611,40,'High'),(611,41,'Medium'),(611,42,'Low'),(611,43,'Medium'),(611,47,'Unknown'),(612,12,'High'),(612,15,'High'),(612,29,'Low'),(612,30,'Unknown'),(612,35,'Low'),(612,36,'High'),(612,39,'High'),(612,41,'Medium'),(612,42,'Unknown'),(612,44,'Medium'),(613,6,'Medium'),(613,7,'Low'),(613,8,'Low'),(613,9,'Medium'),(613,10,'Medium'),(613,11,'Low'),(613,12,'Unknown'),(613,15,'Medium'),(613,25,'Medium'),(613,26,'Unknown'),(613,28,'High'),(613,33,'Low'),(613,39,'Medium'),(613,46,'Medium'),(613,50,'Unknown'),(614,1,'Medium'),(614,5,'Unknown'),(614,7,'Medium'),(614,8,'High'),(614,11,'Medium'),(614,13,'Medium'),(614,14,'Medium'),(614,25,'Low'),(614,27,'Low'),(614,41,'Medium'),(614,42,'Low'),(614,44,'Unknown'),(615,5,'High'),(615,8,'Medium'),(615,11,'Low'),(615,14,'Medium'),(615,16,'Medium'),(615,17,'High'),(615,20,'Medium'),(615,21,'Medium'),(615,33,'Low'),(615,44,'Low'),(615,46,'Medium'),(615,47,'High'),(615,48,'Low'),(616,11,'Unknown'),(616,19,'Low'),(616,22,'Low'),(616,27,'High'),(616,28,'Medium'),(616,31,'Medium'),(616,32,'High'),(616,33,'High'),(616,34,'Medium'),(616,38,'Medium'),(616,41,'Low'),(616,42,'High'),(616,44,'Low'),(616,49,'Medium'),(617,1,'Low'),(617,3,'Unknown'),(617,5,'Medium'),(617,8,'Medium'),(617,10,'Low'),(617,11,'Low'),(617,17,'Medium'),(617,19,'Medium'),(617,36,'High'),(617,38,'Medium'),(617,40,'High'),(617,41,'Low'),(617,46,'Low'),(618,2,'Low'),(618,3,'Low'),(618,4,'Medium'),(618,5,'Unknown'),(618,7,'Medium'),(618,10,'Unknown'),(618,17,'Low'),(618,21,'Unknown'),(618,27,'Low'),(618,28,'Unknown'),(618,36,'Unknown'),(618,37,'Unknown'),(618,38,'Medium'),(618,42,'Medium'),(618,45,'Low'),(619,2,'Medium'),(619,4,'High'),(619,5,'Medium'),(619,11,'Medium'),(619,16,'Medium'),(619,17,'High'),(619,18,'Unknown'),(619,19,'Low'),(619,30,'Low'),(619,32,'Low'),(619,34,'High'),(619,38,'Medium'),(619,39,'High'),(619,41,'High'),(619,46,'Low'),(619,47,'Medium'),(619,48,'Low'),(620,2,'Unknown'),(620,6,'High'),(620,16,'Low'),(620,23,'Medium'),(620,28,'Low'),(620,29,'High'),(620,33,'Low'),(620,38,'Low'),(620,43,'High'),(620,44,'Medium'),(620,46,'Low'),(620,49,'Medium'),(621,2,'Medium'),(621,3,'High'),(621,5,'Medium'),(621,13,'Unknown'),(621,16,'Low'),(621,19,'Unknown'),(621,20,'Medium'),(621,27,'Unknown'),(621,35,'Medium'),(621,36,'Low'),(621,39,'Medium'),(621,41,'Unknown'),(621,45,'Medium'),(621,49,'Medium'),(621,50,'Unknown'),(622,7,'Medium'),(622,9,'Low'),(622,12,'Low'),(622,20,'Low'),(622,23,'Low'),(622,25,'High'),(622,29,'Low'),(622,33,'High'),(622,35,'Medium'),(622,36,'Medium'),(622,46,'Medium'),(622,47,'High'),(622,48,'Unknown'),(623,4,'Medium'),(623,13,'Low'),(623,14,'Unknown'),(623,16,'Low'),(623,18,'High'),(623,19,'Low'),(623,22,'Low'),(623,27,'Unknown'),(623,31,'High'),(623,32,'Low'),(623,33,'Medium'),(623,36,'Low'),(623,39,'Medium'),(623,40,'Medium'),(623,43,'Low'),(624,1,'Medium'),(624,7,'Medium'),(624,11,'Medium'),(624,13,'Medium'),(624,23,'Medium'),(624,24,'High'),(624,26,'Low'),(624,27,'Low'),(624,31,'Low'),(624,33,'Medium'),(624,34,'Medium'),(624,35,'Medium'),(624,36,'Low'),(624,40,'Low'),(624,43,'Unknown'),(624,44,'Medium'),(625,2,'Medium'),(625,4,'Unknown'),(625,5,'Unknown'),(625,10,'Medium'),(625,13,'Low'),(625,14,'Low'),(625,15,'Medium'),(625,16,'High'),(625,18,'Unknown'),(625,20,'High'),(625,24,'Medium'),(625,26,'Medium'),(625,27,'Low'),(625,31,'High'),(625,33,'Unknown'),(625,35,'Medium'),(625,41,'Low'),(625,42,'Low'),(625,45,'High'),(625,46,'Medium'),(625,47,'Medium'),(625,49,'Medium'),(626,3,'Medium'),(626,14,'Low'),(626,17,'Low'),(626,18,'Unknown'),(626,20,'Low'),(626,22,'Low'),(626,23,'Medium'),(626,24,'Medium'),(626,35,'Medium'),(626,37,'High'),(626,38,'Medium'),(626,43,'High'),(626,46,'Medium'),(626,47,'High'),(626,50,'High'),(627,3,'Unknown'),(627,10,'Unknown'),(627,14,'Medium'),(627,22,'Medium'),(627,29,'High'),(627,32,'Low'),(627,33,'Medium'),(627,37,'Unknown'),(627,41,'Low'),(627,42,'Medium'),(627,43,'Medium'),(627,44,'High'),(627,45,'Unknown'),(627,47,'Low'),(628,2,'Low'),(628,4,'Low'),(628,8,'Low'),(628,10,'High'),(628,12,'Unknown'),(628,15,'Unknown'),(628,16,'High'),(628,20,'Unknown'),(628,22,'Medium'),(628,23,'Low'),(628,25,'Low'),(628,26,'High'),(628,27,'High'),(628,30,'Low'),(628,34,'Unknown'),(628,37,'High'),(628,41,'Low'),(628,43,'High'),(628,45,'High'),(628,47,'Unknown'),(629,7,'Low'),(629,11,'Medium'),(629,12,'Unknown'),(629,13,'Unknown'),(629,15,'Medium'),(629,20,'Unknown'),(629,37,'Low'),(629,38,'Medium'),(629,46,'Unknown'),(629,50,'Low'),(630,2,'Low'),(630,3,'Medium'),(630,10,'High'),(630,11,'Low'),(630,15,'High'),(630,22,'Low'),(630,23,'Low'),(630,24,'High'),(630,29,'Medium'),(630,30,'Low'),(630,36,'Medium'),(630,40,'High'),(630,41,'Low'),(630,42,'Low'),(630,45,'Low'),(630,46,'Medium'),(630,50,'Low'),(631,9,'Unknown'),(631,10,'High'),(631,11,'Medium'),(631,13,'Medium'),(631,17,'Medium'),(631,19,'Low'),(631,21,'Unknown'),(631,22,'Medium'),(631,24,'Low'),(631,25,'Low'),(631,27,'High'),(631,28,'Low'),(631,29,'High'),(631,30,'Unknown'),(631,34,'Low'),(631,35,'Low'),(631,38,'Low'),(631,40,'Low'),(631,44,'High'),(631,46,'Low'),(631,47,'Medium'),(631,48,'Medium'),(632,3,'Unknown'),(632,6,'Medium'),(632,8,'Low'),(632,9,'Low'),(632,10,'High'),(632,13,'High'),(632,18,'Medium'),(632,21,'Unknown'),(632,23,'High'),(632,24,'Low'),(632,32,'Low'),(632,38,'Medium'),(632,40,'Medium'),(632,47,'Medium'),(633,4,'Low'),(633,10,'Medium'),(633,12,'Low'),(633,13,'Medium'),(633,14,'High'),(633,16,'Medium'),(633,17,'Low'),(633,20,'Low'),(633,21,'Low'),(633,33,'Low'),(633,34,'Medium'),(633,38,'High'),(633,41,'Low'),(633,45,'Low'),(633,48,'Unknown'),(633,49,'Medium'),(634,3,'High'),(634,4,'Unknown'),(634,5,'Medium'),(634,6,'Medium'),(634,10,'Medium'),(634,12,'Low'),(634,15,'Low'),(634,18,'High'),(634,21,'Medium'),(634,23,'Medium'),(634,27,'Low'),(634,28,'Low'),(634,30,'Low'),(634,31,'High'),(634,35,'Unknown'),(634,40,'Medium'),(634,41,'Low'),(634,42,'Medium'),(634,43,'Low'),(634,45,'Low'),(634,49,'Low'),(634,50,'Low'),(635,1,'High'),(635,11,'High'),(635,14,'Low'),(635,15,'High'),(635,18,'Medium'),(635,21,'Low'),(635,23,'Medium'),(635,30,'Low'),(635,32,'Unknown'),(635,35,'Low'),(635,38,'Low'),(635,39,'Low'),(635,45,'Low'),(635,48,'Medium'),(636,3,'High'),(636,10,'High'),(636,11,'Unknown'),(636,12,'Low'),(636,21,'Low'),(636,23,'Medium'),(636,27,'Medium'),(636,31,'Low'),(636,36,'Unknown'),(636,37,'Unknown'),(636,38,'Medium'),(636,42,'Low'),(637,1,'High'),(637,2,'Low'),(637,3,'Unknown'),(637,4,'Medium'),(637,5,'Low'),(637,7,'Low'),(637,10,'High'),(637,13,'High'),(637,16,'Low'),(637,25,'Low'),(637,26,'Low'),(637,40,'Medium'),(637,41,'Low'),(637,48,'Low'),(637,49,'Low'),(637,50,'Low'),(638,8,'Unknown'),(638,18,'Low'),(638,22,'Medium'),(638,25,'Medium'),(638,28,'High'),(638,29,'Medium'),(638,36,'Medium'),(638,38,'Medium'),(638,39,'Low'),(638,43,'High'),(638,48,'Low'),(639,8,'Medium'),(639,11,'Medium'),(639,12,'Low'),(639,22,'Medium'),(639,24,'High'),(639,25,'Medium'),(639,27,'Medium'),(639,28,'Medium'),(639,31,'High'),(639,36,'Low'),(639,38,'High'),(639,40,'Medium'),(639,42,'Medium'),(639,43,'Medium'),(639,44,'Low'),(639,46,'Medium'),(640,5,'Low'),(640,6,'High'),(640,12,'High'),(640,16,'Low'),(640,17,'Medium'),(640,19,'Low'),(640,21,'Medium'),(640,24,'Low'),(640,25,'Low'),(640,26,'Medium'),(640,30,'Unknown'),(640,34,'High'),(640,38,'Low'),(640,44,'Low'),(640,45,'Low'),(640,50,'Low'),(641,5,'High'),(641,10,'Medium'),(641,21,'Medium'),(641,24,'Medium'),(641,25,'Medium'),(641,28,'Low'),(641,31,'Low'),(641,37,'Medium'),(641,42,'High'),(641,43,'Low'),(642,2,'Medium'),(642,4,'Unknown'),(642,9,'High'),(642,11,'High'),(642,13,'Low'),(642,15,'Medium'),(642,17,'Unknown'),(642,18,'Medium'),(642,23,'Low'),(642,29,'Low'),(642,31,'Low'),(642,33,'Medium'),(642,34,'Unknown'),(642,36,'Low'),(642,41,'Unknown'),(642,46,'Medium'),(642,50,'Medium'),(643,1,'Medium'),(643,3,'Low'),(643,4,'Unknown'),(643,5,'Unknown'),(643,7,'Medium'),(643,8,'Unknown'),(643,9,'Medium'),(643,10,'Unknown'),(643,12,'High'),(643,13,'Medium'),(643,16,'High'),(643,24,'Low'),(643,25,'High'),(643,26,'Medium'),(643,31,'High'),(643,32,'High'),(643,33,'Unknown'),(643,34,'Medium'),(643,37,'Low'),(643,40,'Medium'),(643,45,'Medium'),(643,46,'Low'),(643,48,'Unknown'),(644,2,'Low'),(644,13,'Unknown'),(644,16,'Low'),(644,17,'Low'),(644,27,'Unknown'),(644,29,'Unknown'),(644,31,'Low'),(644,39,'Unknown'),(644,40,'Low'),(644,42,'Medium'),(645,1,'High'),(645,3,'Unknown'),(645,6,'Unknown'),(645,8,'Unknown'),(645,9,'Medium'),(645,16,'Unknown'),(645,18,'High'),(645,24,'Low'),(645,25,'Medium'),(645,28,'Low'),(645,29,'Low'),(645,33,'Low'),(645,38,'Low'),(645,39,'Medium'),(645,41,'Low'),(645,42,'High'),(645,45,'Low'),(646,1,'High'),(646,4,'Medium'),(646,6,'High'),(646,8,'Low'),(646,13,'Low'),(646,16,'Medium'),(646,18,'Low'),(646,21,'Low'),(646,25,'Medium'),(646,27,'Unknown'),(646,30,'Medium'),(646,34,'Low'),(646,36,'Medium'),(646,41,'Medium'),(646,43,'High'),(646,46,'High'),(646,48,'Medium'),(647,3,'High'),(647,5,'High'),(647,7,'High'),(647,11,'Unknown'),(647,12,'Medium'),(647,13,'Low'),(647,15,'Low'),(647,19,'Medium'),(647,20,'Unknown'),(647,23,'Low'),(647,24,'Unknown'),(647,26,'Unknown'),(647,31,'Unknown'),(647,46,'Low'),(647,50,'Low'),(648,3,'Low'),(648,13,'Medium'),(648,18,'Unknown'),(648,21,'Medium'),(648,25,'Low'),(648,26,'Medium'),(648,28,'Low'),(648,29,'Unknown'),(648,30,'Unknown'),(648,38,'Low'),(648,39,'High'),(648,40,'Low'),(648,42,'Low'),(648,43,'High'),(648,47,'Low'),(648,50,'Low'),(649,2,'Unknown'),(649,7,'Unknown'),(649,10,'Low'),(649,16,'Medium'),(649,23,'Medium'),(649,25,'Low'),(649,29,'Unknown'),(649,35,'Low'),(649,36,'Low'),(649,37,'Low'),(649,40,'Low'),(649,43,'Low'),(649,46,'Unknown'),(650,4,'Medium'),(650,6,'Medium'),(650,16,'High'),(650,19,'Medium'),(650,22,'Medium'),(650,23,'Low'),(650,26,'Unknown'),(650,30,'Medium'),(650,34,'High'),(650,38,'Low'),(650,40,'High'),(650,42,'Unknown'),(650,43,'Low'),(650,44,'Medium'),(650,46,'Medium'),(651,3,'Low'),(651,7,'Unknown'),(651,8,'High'),(651,11,'Low'),(651,15,'Low'),(651,17,'High'),(651,19,'Low'),(651,20,'Unknown'),(651,24,'Low'),(651,25,'Medium'),(651,27,'High'),(651,32,'High'),(651,34,'Medium'),(651,36,'Unknown'),(651,37,'Medium'),(651,38,'Low'),(651,40,'Medium'),(651,41,'Medium'),(652,5,'Medium'),(652,12,'Low'),(652,13,'Medium'),(652,26,'Low'),(652,27,'High'),(652,29,'High'),(652,38,'Medium'),(652,40,'Unknown'),(652,44,'Medium'),(652,50,'Medium'),(653,1,'High'),(653,2,'Medium'),(653,3,'Low'),(653,4,'Low'),(653,10,'High'),(653,12,'Unknown'),(653,20,'Low'),(653,25,'Medium'),(653,31,'Low'),(653,39,'Medium'),(653,45,'Medium'),(653,48,'Medium'),(654,1,'Low'),(654,8,'Low'),(654,10,'High'),(654,14,'Medium'),(654,16,'Medium'),(654,17,'Medium'),(654,20,'Unknown'),(654,23,'Medium'),(654,28,'Low'),(654,32,'Medium'),(654,33,'Unknown'),(654,37,'Medium'),(654,47,'Low'),(654,48,'High'),(654,49,'Unknown'),(654,50,'High'),(655,1,'Medium'),(655,4,'Medium'),(655,6,'High'),(655,8,'Low'),(655,9,'High'),(655,19,'Low'),(655,23,'Low'),(655,27,'Medium'),(655,29,'Medium'),(655,31,'Low'),(655,33,'Low'),(655,34,'Medium'),(655,35,'Unknown'),(655,44,'Unknown'),(655,45,'High'),(655,46,'Medium'),(655,50,'Unknown'),(656,2,'High'),(656,3,'Unknown'),(656,15,'Medium'),(656,18,'Medium'),(656,20,'High'),(656,21,'Low'),(656,24,'Medium'),(656,27,'Low'),(656,29,'Medium'),(656,31,'Medium'),(656,33,'Low'),(656,36,'Medium'),(656,37,'Medium'),(656,42,'Unknown'),(656,45,'High'),(656,48,'Unknown'),(657,3,'Unknown'),(657,6,'High'),(657,9,'Low'),(657,12,'Medium'),(657,18,'Unknown'),(657,21,'Low'),(657,22,'Low'),(657,23,'Low'),(657,24,'Low'),(657,29,'High'),(657,30,'Unknown'),(657,31,'Medium'),(657,32,'High'),(657,39,'Medium'),(657,41,'Low'),(657,42,'Medium'),(658,10,'Medium'),(658,12,'Medium'),(658,17,'Unknown'),(658,18,'Medium'),(658,22,'Medium'),(658,29,'High'),(658,31,'High'),(658,41,'High'),(658,44,'Medium'),(658,49,'Unknown'),(659,2,'Medium'),(659,3,'Medium'),(659,5,'Medium'),(659,13,'Unknown'),(659,21,'High'),(659,25,'Low'),(659,27,'Medium'),(659,30,'Medium'),(659,33,'Medium'),(659,37,'Medium'),(659,39,'Medium'),(659,41,'Medium'),(659,42,'Medium'),(660,6,'Medium'),(660,10,'Medium'),(660,13,'Medium'),(660,14,'Low'),(660,28,'Low'),(660,31,'Medium'),(660,32,'High'),(660,39,'High'),(660,40,'High'),(660,49,'Low'),(661,3,'Medium'),(661,4,'Medium'),(661,5,'Low'),(661,6,'Medium'),(661,7,'High'),(661,8,'Low'),(661,14,'High'),(661,15,'Medium'),(661,20,'Medium'),(661,21,'Medium'),(661,23,'Medium'),(661,25,'Medium'),(661,33,'Medium'),(661,34,'Unknown'),(661,36,'Unknown'),(661,37,'Medium'),(661,46,'High'),(662,3,'Unknown'),(662,4,'Low'),(662,7,'Medium'),(662,11,'High'),(662,17,'Medium'),(662,18,'Low'),(662,26,'Low'),(662,32,'High'),(662,34,'Low'),(662,42,'Low'),(662,46,'Low'),(662,49,'Low'),(663,1,'Unknown'),(663,3,'Medium'),(663,4,'Low'),(663,6,'Medium'),(663,8,'Unknown'),(663,11,'Unknown'),(663,14,'Medium'),(663,21,'Medium'),(663,24,'Medium'),(663,36,'Low'),(663,38,'Low'),(663,42,'Medium'),(663,50,'Low'),(664,1,'Medium'),(664,3,'High'),(664,5,'High'),(664,7,'Medium'),(664,8,'Medium'),(664,11,'Low'),(664,14,'Medium'),(664,16,'Medium'),(664,21,'Low'),(664,22,'High'),(664,25,'Low'),(664,27,'Medium'),(664,32,'Unknown'),(664,36,'High'),(664,38,'Medium'),(664,41,'Medium'),(664,46,'Low'),(664,47,'Low'),(664,48,'Low'),(665,3,'Unknown'),(665,8,'Medium'),(665,14,'Low'),(665,17,'High'),(665,18,'Medium'),(665,19,'High'),(665,25,'Low'),(665,30,'Unknown'),(665,32,'High'),(665,37,'Medium'),(665,39,'Unknown'),(665,40,'High'),(665,41,'High'),(665,45,'Medium'),(666,8,'Low'),(666,10,'Low'),(666,20,'Medium'),(666,25,'Unknown'),(666,26,'Low'),(666,27,'Medium'),(666,28,'Unknown'),(666,40,'Medium'),(666,44,'Low'),(666,45,'Medium'),(666,49,'Medium'),(666,50,'Unknown'),(667,4,'Medium'),(667,6,'Low'),(667,10,'Medium'),(667,11,'Low'),(667,12,'High'),(667,14,'Unknown'),(667,17,'Medium'),(667,31,'Low'),(667,32,'Unknown'),(667,34,'Medium'),(667,38,'High'),(667,41,'Low'),(667,43,'Medium'),(667,45,'High'),(667,49,'High'),(668,3,'Unknown'),(668,4,'High'),(668,6,'Unknown'),(668,7,'Low'),(668,15,'Medium'),(668,20,'Low'),(668,26,'Medium'),(668,44,'Low'),(668,45,'Low'),(668,49,'Medium'),(669,5,'Unknown'),(669,7,'Medium'),(669,11,'High'),(669,12,'Medium'),(669,13,'Medium'),(669,15,'Unknown'),(669,24,'Medium'),(669,26,'Low'),(669,30,'Medium'),(669,31,'Medium'),(669,44,'Low'),(669,46,'Low'),(669,50,'Unknown'),(670,2,'Low'),(670,4,'Medium'),(670,5,'Medium'),(670,6,'Medium'),(670,11,'Low'),(670,15,'Unknown'),(670,17,'Medium'),(670,19,'High'),(670,32,'Unknown'),(670,34,'Low'),(670,35,'Medium'),(670,38,'Unknown'),(670,44,'Unknown'),(670,45,'Medium'),(670,46,'Low'),(671,1,'Medium'),(671,3,'Low'),(671,6,'Medium'),(671,12,'Medium'),(671,16,'High'),(671,25,'Medium'),(671,26,'Unknown'),(671,28,'Medium'),(671,29,'High'),(671,31,'Low'),(671,34,'Medium'),(671,42,'Medium'),(671,43,'Unknown'),(671,46,'Low'),(672,10,'High'),(672,14,'High'),(672,18,'Unknown'),(672,20,'Low'),(672,23,'Low'),(672,26,'High'),(672,29,'Medium'),(672,30,'Low'),(672,38,'Medium'),(672,50,'Low'),(673,1,'Low'),(673,9,'Unknown'),(673,10,'Unknown'),(673,20,'High'),(673,27,'Medium'),(673,29,'High'),(673,30,'Unknown'),(673,32,'Unknown'),(673,36,'Low'),(674,2,'Medium'),(674,3,'Unknown'),(674,4,'Medium'),(674,6,'Medium'),(674,13,'High'),(674,17,'Medium'),(674,19,'Low'),(674,22,'High'),(674,23,'Medium'),(674,26,'Low'),(674,27,'High'),(674,29,'Unknown'),(674,33,'Unknown'),(674,35,'Low'),(674,36,'Low'),(674,37,'Low'),(674,44,'High'),(674,45,'Medium'),(674,49,'Medium'),(675,1,'Medium'),(675,4,'Medium'),(675,5,'Medium'),(675,8,'Low'),(675,10,'Medium'),(675,13,'Unknown'),(675,14,'Medium'),(675,19,'Unknown'),(675,20,'Low'),(675,22,'Medium'),(675,23,'Medium'),(675,24,'Medium'),(675,34,'Medium'),(675,43,'High'),(675,45,'Low'),(675,46,'Low'),(676,2,'Medium'),(676,5,'Medium'),(676,9,'Low'),(676,19,'Low'),(676,20,'Unknown'),(676,27,'Medium'),(676,29,'Unknown'),(676,32,'Unknown'),(676,33,'Medium'),(676,35,'Low'),(676,36,'Low'),(676,40,'Unknown'),(676,42,'Unknown'),(676,45,'Medium'),(676,50,'Low'),(677,2,'High'),(677,4,'Low'),(677,6,'Unknown'),(677,8,'Medium'),(677,10,'Unknown'),(677,13,'High'),(677,15,'High'),(677,17,'Unknown'),(677,19,'Unknown'),(677,21,'Medium'),(677,24,'Unknown'),(677,28,'Low'),(677,29,'Low'),(677,31,'Unknown'),(677,36,'Unknown'),(677,40,'Low'),(677,41,'Medium'),(677,43,'Low'),(677,44,'Unknown'),(677,45,'Unknown'),(677,48,'Unknown'),(677,50,'Unknown'),(678,6,'Medium'),(678,7,'Medium'),(678,9,'Medium'),(678,10,'Medium'),(678,15,'Low'),(678,22,'High'),(678,23,'Medium'),(678,32,'Low'),(678,34,'Medium'),(678,39,'High'),(678,40,'Low'),(678,43,'Medium'),(679,2,'Medium'),(679,4,'Low'),(679,6,'Low'),(679,7,'Medium'),(679,8,'High'),(679,11,'Low'),(679,21,'Low'),(679,25,'High'),(679,31,'High'),(679,32,'High'),(679,33,'High'),(679,34,'Low'),(679,38,'Low'),(679,46,'Unknown'),(679,47,'Medium'),(680,1,'Medium'),(680,17,'Medium'),(680,24,'Medium'),(680,26,'Medium'),(680,30,'Unknown'),(680,42,'High'),(680,43,'Low'),(680,46,'Low'),(680,47,'Medium'),(680,50,'High'),(681,1,'Unknown'),(681,16,'Medium'),(681,19,'Medium'),(681,22,'Medium'),(681,27,'Unknown'),(681,30,'Unknown'),(681,31,'Low'),(681,35,'Low'),(681,39,'Unknown'),(681,48,'Unknown'),(681,50,'Low'),(682,2,'Low'),(682,6,'Low'),(682,9,'Unknown'),(682,12,'Medium'),(682,14,'High'),(682,15,'Unknown'),(682,18,'High'),(682,19,'Low'),(682,21,'Unknown'),(682,22,'Medium'),(682,23,'Medium'),(682,24,'Unknown'),(682,25,'High'),(682,26,'Low'),(682,29,'Medium'),(682,39,'High'),(682,41,'Low'),(682,45,'Medium'),(682,49,'Low'),(682,50,'High'),(683,1,'Medium'),(683,3,'Medium'),(683,4,'Low'),(683,6,'Medium'),(683,12,'Low'),(683,17,'Low'),(683,21,'Medium'),(683,25,'Medium'),(683,30,'Low'),(683,31,'Low'),(683,35,'Low'),(683,40,'Medium'),(683,41,'Medium'),(683,43,'Low'),(683,44,'High'),(683,45,'Low'),(684,4,'Low'),(684,6,'Medium'),(684,10,'Unknown'),(684,12,'Medium'),(684,13,'Low'),(684,16,'Medium'),(684,18,'Medium'),(684,26,'High'),(684,27,'Medium'),(684,29,'Medium'),(684,30,'High'),(684,34,'Low'),(684,36,'Low'),(684,37,'Low'),(684,38,'Low'),(684,41,'Low'),(684,42,'Low'),(684,46,'Unknown'),(685,4,'Medium'),(685,6,'Medium'),(685,11,'Medium'),(685,12,'Low'),(685,14,'Unknown'),(685,16,'Low'),(685,18,'Low'),(685,20,'Low'),(685,21,'Medium'),(685,24,'Low'),(685,25,'High'),(685,26,'Medium'),(685,30,'Low'),(685,33,'Medium'),(685,35,'Low'),(685,36,'Medium'),(685,37,'High'),(685,42,'Low'),(685,44,'High'),(685,46,'Medium'),(685,48,'Low'),(685,49,'Low'),(686,1,'Low'),(686,5,'Medium'),(686,6,'Unknown'),(686,8,'Low'),(686,9,'Low'),(686,20,'High'),(686,21,'Low'),(686,23,'Low'),(686,24,'Low'),(686,25,'High'),(686,35,'Low'),(686,36,'Low'),(686,38,'Low'),(686,40,'Low'),(686,46,'High'),(686,47,'Medium'),(686,48,'Low'),(686,50,'Medium'),(687,9,'High'),(687,10,'Unknown'),(687,13,'Low'),(687,14,'Low'),(687,16,'Low'),(687,17,'Low'),(687,29,'Low'),(687,31,'Low'),(687,32,'Medium'),(687,34,'Low'),(687,47,'High'),(687,49,'Medium'),(688,7,'Low'),(688,8,'Low'),(688,9,'Medium'),(688,11,'Low'),(688,15,'Unknown'),(688,16,'Low'),(688,17,'Unknown'),(688,19,'Low'),(688,21,'Medium'),(688,23,'Medium'),(688,26,'Unknown'),(688,29,'Low'),(688,32,'High'),(688,48,'Medium'),(688,49,'Low'),(689,10,'High'),(689,11,'Low'),(689,14,'Medium'),(689,17,'Unknown'),(689,18,'Unknown'),(689,19,'Medium'),(689,33,'Unknown'),(689,36,'High'),(689,37,'Low'),(689,38,'Medium'),(689,41,'Medium'),(689,44,'Unknown'),(689,47,'Low'),(690,4,'Unknown'),(690,6,'Medium'),(690,7,'Medium'),(690,9,'Medium'),(690,10,'Medium'),(690,11,'Low'),(690,19,'Low'),(690,24,'Medium'),(690,27,'Low'),(690,29,'Medium'),(690,34,'Unknown'),(690,47,'Low'),(690,50,'Unknown'),(691,2,'Medium'),(691,4,'Low'),(691,9,'High'),(691,14,'Unknown'),(691,18,'Medium'),(691,19,'Low'),(691,20,'Low'),(691,26,'Low'),(691,27,'Low'),(691,31,'Low'),(691,32,'Medium'),(691,36,'Medium'),(691,44,'High'),(691,50,'Medium'),(692,4,'Low'),(692,12,'Low'),(692,20,'Unknown'),(692,21,'Medium'),(692,22,'Medium'),(692,23,'High'),(692,24,'Low'),(692,25,'Unknown'),(692,26,'Low'),(692,27,'Low'),(692,30,'Unknown'),(692,31,'High'),(692,33,'Unknown'),(692,35,'High'),(692,38,'High'),(692,41,'Unknown'),(692,42,'Low'),(692,43,'Low'),(692,46,'Medium'),(692,48,'Low'),(692,49,'Low'),(692,50,'High'),(693,1,'Low'),(693,5,'Medium'),(693,8,'Low'),(693,9,'High'),(693,16,'Low'),(693,24,'Low'),(693,29,'Medium'),(693,32,'Unknown'),(693,34,'Medium'),(693,35,'Low'),(693,38,'Medium'),(693,39,'Low'),(693,41,'Medium'),(693,42,'Low'),(693,47,'Medium'),(693,49,'High'),(694,1,'Medium'),(694,10,'Medium'),(694,11,'Low'),(694,14,'Medium'),(694,16,'Medium'),(694,20,'Unknown'),(694,22,'Low'),(694,24,'High'),(694,30,'Low'),(694,37,'Low'),(694,39,'Medium'),(694,41,'Medium'),(694,44,'Low'),(694,47,'Medium'),(694,49,'Medium'),(695,10,'Low'),(695,14,'Medium'),(695,19,'Medium'),(695,29,'Medium'),(695,30,'Unknown'),(695,37,'High'),(695,47,'High'),(695,49,'Medium'),(695,50,'Low'),(696,3,'Medium'),(696,11,'Low'),(696,15,'Unknown'),(696,20,'High'),(696,31,'Low'),(696,38,'Low'),(696,41,'Medium'),(696,45,'High'),(696,46,'Low'),(696,47,'High'),(696,48,'High'),(696,49,'Medium'),(697,4,'Low'),(697,13,'High'),(697,15,'Medium'),(697,16,'Low'),(697,20,'Medium'),(697,27,'Low'),(697,35,'Low'),(697,38,'Unknown'),(697,47,'Medium'),(697,49,'Low'),(698,1,'Medium'),(698,5,'High'),(698,8,'High'),(698,9,'Low'),(698,11,'High'),(698,14,'Low'),(698,16,'High'),(698,18,'Medium'),(698,30,'Low'),(698,33,'Unknown'),(698,39,'Medium'),(698,42,'Medium'),(698,43,'High'),(698,46,'Low'),(698,47,'Unknown'),(699,2,'Medium'),(699,3,'Low'),(699,7,'Medium'),(699,13,'Low'),(699,15,'Low'),(699,18,'High'),(699,22,'Medium'),(699,25,'Low'),(699,28,'Low'),(699,30,'Low'),(699,31,'Unknown'),(699,35,'High'),(699,37,'Unknown'),(699,43,'Low'),(699,49,'Medium'),(700,2,'High'),(700,3,'Unknown'),(700,5,'Low'),(700,6,'High'),(700,10,'Medium'),(700,14,'Low'),(700,19,'Low'),(700,20,'Medium'),(700,21,'Medium'),(700,29,'Unknown'),(700,32,'Medium'),(700,37,'Low'),(700,40,'High'),(700,41,'High'),(700,43,'Low'),(700,44,'Medium'),(700,45,'Medium'),(700,46,'Medium'),(700,48,'Low'),(701,1,'High'),(701,5,'Low'),(701,6,'Unknown'),(701,11,'Unknown'),(701,17,'High'),(701,20,'High'),(701,23,'Low'),(701,24,'Low'),(701,27,'Low'),(701,29,'Low'),(701,30,'Medium'),(701,35,'Medium'),(701,36,'Low'),(701,39,'Unknown'),(701,44,'Low'),(701,46,'Low'),(701,47,'Unknown'),(701,49,'Low'),(702,1,'Medium'),(702,5,'Unknown'),(702,12,'Unknown'),(702,16,'High'),(702,18,'Medium'),(702,19,'Low'),(702,21,'Low'),(702,35,'High'),(702,36,'Unknown'),(702,46,'High'),(702,47,'Low'),(702,48,'Medium'),(702,50,'Medium'),(703,1,'High'),(703,3,'Low'),(703,7,'Low'),(703,8,'Medium'),(703,9,'High'),(703,12,'High'),(703,14,'Low'),(703,19,'Low'),(703,22,'High'),(703,23,'Low'),(703,34,'Medium'),(703,35,'Low'),(703,36,'High'),(703,43,'Medium'),(703,45,'Medium'),(703,46,'Medium'),(703,47,'Unknown'),(704,1,'Medium'),(704,2,'High'),(704,3,'Unknown'),(704,8,'Unknown'),(704,13,'Medium'),(704,15,'High'),(704,19,'Medium'),(704,23,'Low'),(704,29,'Low'),(704,30,'High'),(704,34,'Medium'),(704,38,'Low'),(704,42,'Low'),(704,43,'Medium'),(704,46,'Low'),(704,49,'High'),(705,1,'Medium'),(705,2,'Low'),(705,6,'Low'),(705,8,'Medium'),(705,10,'Low'),(705,11,'Unknown'),(705,14,'High'),(705,18,'Unknown'),(705,24,'Low'),(705,26,'Low'),(705,31,'Medium'),(705,32,'Medium'),(705,33,'Medium'),(705,34,'Low'),(705,37,'Low'),(705,47,'Medium'),(706,1,'Unknown'),(706,4,'Low'),(706,5,'Low'),(706,12,'Low'),(706,13,'Low'),(706,16,'Medium'),(706,23,'Medium'),(706,24,'Unknown'),(706,31,'Unknown'),(706,36,'Unknown'),(706,37,'High'),(706,44,'High'),(706,45,'Unknown'),(706,48,'Low'),(707,1,'Low'),(707,2,'Medium'),(707,4,'Medium'),(707,7,'Low'),(707,8,'Medium'),(707,15,'Unknown'),(707,16,'Low'),(707,18,'Unknown'),(707,19,'Low'),(707,20,'Medium'),(707,22,'Medium'),(707,24,'Low'),(707,27,'Unknown'),(707,31,'Low'),(707,34,'Unknown'),(707,36,'Medium'),(707,42,'Medium'),(707,43,'Low'),(707,44,'Low'),(707,46,'Medium'),(707,48,'Unknown'),(708,7,'Low'),(708,10,'High'),(708,11,'Low'),(708,24,'Medium'),(708,28,'Medium'),(708,29,'Medium'),(708,32,'Medium'),(708,35,'High'),(708,38,'Low'),(708,41,'Low'),(708,44,'Low'),(708,45,'Medium'),(708,49,'High'),(708,50,'Unknown'),(709,5,'Medium'),(709,12,'Medium'),(709,13,'High'),(709,14,'Low'),(709,16,'Medium'),(709,22,'High'),(709,24,'Low'),(709,26,'Medium'),(709,27,'Medium'),(709,31,'Medium'),(709,33,'Medium'),(709,36,'High'),(709,37,'High'),(709,45,'Medium'),(709,48,'Medium'),(710,7,'Medium'),(710,8,'High'),(710,10,'Unknown'),(710,22,'Unknown'),(710,24,'High'),(710,26,'Medium'),(710,28,'Unknown'),(710,30,'Medium'),(710,31,'Low'),(710,35,'Medium'),(710,41,'Low'),(710,42,'High'),(710,46,'Low'),(711,1,'Medium'),(711,3,'Unknown'),(711,4,'Unknown'),(711,12,'Low'),(711,16,'Low'),(711,18,'Low'),(711,26,'Unknown'),(711,27,'Medium'),(711,28,'Medium'),(711,31,'Low'),(711,33,'High'),(711,37,'Unknown'),(711,40,'Unknown'),(711,43,'Medium'),(711,44,'Medium'),(711,47,'Medium'),(711,49,'Unknown'),(712,4,'High'),(712,7,'Low'),(712,8,'Low'),(712,9,'High'),(712,10,'Low'),(712,15,'Unknown'),(712,18,'High'),(712,19,'Low'),(712,21,'Low'),(712,22,'High'),(712,30,'Unknown'),(712,31,'High'),(712,37,'Low'),(712,42,'Medium'),(712,43,'High'),(712,45,'High'),(712,46,'High'),(712,47,'Medium'),(713,4,'Unknown'),(713,7,'Unknown'),(713,8,'Low'),(713,13,'Low'),(713,19,'Medium'),(713,24,'Unknown'),(713,32,'Medium'),(713,34,'Medium'),(713,35,'Medium'),(713,38,'Medium'),(713,42,'Low'),(713,43,'Medium'),(713,45,'High'),(713,47,'Unknown'),(713,49,'Medium'),(714,1,'Unknown'),(714,2,'Low'),(714,8,'Medium'),(714,9,'Unknown'),(714,12,'Low'),(714,14,'High'),(714,15,'Medium'),(714,16,'Medium'),(714,18,'High'),(714,23,'High'),(714,25,'Low'),(714,26,'Low'),(714,28,'Low'),(714,34,'Unknown'),(714,38,'High'),(714,40,'Medium'),(714,43,'Low'),(714,44,'High'),(714,46,'Medium'),(714,48,'Low'),(714,49,'Unknown'),(715,1,'High'),(715,4,'Medium'),(715,9,'Low'),(715,10,'Medium'),(715,12,'High'),(715,13,'Medium'),(715,14,'Low'),(715,15,'Medium'),(715,19,'Unknown'),(715,21,'High'),(715,23,'Medium'),(715,26,'Medium'),(715,34,'Low'),(715,37,'Low'),(715,38,'Medium'),(715,39,'Medium'),(715,44,'Medium'),(715,49,'Unknown'),(716,6,'Medium'),(716,7,'Low'),(716,14,'Medium'),(716,15,'Medium'),(716,16,'Low'),(716,17,'Low'),(716,23,'Low'),(716,25,'Low'),(716,28,'Unknown'),(716,29,'Low'),(716,31,'Low'),(716,32,'Low'),(716,39,'High'),(716,40,'Medium'),(716,45,'Medium'),(716,50,'Medium'),(717,1,'Unknown'),(717,5,'Unknown'),(717,6,'Low'),(717,7,'Low'),(717,10,'High'),(717,14,'Medium'),(717,17,'High'),(717,20,'Unknown'),(717,21,'Medium'),(717,22,'Low'),(717,25,'Low'),(717,34,'Medium'),(717,37,'High'),(717,39,'Low'),(717,42,'Low'),(717,45,'Low'),(717,46,'Medium'),(718,7,'Unknown'),(718,9,'Medium'),(718,11,'Low'),(718,16,'Medium'),(718,21,'Low'),(718,25,'Medium'),(718,33,'Unknown'),(718,35,'Unknown'),(718,36,'High'),(718,37,'Low'),(718,39,'Unknown'),(718,46,'Low'),(719,1,'Medium'),(719,7,'Medium'),(719,10,'High'),(719,11,'Medium'),(719,14,'Medium'),(719,16,'Low'),(719,27,'Medium'),(719,29,'Low'),(719,30,'Low'),(719,33,'Unknown'),(719,34,'Medium'),(719,40,'High'),(719,41,'Medium'),(720,1,'Low'),(720,6,'Unknown'),(720,7,'Low'),(720,8,'Medium'),(720,17,'Low'),(720,19,'High'),(720,20,'Low'),(720,23,'Medium'),(720,25,'Low'),(720,29,'High'),(720,31,'Unknown'),(720,33,'Medium'),(720,37,'Low'),(720,44,'Medium'),(720,50,'Medium'),(721,1,'Low'),(721,4,'Low'),(721,6,'High'),(721,8,'Low'),(721,9,'Low'),(721,10,'Low'),(721,11,'Medium'),(721,14,'Medium'),(721,19,'Low'),(721,24,'Unknown'),(721,29,'High'),(721,32,'Unknown'),(721,33,'High'),(721,37,'High'),(721,42,'Medium'),(721,43,'High'),(721,45,'Medium'),(721,46,'Medium'),(721,49,'High'),(721,50,'Medium'),(722,1,'Unknown'),(722,7,'Low'),(722,8,'Unknown'),(722,10,'Unknown'),(722,12,'Medium'),(722,13,'High'),(722,14,'High'),(722,17,'High'),(722,22,'Low'),(722,24,'Unknown'),(722,28,'Medium'),(722,29,'Unknown'),(722,32,'Unknown'),(722,36,'Unknown'),(722,37,'Unknown'),(722,42,'Unknown'),(722,45,'Medium'),(722,47,'Low'),(722,48,'Low'),(722,49,'Medium'),(722,50,'Medium'),(723,1,'Low'),(723,3,'Medium'),(723,7,'High'),(723,8,'Low'),(723,14,'Medium'),(723,15,'Low'),(723,20,'Medium'),(723,23,'Unknown'),(723,25,'Unknown'),(723,26,'Medium'),(723,27,'Medium'),(723,30,'Medium'),(723,34,'Low'),(723,37,'Low'),(723,41,'Low'),(723,42,'High'),(723,46,'Medium'),(723,47,'Medium'),(723,50,'Medium'),(724,1,'High'),(724,4,'Medium'),(724,6,'Low'),(724,9,'Low'),(724,11,'Low'),(724,16,'Medium'),(724,17,'Unknown'),(724,18,'Unknown'),(724,28,'Unknown'),(724,29,'Low'),(724,30,'High'),(724,31,'Medium'),(724,36,'High'),(724,42,'Low'),(724,48,'Low'),(725,6,'Unknown'),(725,14,'Medium'),(725,15,'Unknown'),(725,23,'Medium'),(725,24,'High'),(725,26,'High'),(725,27,'Low'),(725,30,'High'),(725,32,'Low'),(725,36,'High'),(725,45,'Low'),(725,50,'Unknown'),(726,2,'Low'),(726,4,'High'),(726,9,'Low'),(726,10,'Low'),(726,12,'Low'),(726,16,'Medium'),(726,17,'Medium'),(726,23,'High'),(726,24,'Medium'),(726,28,'High'),(726,31,'High'),(726,33,'Unknown'),(726,37,'Medium'),(726,39,'High'),(726,45,'Unknown'),(726,48,'Unknown'),(727,4,'Medium'),(727,5,'Unknown'),(727,7,'Medium'),(727,12,'High'),(727,16,'Medium'),(727,17,'Medium'),(727,20,'Medium'),(727,24,'Low'),(727,27,'High'),(727,29,'Low'),(727,37,'High'),(727,39,'Unknown'),(727,43,'Medium'),(727,46,'Unknown'),(727,49,'Low'),(728,9,'Medium'),(728,12,'Low'),(728,14,'Medium'),(728,15,'Medium'),(728,18,'High'),(728,19,'Unknown'),(728,21,'Low'),(728,22,'Medium'),(728,26,'Medium'),(728,32,'Medium'),(728,39,'Unknown'),(728,41,'Medium'),(728,47,'Medium'),(728,50,'Low'),(729,1,'High'),(729,2,'Low'),(729,8,'Low'),(729,10,'Low'),(729,18,'Unknown'),(729,20,'Medium'),(729,21,'Unknown'),(729,24,'Low'),(729,27,'Low'),(729,29,'Medium'),(729,36,'Medium'),(729,37,'Low'),(729,46,'Medium'),(729,48,'Medium'),(730,4,'High'),(730,5,'Medium'),(730,8,'Medium'),(730,12,'Unknown'),(730,13,'High'),(730,17,'Medium'),(730,18,'Unknown'),(730,20,'Low'),(730,28,'Medium'),(730,32,'Medium'),(730,34,'Low'),(730,45,'Low'),(730,48,'Low'),(730,49,'Low'),(731,1,'Unknown'),(731,2,'Low'),(731,4,'Unknown'),(731,5,'High'),(731,7,'Low'),(731,8,'High'),(731,9,'High'),(731,10,'Low'),(731,13,'Medium'),(731,14,'Medium'),(731,33,'High'),(731,40,'High'),(731,41,'High'),(731,43,'Medium'),(731,50,'Low'),(732,5,'Medium'),(732,6,'Medium'),(732,14,'Low'),(732,16,'Unknown'),(732,22,'Medium'),(732,24,'Medium'),(732,34,'Medium'),(732,35,'Medium'),(732,38,'Medium'),(732,39,'High'),(732,43,'Medium'),(732,44,'Medium'),(732,49,'Low'),(733,1,'Low'),(733,3,'High'),(733,5,'Low'),(733,6,'Low'),(733,7,'Low'),(733,9,'High'),(733,12,'Unknown'),(733,14,'High'),(733,15,'Medium'),(733,17,'Low'),(733,19,'Unknown'),(733,23,'High'),(733,24,'Low'),(733,26,'High'),(733,28,'Medium'),(733,31,'Low'),(733,33,'Medium'),(733,40,'Unknown'),(733,42,'Low'),(733,47,'Medium'),(733,49,'Medium'),(733,50,'Low'),(734,1,'Medium'),(734,3,'Low'),(734,4,'Medium'),(734,6,'Medium'),(734,7,'Unknown'),(734,11,'Medium'),(734,12,'Medium'),(734,13,'High'),(734,14,'Unknown'),(734,17,'Low'),(734,18,'High'),(734,22,'Medium'),(734,24,'Unknown'),(734,26,'Unknown'),(734,29,'Low'),(734,38,'Medium'),(734,39,'Low'),(734,41,'Unknown'),(734,46,'High'),(734,47,'Unknown'),(735,4,'Medium'),(735,6,'Low'),(735,8,'Unknown'),(735,14,'High'),(735,16,'Low'),(735,18,'High'),(735,21,'Medium'),(735,30,'Medium'),(735,32,'Low'),(735,33,'Low'),(735,34,'Low'),(735,39,'High'),(735,45,'Low'),(735,46,'Unknown'),(735,47,'High'),(736,1,'Medium'),(736,5,'Low'),(736,6,'High'),(736,7,'Medium'),(736,12,'Low'),(736,15,'Low'),(736,16,'Medium'),(736,27,'Low'),(736,28,'Medium'),(736,31,'High'),(736,33,'Medium'),(736,34,'High'),(736,35,'Unknown'),(736,38,'High'),(736,39,'Medium'),(736,41,'Medium'),(736,43,'Medium'),(736,44,'High'),(736,46,'Low'),(737,1,'Unknown'),(737,5,'High'),(737,7,'Medium'),(737,10,'Medium'),(737,13,'Low'),(737,21,'Medium'),(737,24,'Medium'),(737,27,'Unknown'),(737,29,'High'),(737,35,'Unknown'),(737,40,'High'),(737,41,'Medium'),(737,47,'Low'),(738,4,'Medium'),(738,5,'High'),(738,6,'Low'),(738,11,'Medium'),(738,13,'Low'),(738,14,'Medium'),(738,19,'Medium'),(738,28,'Medium'),(738,30,'Medium'),(738,43,'Low'),(738,44,'Unknown'),(738,45,'High'),(738,48,'High'),(739,1,'Low'),(739,3,'Low'),(739,8,'Low'),(739,17,'Low'),(739,19,'Low'),(739,21,'Medium'),(739,25,'Low'),(739,32,'Medium'),(739,34,'Low'),(739,39,'Medium'),(739,45,'Low'),(739,46,'Low'),(739,47,'Unknown'),(739,48,'Medium'),(739,49,'Medium'),(740,1,'Medium'),(740,6,'Low'),(740,12,'Low'),(740,18,'High'),(740,21,'Medium'),(740,23,'Unknown'),(740,24,'Medium'),(740,27,'Medium'),(740,29,'High'),(740,30,'Low'),(740,31,'Medium'),(740,35,'Medium'),(740,38,'Medium'),(740,41,'Medium'),(740,42,'High'),(740,43,'Low'),(740,44,'Unknown'),(740,47,'High'),(740,48,'Low'),(740,50,'Medium'),(741,3,'High'),(741,7,'Medium'),(741,10,'Medium'),(741,11,'Medium'),(741,12,'Low'),(741,15,'Unknown'),(741,24,'Unknown'),(741,27,'Low'),(741,28,'High'),(741,29,'Low'),(741,35,'Low'),(741,36,'Low'),(741,37,'Low'),(741,39,'Medium'),(741,41,'Unknown'),(741,45,'Low'),(741,47,'Medium'),(742,2,'Medium'),(742,5,'Medium'),(742,7,'High'),(742,8,'Low'),(742,12,'Medium'),(742,13,'Medium'),(742,17,'Low'),(742,18,'Low'),(742,22,'Medium'),(742,24,'Medium'),(742,26,'Medium'),(742,29,'Medium'),(742,40,'Unknown'),(742,41,'Low'),(742,42,'High'),(742,45,'High'),(742,46,'Low'),(742,49,'Medium'),(742,50,'High'),(743,6,'High'),(743,7,'Unknown'),(743,9,'Low'),(743,13,'Low'),(743,14,'Medium'),(743,17,'Low'),(743,30,'Medium'),(743,31,'Medium'),(743,33,'Medium'),(743,34,'Low'),(743,35,'High'),(743,36,'Low'),(743,37,'High'),(743,40,'Medium'),(743,48,'Unknown'),(744,3,'Medium'),(744,7,'Low'),(744,11,'Medium'),(744,12,'High'),(744,14,'Medium'),(744,17,'Low'),(744,18,'Medium'),(744,22,'High'),(744,28,'Medium'),(744,34,'Medium'),(744,45,'Medium'),(744,47,'Low'),(744,48,'Medium'),(744,49,'Unknown'),(745,9,'Medium'),(745,10,'Low'),(745,11,'Medium'),(745,20,'High'),(745,21,'Medium'),(745,23,'Medium'),(745,25,'Medium'),(745,31,'Low'),(745,33,'Low'),(745,35,'Medium'),(745,36,'Medium'),(745,41,'Unknown'),(745,45,'Low'),(745,48,'High'),(745,49,'Low'),(746,3,'Low'),(746,5,'High'),(746,6,'Low'),(746,12,'Medium'),(746,15,'High'),(746,16,'Low'),(746,17,'High'),(746,18,'Medium'),(746,22,'High'),(746,24,'High'),(746,25,'Medium'),(746,26,'Low'),(746,31,'Medium'),(746,34,'Low'),(746,36,'High'),(746,37,'Low'),(746,42,'Medium'),(746,43,'Low'),(746,45,'Medium'),(746,48,'Low'),(747,4,'Medium'),(747,8,'Unknown'),(747,12,'Medium'),(747,16,'High'),(747,17,'Medium'),(747,18,'High'),(747,27,'Low'),(747,28,'Medium'),(747,33,'Medium'),(747,34,'Medium'),(747,35,'Medium'),(747,36,'Medium'),(747,39,'High'),(747,43,'Low'),(748,1,'Medium'),(748,4,'Medium'),(748,9,'Medium'),(748,14,'Medium'),(748,16,'Low'),(748,19,'Medium'),(748,25,'Low'),(748,33,'Medium'),(748,34,'Medium'),(748,37,'High'),(748,40,'High'),(748,49,'Low'),(749,5,'High'),(749,8,'Medium'),(749,9,'Medium'),(749,12,'Low'),(749,13,'Medium'),(749,21,'Medium'),(749,27,'Unknown'),(749,29,'High'),(749,30,'Medium'),(749,33,'Medium'),(749,35,'Medium'),(749,41,'High'),(749,45,'Medium'),(749,47,'Medium'),(749,48,'Medium'),(749,50,'Low'),(750,11,'Medium'),(750,14,'Low'),(750,16,'Low'),(750,17,'Unknown'),(750,22,'High'),(750,23,'Low'),(750,35,'Low'),(750,36,'High'),(750,37,'Unknown'),(750,39,'Low'),(750,43,'Unknown'),(750,47,'Low'),(751,1,'Low'),(751,5,'Medium'),(751,6,'Low'),(751,12,'Unknown'),(751,17,'Unknown'),(751,19,'Low'),(751,22,'High'),(751,25,'Low'),(751,30,'Medium'),(751,32,'High'),(751,35,'Low'),(751,38,'Medium'),(751,39,'Low'),(751,43,'Low'),(751,44,'Medium'),(751,50,'Medium'),(752,3,'Medium'),(752,12,'High'),(752,14,'Low'),(752,15,'High'),(752,19,'Medium'),(752,20,'Medium'),(752,21,'Low'),(752,22,'Medium'),(752,25,'Medium'),(752,26,'Low'),(752,30,'Low'),(752,31,'Unknown'),(752,32,'High'),(752,40,'Low'),(752,43,'Medium'),(752,44,'Medium'),(752,45,'High'),(752,48,'Low'),(752,49,'Medium'),(753,4,'Medium'),(753,7,'Medium'),(753,8,'Low'),(753,9,'Unknown'),(753,10,'Medium'),(753,15,'Low'),(753,20,'Medium'),(753,24,'Low'),(753,28,'Low'),(753,30,'Medium'),(753,34,'Low'),(753,36,'Medium'),(753,40,'High'),(753,41,'High'),(753,45,'Low'),(754,6,'Low'),(754,7,'Medium'),(754,8,'Unknown'),(754,15,'Low'),(754,19,'High'),(754,23,'High'),(754,29,'Low'),(754,33,'Low'),(754,38,'High'),(754,41,'High'),(754,42,'Medium'),(754,49,'Medium'),(754,50,'Unknown'),(755,1,'Unknown'),(755,6,'Low'),(755,7,'Medium'),(755,9,'High'),(755,13,'Medium'),(755,17,'High'),(755,18,'Unknown'),(755,20,'Low'),(755,21,'Low'),(755,23,'Medium'),(755,32,'Medium'),(755,46,'Unknown'),(756,3,'Medium'),(756,6,'Low'),(756,10,'Low'),(756,13,'Medium'),(756,20,'High'),(756,23,'High'),(756,25,'Low'),(756,31,'High'),(756,33,'Medium'),(756,41,'Medium'),(756,45,'Low'),(756,47,'Unknown'),(756,49,'Unknown'),(757,2,'Low'),(757,6,'Low'),(757,8,'Low'),(757,9,'Low'),(757,17,'Medium'),(757,19,'Unknown'),(757,24,'Low'),(757,27,'Unknown'),(757,34,'Low'),(757,38,'Medium'),(757,39,'Low'),(757,40,'Unknown'),(757,41,'Medium'),(757,42,'High'),(757,49,'Low'),(758,5,'Unknown'),(758,7,'Medium'),(758,11,'Low'),(758,13,'Medium'),(758,17,'Low'),(758,18,'Unknown'),(758,30,'High'),(758,32,'Unknown'),(758,34,'Unknown'),(758,36,'Medium'),(758,46,'Low'),(758,49,'Low'),(758,50,'Low'),(759,2,'Unknown'),(759,3,'Medium'),(759,4,'High'),(759,7,'Low'),(759,11,'Low'),(759,15,'Medium'),(759,21,'Low'),(759,22,'Low'),(759,24,'High'),(759,32,'Medium'),(759,35,'Medium'),(759,36,'Medium'),(759,40,'Medium'),(759,41,'Medium'),(759,46,'High'),(759,47,'Unknown'),(759,49,'Medium'),(760,1,'Low'),(760,7,'Low'),(760,10,'Low'),(760,11,'Unknown'),(760,16,'Low'),(760,21,'Low'),(760,27,'Unknown'),(760,28,'High'),(760,31,'Low'),(760,32,'High'),(760,33,'Unknown'),(760,42,'Medium'),(760,43,'Low'),(760,45,'Medium'),(760,49,'High'),(761,2,'High'),(761,5,'Low'),(761,7,'Low'),(761,11,'Low'),(761,13,'Unknown'),(761,14,'High'),(761,17,'Low'),(761,18,'Medium'),(761,21,'Low'),(761,24,'High'),(761,25,'Medium'),(761,26,'Low'),(761,27,'High'),(761,28,'Medium'),(761,32,'Low'),(761,34,'Low'),(761,35,'Low'),(761,36,'Low'),(761,37,'Medium'),(761,38,'Low'),(761,40,'Low'),(761,46,'Medium'),(762,2,'Low'),(762,8,'Medium'),(762,10,'Medium'),(762,14,'Low'),(762,19,'High'),(762,20,'Medium'),(762,25,'High'),(762,26,'Medium'),(762,27,'Low'),(762,30,'Unknown'),(762,33,'Low'),(762,40,'Medium'),(762,45,'Low'),(762,47,'Medium'),(763,2,'Low'),(763,18,'Low'),(763,20,'Unknown'),(763,21,'Medium'),(763,23,'Low'),(763,24,'Medium'),(763,26,'Medium'),(763,27,'Unknown'),(763,28,'High'),(763,36,'Medium'),(763,37,'Low'),(763,42,'Unknown'),(763,43,'High'),(763,46,'Unknown'),(764,9,'Low'),(764,10,'Low'),(764,16,'High'),(764,19,'Medium'),(764,20,'Unknown'),(764,28,'Medium'),(764,35,'Low'),(764,36,'Unknown'),(764,37,'Medium'),(764,41,'Low'),(764,43,'Medium'),(765,1,'Medium'),(765,3,'Medium'),(765,6,'Low'),(765,9,'Unknown'),(765,12,'Low'),(765,14,'Low'),(765,21,'Low'),(765,24,'High'),(765,25,'Low'),(765,27,'Low'),(765,41,'High'),(765,45,'High'),(765,46,'Unknown'),(765,48,'Unknown'),(765,50,'Unknown'),(766,4,'Medium'),(766,6,'High'),(766,13,'Low'),(766,14,'Low'),(766,15,'Unknown'),(766,16,'High'),(766,17,'Medium'),(766,21,'Medium'),(766,24,'Medium'),(766,27,'Low'),(766,31,'High'),(766,34,'High'),(766,36,'Low'),(766,37,'Unknown'),(766,41,'Medium'),(766,44,'Low'),(766,45,'High'),(766,49,'Unknown'),(767,12,'Medium'),(767,15,'Low'),(767,21,'Unknown'),(767,22,'Unknown'),(767,23,'High'),(767,29,'Unknown'),(767,31,'High'),(767,34,'Low'),(767,37,'High'),(767,42,'High'),(767,44,'Medium'),(767,46,'Medium'),(767,47,'Medium'),(767,48,'Low'),(768,5,'Medium'),(768,11,'Unknown'),(768,15,'Medium'),(768,19,'Medium'),(768,20,'Medium'),(768,22,'Low'),(768,33,'Low'),(768,35,'Unknown'),(768,37,'Low'),(768,40,'High'),(768,45,'Unknown'),(768,47,'High'),(768,49,'Medium'),(769,1,'Medium'),(769,2,'High'),(769,3,'High'),(769,4,'Unknown'),(769,6,'Unknown'),(769,8,'Unknown'),(769,9,'Unknown'),(769,11,'Low'),(769,12,'Unknown'),(769,13,'High'),(769,14,'Low'),(769,18,'Low'),(769,20,'Low'),(769,21,'Medium'),(769,22,'Medium'),(769,23,'High'),(769,27,'High'),(769,28,'Unknown'),(769,30,'Medium'),(769,32,'High'),(769,33,'Medium'),(769,34,'Medium'),(769,36,'High'),(769,37,'Medium'),(769,42,'Low'),(769,43,'Low'),(769,48,'Medium'),(770,2,'Low'),(770,5,'Low'),(770,8,'Medium'),(770,13,'Medium'),(770,18,'High'),(770,22,'High'),(770,23,'Low'),(770,26,'Low'),(770,31,'Low'),(770,40,'Medium'),(770,42,'High'),(770,44,'Low'),(770,46,'Unknown'),(771,5,'Low'),(771,7,'Low'),(771,8,'Low'),(771,9,'Low'),(771,10,'High'),(771,11,'Low'),(771,14,'Low'),(771,16,'Low'),(771,20,'Medium'),(771,24,'High'),(771,26,'Low'),(771,27,'Medium'),(771,28,'Medium'),(771,29,'Low'),(771,30,'Medium'),(771,36,'Medium'),(771,37,'Medium'),(771,41,'Unknown'),(771,44,'Low'),(771,48,'High'),(772,4,'Low'),(772,9,'Medium'),(772,10,'Low'),(772,11,'Low'),(772,13,'Medium'),(772,14,'Medium'),(772,20,'Medium'),(772,21,'Low'),(772,35,'Low'),(772,43,'Low'),(773,7,'High'),(773,9,'Low'),(773,11,'Low'),(773,12,'High'),(773,17,'Medium'),(773,25,'Unknown'),(773,26,'High'),(773,28,'High'),(773,37,'Unknown'),(773,41,'Medium'),(773,42,'High'),(773,48,'Medium'),(774,3,'High'),(774,5,'Unknown'),(774,6,'Unknown'),(774,9,'Low'),(774,10,'Unknown'),(774,11,'Unknown'),(774,13,'Unknown'),(774,16,'High'),(774,18,'Low'),(774,25,'Medium'),(774,30,'High'),(774,32,'Unknown'),(774,36,'Low'),(774,37,'Medium'),(774,40,'Low'),(774,48,'Unknown'),(774,50,'Low'),(775,1,'Low'),(775,6,'Low'),(775,8,'Low'),(775,9,'High'),(775,11,'High'),(775,12,'Medium'),(775,15,'Unknown'),(775,18,'High'),(775,20,'Low'),(775,26,'Low'),(775,29,'Unknown'),(775,31,'Unknown'),(775,34,'Low'),(775,35,'Low'),(775,40,'Unknown'),(775,41,'High'),(775,42,'Low'),(775,44,'Low'),(775,48,'Medium'),(776,2,'Low'),(776,5,'Medium'),(776,6,'Low'),(776,8,'Low'),(776,9,'Low'),(776,11,'Low'),(776,16,'Medium'),(776,19,'High'),(776,21,'Low'),(776,23,'Unknown'),(776,32,'Medium'),(776,33,'Medium'),(776,36,'Low'),(776,44,'Unknown'),(776,48,'Unknown'),(776,49,'Unknown'),(777,1,'Low'),(777,5,'Medium'),(777,6,'Low'),(777,8,'High'),(777,9,'Low'),(777,10,'Medium'),(777,11,'Unknown'),(777,13,'Unknown'),(777,15,'High'),(777,16,'Low'),(777,17,'Low'),(777,18,'Low'),(777,19,'Medium'),(777,23,'High'),(777,25,'Medium'),(777,28,'Low'),(777,30,'High'),(777,31,'Low'),(777,40,'Low'),(777,42,'Medium'),(777,44,'Unknown'),(778,2,'Low'),(778,15,'Medium'),(778,21,'Low'),(778,22,'Medium'),(778,32,'High'),(778,33,'Low'),(778,34,'Low'),(778,35,'Low'),(778,37,'High'),(778,43,'High'),(778,46,'Unknown'),(778,47,'Medium'),(778,49,'Unknown'),(779,8,'Medium'),(779,11,'Low'),(779,15,'High'),(779,16,'Low'),(779,17,'Medium'),(779,19,'Low'),(779,22,'High'),(779,24,'Unknown'),(779,34,'Low'),(779,35,'Low'),(779,37,'Unknown'),(779,40,'Low'),(779,42,'Medium'),(779,43,'Low'),(779,45,'Low'),(779,47,'Low'),(779,50,'Medium'),(780,8,'Low'),(780,9,'Medium'),(780,10,'Low'),(780,14,'Medium'),(780,16,'Low'),(780,17,'Medium'),(780,22,'Medium'),(780,25,'Low'),(780,27,'High'),(780,30,'Low'),(780,31,'Medium'),(780,37,'Low'),(780,41,'High'),(780,42,'Medium'),(780,43,'High'),(780,44,'Medium'),(780,45,'High'),(781,3,'Medium'),(781,4,'Medium'),(781,7,'Medium'),(781,13,'Unknown'),(781,19,'Medium'),(781,23,'Medium'),(781,24,'Low'),(781,26,'High'),(781,28,'Low'),(781,33,'Medium'),(781,37,'Medium'),(781,38,'Low'),(781,45,'Medium'),(781,48,'Medium'),(781,49,'Unknown'),(782,2,'Medium'),(782,7,'Unknown'),(782,9,'High'),(782,14,'Unknown'),(782,16,'Unknown'),(782,21,'Low'),(782,24,'Medium'),(782,28,'Medium'),(782,31,'Low'),(782,32,'Low'),(782,37,'Unknown'),(782,38,'Low'),(782,41,'Low'),(782,44,'Low'),(782,45,'Medium'),(782,47,'Medium'),(782,49,'Low'),(783,7,'Medium'),(783,10,'Medium'),(783,14,'Low'),(783,15,'Low'),(783,16,'Unknown'),(783,17,'Unknown'),(783,19,'Low'),(783,22,'Unknown'),(783,23,'Medium'),(783,27,'Low'),(783,30,'High'),(783,32,'Unknown'),(783,33,'High'),(783,35,'Low'),(783,36,'Low'),(783,39,'Medium'),(783,43,'Low'),(783,44,'Medium'),(783,49,'Medium'),(784,2,'Low'),(784,3,'Unknown'),(784,4,'Low'),(784,5,'Low'),(784,12,'Low'),(784,17,'Medium'),(784,23,'Low'),(784,26,'Low'),(784,29,'Low'),(784,31,'Low'),(784,38,'Unknown'),(784,41,'Medium'),(784,42,'High'),(785,3,'Low'),(785,18,'Medium'),(785,19,'Medium'),(785,21,'Medium'),(785,32,'Medium'),(785,37,'Medium'),(785,45,'Unknown'),(785,48,'Unknown'),(785,49,'Medium'),(786,3,'High'),(786,4,'Unknown'),(786,5,'Unknown'),(786,18,'Low'),(786,19,'Low'),(786,24,'Medium'),(786,25,'Medium'),(786,26,'Low'),(786,27,'Unknown'),(786,31,'High'),(786,33,'Medium'),(786,35,'Unknown'),(786,40,'Unknown'),(786,47,'Medium'),(786,48,'Medium'),(786,49,'Low'),(787,1,'Low'),(787,6,'Unknown'),(787,14,'High'),(787,16,'Medium'),(787,17,'Medium'),(787,19,'Medium'),(787,22,'Unknown'),(787,23,'Medium'),(787,24,'Medium'),(787,30,'Unknown'),(787,32,'Unknown'),(787,34,'Unknown'),(787,45,'Medium'),(788,2,'Medium'),(788,3,'Medium'),(788,13,'Low'),(788,15,'Unknown'),(788,18,'Unknown'),(788,19,'Medium'),(788,26,'High'),(788,27,'Medium'),(788,29,'High'),(788,34,'Low'),(788,37,'Medium'),(788,40,'Low'),(788,41,'High'),(788,46,'Unknown'),(788,48,'Medium'),(788,49,'Medium'),(788,50,'Low'),(789,2,'Low'),(789,3,'High'),(789,10,'Low'),(789,13,'Low'),(789,17,'Unknown'),(789,19,'High'),(789,20,'Medium'),(789,23,'Low'),(789,24,'Medium'),(789,30,'Unknown'),(789,35,'Low'),(789,36,'Low'),(789,40,'High'),(789,41,'High'),(789,43,'Low'),(789,46,'High'),(790,6,'Unknown'),(790,8,'Low'),(790,9,'Low'),(790,13,'Medium'),(790,20,'Medium'),(790,25,'Low'),(790,31,'Medium'),(790,32,'Low'),(790,33,'Medium'),(790,36,'Medium'),(790,37,'Low'),(790,38,'High'),(790,40,'Medium'),(790,41,'Medium'),(790,45,'Low'),(790,48,'Medium'),(790,49,'Low'),(791,8,'Medium'),(791,13,'Medium'),(791,15,'Unknown'),(791,16,'Medium'),(791,23,'Low'),(791,25,'Medium'),(791,33,'Medium'),(791,37,'Low'),(791,39,'Unknown'),(791,41,'Low'),(791,45,'Low'),(791,48,'Medium'),(791,50,'Low'),(792,13,'High'),(792,14,'Low'),(792,24,'Medium'),(792,27,'Low'),(792,44,'High'),(792,46,'Unknown'),(792,47,'High'),(792,50,'Medium'),(793,3,'Medium'),(793,12,'Medium'),(793,15,'Low'),(793,18,'Low'),(793,29,'Unknown'),(793,30,'Medium'),(793,35,'Low'),(793,40,'Low'),(793,41,'Medium'),(793,42,'Unknown'),(793,44,'Low'),(793,48,'Low'),(793,49,'Unknown'),(793,50,'Medium'),(794,3,'Medium'),(794,6,'Medium'),(794,14,'Unknown'),(794,18,'Low'),(794,23,'High'),(794,24,'Low'),(794,25,'Low'),(794,29,'Low'),(794,34,'Low'),(794,37,'Unknown'),(794,39,'Medium'),(794,42,'Medium'),(794,50,'Low'),(795,4,'Unknown'),(795,6,'High'),(795,8,'Medium'),(795,9,'Low'),(795,10,'Medium'),(795,11,'Low'),(795,15,'Medium'),(795,18,'Medium'),(795,24,'Unknown'),(795,26,'Low'),(795,31,'Low'),(795,32,'Low'),(795,34,'Low'),(795,43,'Medium'),(795,44,'Medium'),(795,46,'Low'),(795,47,'High'),(795,48,'Unknown'),(795,50,'Medium'),(796,5,'Low'),(796,9,'Unknown'),(796,15,'Low'),(796,16,'Medium'),(796,17,'Unknown'),(796,20,'Medium'),(796,25,'Medium'),(796,28,'Low'),(796,29,'Medium'),(796,34,'Medium'),(796,40,'Unknown'),(796,41,'Low'),(796,45,'Medium'),(796,47,'High'),(796,48,'Low'),(797,1,'Medium'),(797,2,'Medium'),(797,3,'Medium'),(797,8,'Medium'),(797,13,'High'),(797,14,'Low'),(797,15,'Medium'),(797,16,'Low'),(797,26,'Low'),(797,27,'Low'),(797,28,'High'),(797,30,'Unknown'),(797,32,'Low'),(797,39,'Low'),(797,41,'Medium'),(797,42,'Unknown'),(797,45,'Medium'),(798,1,'Unknown'),(798,2,'Medium'),(798,3,'Medium'),(798,5,'Medium'),(798,6,'Medium'),(798,9,'Low'),(798,11,'Medium'),(798,18,'Low'),(798,19,'Medium'),(798,21,'Low'),(798,23,'Unknown'),(798,26,'Unknown'),(798,27,'Medium'),(798,28,'Low'),(798,35,'Low'),(798,36,'Medium'),(798,37,'Low'),(798,38,'Unknown'),(798,42,'Unknown'),(798,44,'Low'),(798,47,'Medium'),(799,1,'High'),(799,4,'High'),(799,8,'Unknown'),(799,9,'Low'),(799,21,'High'),(799,22,'Medium'),(799,25,'Medium'),(799,26,'Low'),(799,39,'Medium'),(799,41,'Low'),(799,45,'Medium'),(800,5,'Low'),(800,8,'High'),(800,9,'Low'),(800,14,'Medium'),(800,24,'High'),(800,25,'Low'),(800,26,'High'),(800,29,'Low'),(800,32,'Low'),(800,34,'Low'),(800,35,'Low'),(800,39,'Low'),(800,40,'Medium'),(800,48,'Unknown'),(801,9,'Low'),(801,10,'Medium'),(801,12,'Medium'),(801,14,'Low'),(801,19,'Medium'),(801,20,'Low'),(801,22,'Unknown'),(801,23,'Medium'),(801,24,'Medium'),(801,26,'Low'),(801,28,'Low'),(801,31,'Unknown'),(801,32,'Low'),(801,34,'High'),(801,39,'Unknown'),(801,45,'Low'),(801,46,'Low'),(801,47,'High'),(801,48,'Medium'),(801,50,'Low'),(802,1,'Medium'),(802,2,'Medium'),(802,8,'Medium'),(802,14,'Unknown'),(802,16,'High'),(802,20,'Unknown'),(802,29,'Medium'),(802,30,'Low'),(802,34,'Low'),(802,38,'Low'),(802,42,'Low'),(802,44,'Medium'),(802,48,'High'),(802,49,'Unknown'),(802,50,'Medium'),(803,4,'Low'),(803,9,'Medium'),(803,12,'Low'),(803,18,'Medium'),(803,36,'Low'),(803,43,'Low'),(803,45,'Medium'),(803,46,'High'),(803,48,'High'),(804,1,'High'),(804,2,'Medium'),(804,3,'Unknown'),(804,4,'Medium'),(804,6,'Medium'),(804,10,'Low'),(804,12,'Low'),(804,15,'Low'),(804,20,'Low'),(804,21,'Low'),(804,25,'Low'),(804,27,'Unknown'),(804,32,'Low'),(804,35,'Medium'),(804,38,'Medium'),(804,42,'Medium'),(804,43,'Low'),(804,46,'High'),(804,48,'Medium'),(805,2,'High'),(805,3,'Low'),(805,4,'Medium'),(805,9,'Unknown'),(805,19,'Unknown'),(805,21,'Unknown'),(805,22,'High'),(805,30,'High'),(805,35,'Medium'),(805,39,'Low'),(805,48,'High'),(805,49,'Low'),(806,2,'Unknown'),(806,6,'Medium'),(806,7,'Medium'),(806,10,'Medium'),(806,11,'High'),(806,12,'Medium'),(806,13,'Medium'),(806,15,'High'),(806,22,'High'),(806,26,'Medium'),(806,33,'High'),(806,38,'Unknown'),(806,39,'Medium'),(806,41,'Unknown'),(806,48,'Medium'),(806,50,'Medium'),(807,1,'Low'),(807,7,'High'),(807,13,'High'),(807,14,'Low'),(807,16,'Medium'),(807,19,'Low'),(807,20,'Unknown'),(807,23,'Medium'),(807,25,'High'),(807,26,'Low'),(807,27,'Medium'),(807,32,'Low'),(807,38,'Low'),(807,42,'Unknown'),(808,2,'Low'),(808,3,'Low'),(808,6,'Low'),(808,8,'Medium'),(808,11,'Medium'),(808,12,'Medium'),(808,15,'Medium'),(808,16,'Medium'),(808,18,'Low'),(808,19,'Low'),(808,23,'Medium'),(808,24,'Medium'),(808,30,'Low'),(808,36,'Medium'),(808,44,'Unknown'),(808,47,'Low'),(809,3,'Medium'),(809,13,'Unknown'),(809,20,'Medium'),(809,23,'Medium'),(809,24,'Low'),(809,26,'Medium'),(809,35,'Unknown'),(809,36,'Medium'),(809,41,'Medium'),(809,45,'Low'),(810,1,'Medium'),(810,9,'Low'),(810,13,'Medium'),(810,14,'High'),(810,16,'Medium'),(810,19,'Low'),(810,20,'Low'),(810,26,'Low'),(810,27,'Unknown'),(810,28,'Unknown'),(810,29,'Unknown'),(810,31,'Low'),(810,34,'High'),(810,36,'Medium'),(810,37,'Unknown'),(810,43,'Low'),(810,44,'Low'),(810,45,'High'),(810,47,'Low'),(810,49,'Medium'),(811,3,'Medium'),(811,6,'Unknown'),(811,12,'Medium'),(811,13,'Unknown'),(811,14,'Unknown'),(811,19,'Low'),(811,35,'Medium'),(811,38,'High'),(811,40,'Medium'),(811,41,'Low'),(811,48,'Medium'),(812,10,'Low'),(812,11,'Medium'),(812,14,'Unknown'),(812,15,'Medium'),(812,18,'High'),(812,19,'Low'),(812,20,'Low'),(812,21,'Low'),(812,27,'Unknown'),(812,29,'Low'),(812,33,'Low'),(812,40,'Medium'),(812,41,'Low'),(813,8,'Low'),(813,10,'Low'),(813,20,'Medium'),(813,25,'Unknown'),(813,32,'Unknown'),(813,33,'Medium'),(813,34,'Medium'),(813,36,'Low'),(813,43,'Medium'),(813,47,'Medium'),(814,11,'Unknown'),(814,14,'Low'),(814,15,'Medium'),(814,16,'Low'),(814,20,'Medium'),(814,25,'Low'),(814,26,'Medium'),(814,30,'Unknown'),(814,32,'Medium'),(814,36,'High'),(814,38,'Medium'),(814,47,'Medium'),(814,49,'Low'),(815,3,'Unknown'),(815,5,'High'),(815,6,'Medium'),(815,8,'Medium'),(815,9,'Unknown'),(815,12,'Low'),(815,13,'Low'),(815,21,'Unknown'),(815,22,'Medium'),(815,33,'Unknown'),(815,34,'Medium'),(815,36,'Low'),(815,44,'Medium'),(815,47,'Low'),(816,1,'Low'),(816,2,'Medium'),(816,4,'Medium'),(816,5,'Unknown'),(816,6,'Medium'),(816,7,'Unknown'),(816,8,'Medium'),(816,11,'Low'),(816,13,'Medium'),(816,17,'Medium'),(816,18,'Medium'),(816,20,'Medium'),(816,23,'Medium'),(816,31,'Unknown'),(816,32,'Medium'),(816,33,'Low'),(816,34,'Medium'),(816,35,'High'),(816,37,'Low'),(816,40,'Low'),(816,41,'Low'),(816,42,'High'),(816,43,'Unknown'),(816,44,'Low'),(817,2,'Unknown'),(817,3,'Low'),(817,4,'Medium'),(817,6,'Low'),(817,10,'Low'),(817,11,'Unknown'),(817,13,'Unknown'),(817,14,'Unknown'),(817,16,'Unknown'),(817,18,'Unknown'),(817,33,'Medium'),(817,36,'Unknown'),(817,37,'Unknown'),(818,3,'Unknown'),(818,4,'High'),(818,7,'Unknown'),(818,9,'Medium'),(818,12,'Low'),(818,14,'Unknown'),(818,17,'High'),(818,22,'Low'),(818,23,'Low'),(818,37,'Low'),(818,40,'Low'),(818,42,'Medium'),(818,43,'Low'),(818,49,'Unknown'),(819,2,'Medium'),(819,5,'High'),(819,9,'Unknown'),(819,10,'Low'),(819,11,'Low'),(819,18,'Unknown'),(819,22,'Low'),(819,25,'Unknown'),(819,28,'Low'),(819,29,'Unknown'),(819,30,'Medium'),(819,32,'Medium'),(819,36,'Low'),(819,38,'High'),(819,42,'Low'),(819,43,'Unknown'),(819,45,'Low'),(819,46,'Medium'),(819,48,'Low'),(819,50,'Low'),(820,2,'Unknown'),(820,3,'Unknown'),(820,7,'High'),(820,8,'Medium'),(820,14,'Unknown'),(820,22,'Medium'),(820,24,'Unknown'),(820,45,'High'),(820,46,'Unknown'),(820,50,'Medium'),(821,1,'Unknown'),(821,3,'Low'),(821,5,'Low'),(821,6,'Medium'),(821,12,'High'),(821,19,'Medium'),(821,22,'Unknown'),(821,24,'Medium'),(821,25,'Low'),(821,27,'High'),(821,30,'Medium'),(821,32,'Low'),(821,33,'Medium'),(821,36,'Low'),(821,37,'High'),(821,46,'Low'),(821,48,'Unknown'),(821,49,'Low'),(822,12,'Medium'),(822,27,'Unknown'),(822,28,'Medium'),(822,29,'High'),(822,30,'Low'),(822,32,'Low'),(822,35,'Low'),(822,38,'Unknown'),(822,43,'Medium'),(822,49,'Unknown'),(822,50,'High'),(823,4,'Medium'),(823,16,'High'),(823,40,'Low'),(823,42,'Medium'),(823,43,'Low'),(823,44,'High'),(823,45,'Unknown'),(823,49,'Medium'),(823,50,'Medium'),(824,3,'Low'),(824,18,'Medium'),(824,23,'Medium'),(824,24,'Medium'),(824,27,'Medium'),(824,32,'Unknown'),(824,39,'Unknown'),(824,42,'Low'),(824,45,'Medium'),(824,50,'Medium'),(825,5,'High'),(825,8,'Medium'),(825,12,'Low'),(825,14,'Low'),(825,17,'High'),(825,24,'High'),(825,31,'Low'),(825,37,'Medium'),(825,39,'Unknown'),(825,43,'Low'),(825,45,'Medium'),(825,46,'Medium'),(825,47,'Low'),(825,50,'Low'),(826,1,'Unknown'),(826,2,'Medium'),(826,14,'Low'),(826,20,'Low'),(826,22,'Low'),(826,23,'Unknown'),(826,30,'High'),(826,31,'High'),(826,33,'Low'),(826,35,'Medium'),(826,36,'Low'),(826,39,'Unknown'),(826,44,'High'),(826,46,'Medium'),(826,49,'Medium'),(826,50,'High'),(827,8,'Low'),(827,12,'Unknown'),(827,14,'Low'),(827,17,'Low'),(827,19,'Low'),(827,25,'High'),(827,27,'Low'),(827,32,'Medium'),(827,33,'Low'),(827,35,'Low'),(827,41,'Low'),(827,43,'Low'),(827,48,'Low'),(828,4,'Medium'),(828,9,'Medium'),(828,12,'High'),(828,17,'Low'),(828,19,'Medium'),(828,20,'Unknown'),(828,28,'Unknown'),(828,29,'Low'),(828,34,'Medium'),(828,38,'Medium'),(828,47,'Unknown'),(829,2,'Unknown'),(829,4,'Low'),(829,10,'Medium'),(829,12,'Medium'),(829,15,'Unknown'),(829,18,'Unknown'),(829,19,'Unknown'),(829,20,'High'),(829,22,'Unknown'),(829,24,'High'),(829,28,'Low'),(829,33,'Unknown'),(829,34,'Low'),(829,39,'Low'),(829,41,'Medium'),(829,42,'Medium'),(830,3,'Medium'),(830,10,'Medium'),(830,18,'Low'),(830,24,'Medium'),(830,25,'Unknown'),(830,30,'High'),(830,31,'Low'),(830,34,'High'),(830,36,'Low'),(830,37,'Unknown'),(830,42,'High'),(830,45,'Medium'),(830,47,'Unknown'),(830,48,'Low'),(830,50,'Low'),(831,2,'Low'),(831,8,'Low'),(831,10,'Medium'),(831,11,'Low'),(831,15,'Low'),(831,17,'Unknown'),(831,18,'Low'),(831,20,'Low'),(831,25,'Medium'),(831,29,'Medium'),(831,32,'Low'),(831,38,'Low'),(831,43,'High'),(831,44,'Low'),(832,3,'Medium'),(832,6,'Low'),(832,9,'Low'),(832,10,'Medium'),(832,11,'Low'),(832,19,'Medium'),(832,20,'Low'),(832,21,'Medium'),(832,22,'Unknown'),(832,24,'Low'),(832,29,'Low'),(832,30,'High'),(832,31,'Medium'),(832,32,'High'),(832,40,'High'),(832,41,'Low'),(832,42,'Medium'),(832,49,'Unknown'),(833,1,'Medium'),(833,4,'Low'),(833,10,'Medium'),(833,12,'Low'),(833,14,'Unknown'),(833,19,'High'),(833,21,'High'),(833,26,'Unknown'),(833,31,'Unknown'),(833,32,'Medium'),(833,35,'Medium'),(833,37,'Medium'),(833,41,'Low'),(833,43,'Unknown'),(833,44,'Low'),(833,45,'High'),(833,47,'Unknown'),(833,49,'Medium'),(834,1,'Low'),(834,7,'Unknown'),(834,9,'Low'),(834,12,'Low'),(834,26,'Low'),(834,28,'Unknown'),(834,29,'Low'),(834,35,'Medium'),(834,37,'Low'),(834,38,'Low'),(834,47,'Low'),(835,3,'Unknown'),(835,5,'High'),(835,6,'Unknown'),(835,7,'Low'),(835,8,'Low'),(835,9,'Low'),(835,10,'Medium'),(835,12,'High'),(835,13,'Low'),(835,17,'Unknown'),(835,20,'Medium'),(835,24,'Low'),(835,27,'Medium'),(835,31,'High'),(835,34,'Medium'),(835,35,'High'),(835,37,'Medium'),(835,38,'Low'),(835,40,'Low'),(835,42,'Low'),(835,47,'Low'),(836,3,'Low'),(836,5,'Medium'),(836,7,'High'),(836,11,'Low'),(836,14,'Low'),(836,21,'Medium'),(836,22,'Low'),(836,24,'High'),(836,26,'Medium'),(836,27,'Medium'),(836,32,'Low'),(836,35,'High'),(836,37,'Medium'),(836,41,'Low'),(836,42,'High'),(836,45,'Low'),(836,49,'Low'),(836,50,'Medium'),(837,2,'High'),(837,5,'Unknown'),(837,7,'Medium'),(837,11,'Medium'),(837,12,'Medium'),(837,14,'Low'),(837,16,'Medium'),(837,26,'Low'),(837,30,'Medium'),(837,33,'Medium'),(837,35,'Medium'),(837,36,'Medium'),(837,37,'High'),(837,40,'Low'),(837,41,'Low'),(837,44,'Unknown'),(837,49,'Unknown'),(837,50,'Low'),(838,12,'Unknown'),(838,13,'Low'),(838,15,'Low'),(838,17,'Medium'),(838,20,'Low'),(838,25,'Low'),(838,37,'Low'),(838,41,'Low'),(838,44,'Medium'),(838,45,'Medium'),(838,46,'Medium'),(838,50,'High'),(839,1,'Medium'),(839,6,'High'),(839,12,'Low'),(839,16,'Medium'),(839,17,'Low'),(839,22,'Low'),(839,24,'Medium'),(839,25,'Medium'),(839,30,'Low'),(839,32,'Low'),(839,34,'Low'),(839,37,'Low'),(839,38,'Low'),(839,39,'High'),(839,42,'High'),(839,49,'Medium'),(840,2,'Low'),(840,3,'Low'),(840,6,'Medium'),(840,7,'Low'),(840,21,'Medium'),(840,24,'Low'),(840,28,'Medium'),(840,31,'High'),(840,36,'Low'),(840,37,'High'),(840,39,'High'),(840,41,'Medium'),(840,43,'Low'),(840,44,'Medium'),(841,3,'High'),(841,4,'Low'),(841,10,'High'),(841,12,'Medium'),(841,14,'Medium'),(841,15,'High'),(841,16,'Low'),(841,17,'Medium'),(841,21,'Medium'),(841,28,'Low'),(841,38,'Low'),(841,40,'Low'),(841,42,'High'),(841,45,'High'),(841,47,'Medium'),(841,48,'Low'),(841,49,'Low'),(841,50,'Low'),(842,3,'Medium'),(842,5,'Unknown'),(842,6,'Medium'),(842,12,'Low'),(842,24,'Low'),(842,31,'Medium'),(842,34,'High'),(842,40,'Medium'),(842,44,'Medium'),(842,48,'High'),(843,2,'High'),(843,5,'Unknown'),(843,12,'Medium'),(843,13,'Low'),(843,17,'Low'),(843,18,'Unknown'),(843,21,'Medium'),(843,23,'Medium'),(843,25,'Medium'),(843,27,'Low'),(843,28,'Low'),(843,33,'High'),(843,35,'Medium'),(843,36,'Medium'),(843,38,'Unknown'),(843,41,'Unknown'),(843,44,'Medium'),(844,3,'Medium'),(844,4,'Unknown'),(844,6,'High'),(844,9,'Low'),(844,13,'Medium'),(844,14,'Medium'),(844,16,'Medium'),(844,17,'Medium'),(844,19,'Low'),(844,20,'High'),(844,21,'Low'),(844,23,'Medium'),(844,27,'High'),(844,46,'Low'),(844,48,'High'),(845,3,'High'),(845,5,'Low'),(845,10,'Low'),(845,12,'Medium'),(845,17,'Medium'),(845,18,'Medium'),(845,25,'High'),(845,34,'Low'),(845,41,'Low'),(845,42,'High'),(845,44,'High'),(845,50,'Unknown'),(846,2,'Low'),(846,3,'Low'),(846,4,'Low'),(846,8,'High'),(846,9,'High'),(846,12,'Low'),(846,18,'Low'),(846,30,'High'),(846,37,'Low'),(846,41,'Low'),(846,43,'High'),(846,49,'Low'),(847,6,'Medium'),(847,9,'High'),(847,10,'High'),(847,15,'High'),(847,17,'Unknown'),(847,24,'High'),(847,39,'Unknown'),(847,40,'Unknown'),(847,47,'High'),(847,48,'Medium'),(847,49,'Medium'),(847,50,'Low'),(848,1,'Low'),(848,7,'Unknown'),(848,9,'Low'),(848,15,'Medium'),(848,17,'High'),(848,18,'High'),(848,24,'Low'),(848,25,'Low'),(848,26,'Medium'),(848,28,'Low'),(848,29,'Medium'),(848,31,'High'),(848,33,'High'),(848,35,'Medium'),(848,37,'High'),(848,38,'Low'),(848,46,'Low'),(848,48,'Low'),(849,3,'Low'),(849,13,'Unknown'),(849,14,'Medium'),(849,17,'High'),(849,18,'Low'),(849,20,'High'),(849,22,'Low'),(849,25,'Low'),(849,27,'Unknown'),(849,39,'Medium'),(849,42,'Unknown'),(849,44,'High'),(849,45,'Medium'),(849,46,'High'),(849,49,'Unknown'),(850,4,'Low'),(850,7,'Low'),(850,10,'Medium'),(850,14,'Medium'),(850,15,'Medium'),(850,18,'Medium'),(850,21,'Low'),(850,22,'Medium'),(850,26,'High'),(850,29,'Unknown'),(850,33,'Low'),(850,35,'Medium'),(850,36,'Unknown'),(850,50,'Low'),(851,1,'Low'),(851,2,'High'),(851,12,'Medium'),(851,16,'High'),(851,24,'Low'),(851,28,'Medium'),(851,29,'Low'),(851,38,'Unknown'),(851,40,'Low'),(851,41,'High'),(851,46,'High'),(851,47,'Unknown'),(851,50,'Medium'),(852,2,'Medium'),(852,3,'Low'),(852,4,'Low'),(852,7,'High'),(852,20,'Medium'),(852,34,'Medium'),(852,37,'Medium'),(852,42,'Low'),(852,44,'Low'),(852,45,'Unknown'),(853,2,'High'),(853,4,'Low'),(853,7,'Low'),(853,8,'Medium'),(853,10,'Unknown'),(853,11,'Low'),(853,14,'Low'),(853,16,'Medium'),(853,17,'Medium'),(853,18,'Medium'),(853,20,'Low'),(853,22,'High'),(853,27,'Unknown'),(853,31,'Medium'),(853,32,'Unknown'),(853,35,'Medium'),(853,36,'Unknown'),(853,37,'Low'),(853,39,'Unknown'),(853,49,'High'),(854,1,'Medium'),(854,3,'Unknown'),(854,4,'High'),(854,14,'Low'),(854,15,'Unknown'),(854,16,'Low'),(854,26,'High'),(854,28,'Low'),(854,35,'Medium'),(854,39,'Medium'),(854,41,'High'),(854,43,'Unknown'),(854,48,'Medium'),(855,1,'Low'),(855,2,'Unknown'),(855,5,'Medium'),(855,6,'High'),(855,11,'Unknown'),(855,14,'Unknown'),(855,15,'Low'),(855,17,'Medium'),(855,21,'Medium'),(855,24,'Medium'),(855,31,'Unknown'),(855,32,'Medium'),(855,33,'Low'),(855,35,'Low'),(855,36,'High'),(855,37,'Unknown'),(855,44,'Low'),(855,45,'Low'),(855,49,'Medium'),(855,50,'Low'),(856,1,'Low'),(856,4,'Low'),(856,8,'Medium'),(856,28,'Low'),(856,30,'Unknown'),(856,31,'Medium'),(856,33,'High'),(856,34,'Unknown'),(856,35,'Low'),(856,39,'Low'),(856,41,'Medium'),(856,42,'Medium'),(856,45,'High'),(856,49,'Unknown'),(857,4,'Low'),(857,8,'Low'),(857,9,'Low'),(857,12,'Medium'),(857,15,'High'),(857,23,'Low'),(857,24,'Medium'),(857,27,'Medium'),(857,28,'Medium'),(857,31,'Low'),(857,39,'Medium'),(857,42,'Low'),(857,43,'Unknown'),(857,46,'Medium'),(858,2,'Medium'),(858,3,'Unknown'),(858,4,'Low'),(858,7,'Low'),(858,9,'Medium'),(858,15,'Medium'),(858,16,'Unknown'),(858,17,'High'),(858,19,'Medium'),(858,23,'Medium'),(858,26,'High'),(858,33,'Low'),(858,40,'Medium'),(858,41,'Medium'),(858,44,'High'),(859,3,'Low'),(859,5,'Medium'),(859,6,'High'),(859,9,'Unknown'),(859,10,'Unknown'),(859,15,'Low'),(859,18,'High'),(859,19,'Medium'),(859,21,'Low'),(859,24,'Medium'),(859,25,'Unknown'),(859,33,'Medium'),(859,35,'Unknown'),(859,38,'Low'),(859,39,'High'),(859,44,'Medium'),(859,46,'Medium'),(859,49,'Low'),(859,50,'Low'),(860,3,'Medium'),(860,4,'Low'),(860,12,'Low'),(860,13,'High'),(860,14,'Medium'),(860,16,'Unknown'),(860,18,'Unknown'),(860,19,'High'),(860,23,'Unknown'),(860,27,'Low'),(860,31,'Unknown'),(860,34,'High'),(860,35,'Unknown'),(860,39,'Medium'),(860,40,'High'),(860,43,'High'),(860,44,'Medium'),(860,48,'High'),(860,49,'Low'),(860,50,'High'),(861,1,'Low'),(861,3,'Unknown'),(861,7,'Unknown'),(861,8,'Low'),(861,10,'Low'),(861,13,'Unknown'),(861,18,'Medium'),(861,22,'Low'),(861,29,'Medium'),(861,32,'Medium'),(861,35,'Low'),(861,37,'Unknown'),(861,38,'Medium'),(861,40,'Low'),(861,44,'Medium'),(861,45,'Unknown'),(861,49,'Unknown'),(862,2,'Low'),(862,3,'Low'),(862,4,'Low'),(862,7,'High'),(862,11,'High'),(862,13,'Low'),(862,14,'Medium'),(862,17,'Medium'),(862,20,'High'),(862,23,'Low'),(862,24,'Low'),(862,26,'Low'),(862,31,'Medium'),(862,32,'Medium'),(862,37,'Unknown'),(862,40,'Unknown'),(862,41,'Unknown'),(862,45,'Low'),(862,46,'Medium'),(862,49,'Medium'),(862,50,'High'),(863,4,'Medium'),(863,6,'Low'),(863,8,'Medium'),(863,9,'Unknown'),(863,19,'Unknown'),(863,24,'Medium'),(863,30,'Unknown'),(863,31,'High'),(863,33,'Unknown'),(863,37,'Low'),(863,42,'Low'),(863,48,'Medium'),(864,1,'Low'),(864,4,'Medium'),(864,13,'Medium'),(864,15,'High'),(864,16,'Medium'),(864,23,'Low'),(864,27,'Medium'),(864,34,'Medium'),(864,35,'Medium'),(864,36,'Low'),(864,37,'High'),(864,39,'Unknown'),(864,43,'Medium'),(864,46,'Unknown'),(865,2,'Low'),(865,4,'Unknown'),(865,7,'Low'),(865,8,'Unknown'),(865,20,'Unknown'),(865,22,'Low'),(865,24,'Low'),(865,25,'Medium'),(865,26,'Medium'),(865,27,'High'),(865,29,'Low'),(865,33,'Medium'),(865,35,'Medium'),(865,38,'Low'),(865,42,'Low'),(865,44,'Low'),(865,48,'Medium'),(865,50,'High'),(866,2,'Low'),(866,3,'Low'),(866,6,'Low'),(866,9,'High'),(866,10,'Medium'),(866,12,'Low'),(866,15,'Medium'),(866,16,'High'),(866,22,'Unknown'),(866,23,'Low'),(866,25,'Medium'),(866,26,'Low'),(866,31,'High'),(866,32,'Unknown'),(866,33,'Low'),(866,34,'Low'),(866,39,'Low'),(866,40,'Low'),(866,41,'Medium'),(866,42,'Low'),(866,43,'Medium'),(866,46,'High'),(866,50,'Unknown'),(867,2,'Unknown'),(867,4,'Medium'),(867,19,'High'),(867,24,'Medium'),(867,25,'Medium'),(867,27,'Medium'),(867,38,'Medium'),(867,48,'High'),(868,4,'High'),(868,13,'Medium'),(868,14,'Medium'),(868,16,'High'),(868,19,'Medium'),(868,21,'Low'),(868,27,'Low'),(868,40,'Low'),(868,46,'High'),(869,2,'High'),(869,4,'Medium'),(869,5,'High'),(869,11,'Unknown'),(869,12,'High'),(869,16,'Medium'),(869,17,'Low'),(869,22,'Medium'),(869,23,'Unknown'),(869,24,'Low'),(869,26,'Medium'),(869,33,'Unknown'),(869,43,'Medium'),(869,48,'High'),(870,2,'Unknown'),(870,3,'High'),(870,4,'Low'),(870,9,'Medium'),(870,10,'Unknown'),(870,11,'Medium'),(870,12,'Medium'),(870,13,'Unknown'),(870,14,'Medium'),(870,17,'High'),(870,22,'Low'),(870,23,'Unknown'),(870,26,'Unknown'),(870,45,'Unknown'),(870,50,'Unknown'),(871,3,'Medium'),(871,7,'Medium'),(871,12,'Medium'),(871,17,'High'),(871,21,'High'),(871,22,'Medium'),(871,23,'High'),(871,24,'Low'),(871,26,'Low'),(871,29,'Low'),(871,32,'Medium'),(871,33,'Medium'),(871,42,'Medium'),(871,44,'Medium'),(871,45,'Low'),(871,47,'Low'),(871,48,'Medium'),(871,49,'High'),(871,50,'Unknown'),(872,11,'Low'),(872,20,'Medium'),(872,24,'Low'),(872,27,'Low'),(872,29,'Medium'),(872,32,'Low'),(872,35,'Low'),(872,50,'Low'),(873,2,'Medium'),(873,7,'Low'),(873,8,'Unknown'),(873,12,'Low'),(873,14,'Unknown'),(873,18,'Low'),(873,25,'Medium'),(873,32,'Medium'),(873,36,'Medium'),(873,37,'Low'),(873,38,'Medium'),(873,44,'Low'),(873,46,'Medium'),(873,48,'High'),(873,49,'Low'),(874,4,'Medium'),(874,5,'High'),(874,7,'Unknown'),(874,9,'Low'),(874,15,'High'),(874,20,'High'),(874,21,'Low'),(874,30,'Medium'),(874,32,'Unknown'),(874,36,'Low'),(874,37,'Medium'),(874,38,'Low'),(874,40,'High'),(874,43,'Medium'),(874,47,'Medium'),(875,13,'Medium'),(875,17,'Medium'),(875,20,'Low'),(875,22,'Low'),(875,24,'Unknown'),(875,25,'Low'),(875,31,'Medium'),(875,35,'Medium'),(875,38,'Medium'),(875,40,'Medium'),(875,41,'Medium'),(875,44,'Low'),(875,45,'High'),(876,7,'Unknown'),(876,10,'Low'),(876,11,'Medium'),(876,13,'Low'),(876,16,'Low'),(876,23,'Low'),(876,27,'Low'),(876,28,'Unknown'),(876,32,'Medium'),(876,36,'Low'),(876,38,'Low'),(876,47,'Unknown'),(876,48,'Medium'),(877,1,'Medium'),(877,2,'Medium'),(877,6,'Unknown'),(877,8,'Medium'),(877,16,'High'),(877,17,'Low'),(877,23,'Low'),(877,26,'Low'),(877,27,'Medium'),(877,28,'High'),(877,30,'Medium'),(877,31,'Low'),(877,33,'Unknown'),(877,35,'Unknown'),(877,38,'High'),(877,40,'Medium'),(877,41,'Low'),(877,42,'Medium'),(877,43,'Unknown'),(877,44,'High'),(877,49,'Low'),(878,1,'Medium'),(878,3,'Low'),(878,13,'Medium'),(878,14,'Medium'),(878,15,'Unknown'),(878,17,'Low'),(878,19,'Unknown'),(878,21,'Medium'),(878,23,'Medium'),(878,26,'Unknown'),(878,31,'Medium'),(878,32,'Medium'),(878,33,'Low'),(878,35,'Low'),(878,36,'Unknown'),(878,44,'Medium'),(878,45,'High'),(878,46,'Unknown'),(878,47,'High'),(878,48,'Low'),(878,50,'Unknown'),(879,4,'Low'),(879,5,'Medium'),(879,7,'Medium'),(879,9,'Low'),(879,11,'High'),(879,12,'Low'),(879,16,'Medium'),(879,18,'Medium'),(879,21,'High'),(879,22,'Medium'),(879,23,'High'),(879,24,'Unknown'),(879,25,'High'),(879,26,'High'),(879,27,'Medium'),(879,29,'Low'),(879,33,'Unknown'),(879,34,'Unknown'),(879,35,'Unknown'),(879,36,'Low'),(879,37,'Medium'),(879,39,'Low'),(879,48,'Medium'),(879,49,'Medium'),(880,1,'Medium'),(880,2,'Unknown'),(880,11,'Low'),(880,12,'Medium'),(880,17,'Medium'),(880,29,'Medium'),(880,30,'Medium'),(880,31,'Unknown'),(880,32,'Medium'),(880,40,'Medium'),(880,46,'Medium'),(881,2,'Medium'),(881,3,'High'),(881,7,'High'),(881,9,'Low'),(881,10,'Medium'),(881,12,'High'),(881,14,'Unknown'),(881,17,'Medium'),(881,21,'Unknown'),(881,24,'Medium'),(881,25,'Medium'),(881,28,'Medium'),(881,33,'High'),(881,38,'Low'),(881,39,'Unknown'),(881,43,'Low'),(881,45,'Low'),(882,2,'Medium'),(882,3,'Unknown'),(882,4,'Medium'),(882,5,'High'),(882,6,'Low'),(882,10,'Unknown'),(882,14,'Medium'),(882,16,'Unknown'),(882,17,'Low'),(882,18,'Medium'),(882,21,'Medium'),(882,23,'Medium'),(882,26,'Medium'),(882,35,'Low'),(882,36,'Medium'),(882,41,'Low'),(882,42,'Medium'),(882,49,'High'),(883,1,'Medium'),(883,2,'Low'),(883,3,'Medium'),(883,5,'Low'),(883,6,'High'),(883,10,'Unknown'),(883,12,'Unknown'),(883,20,'High'),(883,22,'Unknown'),(883,27,'Medium'),(883,31,'High'),(883,32,'Low'),(883,38,'Low'),(883,40,'High'),(883,44,'Unknown'),(883,45,'Low'),(883,46,'High'),(883,48,'Low'),(883,49,'High'),(884,4,'Unknown'),(884,6,'Medium'),(884,8,'Medium'),(884,10,'Low'),(884,16,'Unknown'),(884,18,'Low'),(884,21,'Medium'),(884,23,'Low'),(884,28,'Low'),(884,29,'Medium'),(884,37,'Unknown'),(884,38,'Medium'),(884,41,'Unknown'),(884,47,'Unknown'),(884,48,'Medium'),(884,49,'Medium'),(885,3,'High'),(885,6,'Low'),(885,14,'Medium'),(885,19,'Low'),(885,23,'Unknown'),(885,29,'Unknown'),(885,30,'High'),(885,34,'Low'),(885,37,'Medium'),(885,38,'High'),(885,40,'Medium'),(885,41,'Unknown'),(886,2,'Medium'),(886,3,'Medium'),(886,6,'Medium'),(886,8,'Low'),(886,10,'Low'),(886,14,'Low'),(886,16,'Low'),(886,19,'Unknown'),(886,20,'Unknown'),(886,21,'Unknown'),(886,25,'Low'),(886,29,'Low'),(886,31,'Medium'),(886,33,'High'),(886,40,'Medium'),(886,43,'Medium'),(886,49,'High'),(887,1,'Low'),(887,5,'High'),(887,10,'Low'),(887,11,'Medium'),(887,15,'Unknown'),(887,18,'Medium'),(887,21,'Low'),(887,22,'Low'),(887,24,'High'),(887,26,'Low'),(887,33,'High'),(887,47,'High'),(887,48,'High'),(887,49,'Medium'),(887,50,'Medium'),(888,5,'Medium'),(888,7,'Unknown'),(888,10,'Medium'),(888,12,'Medium'),(888,18,'Low'),(888,27,'High'),(888,28,'Low'),(888,31,'Unknown'),(888,32,'Medium'),(888,38,'Low'),(888,42,'Medium'),(888,43,'High'),(888,44,'High'),(888,45,'High'),(889,2,'Low'),(889,6,'Low'),(889,7,'Low'),(889,11,'Medium'),(889,13,'Low'),(889,14,'Unknown'),(889,16,'Medium'),(889,17,'High'),(889,20,'Medium'),(889,23,'Low'),(889,24,'Low'),(889,31,'Low'),(889,33,'Unknown'),(889,35,'Low'),(889,36,'Low'),(889,38,'Low'),(889,40,'High'),(889,42,'Low'),(889,44,'Low'),(889,46,'Low'),(889,49,'Low'),(890,5,'Low'),(890,6,'Unknown'),(890,10,'Low'),(890,11,'Unknown'),(890,14,'Unknown'),(890,18,'Unknown'),(890,25,'Unknown'),(890,27,'Low'),(890,28,'Unknown'),(890,29,'Medium'),(890,33,'Medium'),(890,39,'Medium'),(890,43,'High'),(890,44,'High'),(890,46,'Unknown'),(890,48,'Medium'),(891,2,'Low'),(891,4,'High'),(891,9,'Unknown'),(891,16,'Low'),(891,20,'Low'),(891,24,'Unknown'),(891,27,'Unknown'),(891,34,'Low'),(891,35,'Medium'),(891,38,'High'),(891,45,'Unknown'),(891,46,'Low'),(891,47,'Low'),(892,1,'High'),(892,5,'Medium'),(892,6,'Medium'),(892,11,'Medium'),(892,14,'Low'),(892,16,'Medium'),(892,17,'Medium'),(892,27,'Low'),(892,29,'Medium'),(892,41,'Unknown'),(892,42,'Medium'),(892,43,'Low'),(892,47,'High'),(892,48,'Low'),(892,50,'High'),(893,1,'Low'),(893,12,'Medium'),(893,14,'Unknown'),(893,15,'Low'),(893,16,'High'),(893,17,'High'),(893,18,'Low'),(893,24,'Low'),(893,26,'High'),(893,27,'High'),(893,30,'High'),(893,31,'Medium'),(893,32,'Unknown'),(893,38,'Medium'),(893,47,'Medium'),(893,49,'Low'),(894,1,'Low'),(894,7,'Medium'),(894,8,'Low'),(894,11,'Low'),(894,13,'Medium'),(894,14,'Medium'),(894,15,'Medium'),(894,16,'Low'),(894,24,'High'),(894,29,'Low'),(894,32,'Medium'),(894,33,'Medium'),(894,34,'High'),(894,36,'Low'),(894,45,'Medium'),(894,47,'Low'),(894,48,'Unknown'),(895,3,'Low'),(895,23,'Low'),(895,24,'Medium'),(895,29,'Low'),(895,31,'Unknown'),(895,38,'Medium'),(895,40,'Medium'),(895,41,'High'),(895,42,'Low'),(895,45,'High'),(895,47,'Medium'),(896,1,'Low'),(896,2,'High'),(896,4,'Low'),(896,5,'Low'),(896,7,'Medium'),(896,10,'Low'),(896,14,'Unknown'),(896,15,'Unknown'),(896,17,'Unknown'),(896,19,'High'),(896,22,'Medium'),(896,27,'Low'),(896,38,'Low'),(896,45,'Low'),(896,46,'Low'),(897,5,'Medium'),(897,15,'Low'),(897,16,'High'),(897,24,'Low'),(897,30,'Medium'),(897,35,'Low'),(897,36,'Medium'),(897,37,'Low'),(897,45,'Medium'),(897,46,'Low'),(898,1,'Unknown'),(898,3,'Medium'),(898,4,'Medium'),(898,7,'Unknown'),(898,11,'Low'),(898,12,'Medium'),(898,22,'Low'),(898,26,'Low'),(898,27,'Low'),(898,31,'High'),(898,32,'Low'),(898,41,'Unknown'),(898,43,'Medium'),(898,44,'High'),(899,3,'Medium'),(899,4,'Medium'),(899,5,'Unknown'),(899,23,'Low'),(899,29,'Unknown'),(899,40,'High'),(899,41,'Low'),(899,42,'Low'),(900,1,'Medium'),(900,2,'High'),(900,7,'Medium'),(900,13,'High'),(900,16,'Medium'),(900,18,'Unknown'),(900,20,'Low'),(900,25,'Medium'),(900,26,'Low'),(900,28,'Unknown'),(900,30,'Low'),(900,32,'Medium'),(900,35,'Medium'),(900,46,'Unknown'),(901,10,'Medium'),(901,15,'Low'),(901,17,'Low'),(901,20,'High'),(901,29,'Low'),(901,30,'Unknown'),(901,37,'High'),(901,38,'Medium'),(901,40,'High'),(901,41,'Medium'),(901,42,'Medium'),(901,46,'Unknown'),(901,48,'Unknown'),(901,49,'High'),(902,3,'Low'),(902,4,'Medium'),(902,7,'Unknown'),(902,10,'High'),(902,13,'Low'),(902,21,'Medium'),(902,23,'Unknown'),(902,25,'Unknown'),(902,26,'Medium'),(902,30,'Medium'),(902,31,'Medium'),(902,32,'Medium'),(902,41,'Medium'),(902,43,'Medium'),(902,44,'Medium'),(902,45,'Medium'),(902,46,'Medium'),(902,49,'Medium'),(902,50,'High'),(903,6,'High'),(903,8,'Unknown'),(903,10,'Low'),(903,15,'Low'),(903,16,'High'),(903,17,'Low'),(903,18,'Medium'),(903,21,'Low'),(903,23,'Low'),(903,24,'High'),(903,29,'Low'),(903,31,'Medium'),(903,34,'Low'),(903,40,'High'),(903,42,'Low'),(903,44,'Low'),(904,1,'Low'),(904,5,'Low'),(904,9,'Low'),(904,10,'Unknown'),(904,15,'Low'),(904,18,'Medium'),(904,21,'Medium'),(904,22,'Unknown'),(904,24,'Medium'),(904,30,'Low'),(904,34,'Medium'),(904,38,'Medium'),(904,40,'Medium'),(904,41,'Medium'),(904,49,'Low'),(905,5,'High'),(905,7,'Unknown'),(905,8,'Unknown'),(905,9,'Unknown'),(905,17,'Unknown'),(905,18,'Low'),(905,20,'Medium'),(905,26,'Medium'),(905,27,'Medium'),(905,39,'Medium'),(905,40,'Unknown'),(905,45,'Low'),(905,46,'Medium'),(905,47,'High'),(906,1,'Medium'),(906,3,'Low'),(906,9,'Unknown'),(906,17,'Unknown'),(906,20,'Unknown'),(906,23,'Unknown'),(906,26,'Low'),(906,27,'High'),(906,29,'Low'),(906,30,'Low'),(906,37,'High'),(906,50,'Low'),(907,4,'Unknown'),(907,8,'Medium'),(907,12,'Medium'),(907,17,'Medium'),(907,18,'High'),(907,30,'Low'),(907,41,'Unknown'),(907,46,'Medium'),(907,47,'Low'),(907,50,'Low'),(908,3,'Medium'),(908,5,'Medium'),(908,10,'Low'),(908,11,'Low'),(908,14,'Medium'),(908,16,'High'),(908,18,'High'),(908,20,'Low'),(908,24,'High'),(908,28,'Low'),(908,37,'Medium'),(908,46,'High'),(908,47,'Unknown'),(909,3,'Low'),(909,6,'High'),(909,12,'Low'),(909,15,'Low'),(909,20,'Medium'),(909,25,'Medium'),(909,30,'High'),(909,37,'Low'),(909,40,'Medium'),(909,42,'Unknown'),(909,45,'Medium'),(909,47,'Low'),(910,1,'Unknown'),(910,8,'Low'),(910,11,'Medium'),(910,14,'Medium'),(910,33,'Low'),(910,35,'Low'),(910,38,'High'),(910,45,'Unknown'),(910,47,'Medium'),(910,50,'Unknown'),(911,2,'Medium'),(911,3,'Low'),(911,4,'Unknown'),(911,7,'Low'),(911,9,'Low'),(911,16,'High'),(911,22,'Medium'),(911,24,'High'),(911,25,'Medium'),(911,27,'Medium'),(911,33,'Low'),(911,37,'Low'),(911,40,'Medium'),(911,48,'Low'),(911,50,'Medium'),(912,4,'High'),(912,8,'Medium'),(912,13,'Medium'),(912,14,'Unknown'),(912,15,'Low'),(912,20,'Medium'),(912,26,'Unknown'),(912,28,'High'),(912,30,'Medium'),(912,31,'Low'),(912,35,'Unknown'),(912,36,'Low'),(912,39,'Unknown'),(912,40,'Unknown'),(912,41,'Medium'),(912,43,'Medium'),(912,44,'Medium'),(912,45,'Unknown'),(912,47,'Medium'),(912,48,'Medium'),(913,4,'High'),(913,6,'High'),(913,9,'Medium'),(913,10,'High'),(913,11,'Unknown'),(913,13,'Medium'),(913,17,'Medium'),(913,19,'Low'),(913,23,'Unknown'),(913,29,'Low'),(913,30,'Medium'),(913,32,'High'),(913,34,'Medium'),(913,38,'Low'),(913,39,'Low'),(913,42,'Medium'),(913,44,'Low'),(913,46,'Low'),(913,48,'Medium'),(913,49,'Low'),(914,1,'Low'),(914,2,'Low'),(914,5,'High'),(914,8,'Medium'),(914,11,'High'),(914,12,'Low'),(914,15,'Medium'),(914,18,'Low'),(914,21,'High'),(914,26,'Unknown'),(914,36,'Low'),(914,37,'High'),(914,49,'Medium'),(914,50,'Medium'),(915,3,'Medium'),(915,4,'Unknown'),(915,13,'High'),(915,15,'Low'),(915,21,'Medium'),(915,22,'Low'),(915,24,'Medium'),(915,26,'Low'),(915,27,'High'),(915,29,'Medium'),(915,33,'Medium'),(915,34,'Unknown'),(915,38,'Low'),(915,43,'High'),(915,47,'Low'),(916,2,'Unknown'),(916,4,'Unknown'),(916,6,'Medium'),(916,8,'High'),(916,9,'Medium'),(916,10,'Medium'),(916,11,'Low'),(916,13,'Low'),(916,14,'Medium'),(916,17,'Low'),(916,18,'Medium'),(916,20,'Low'),(916,26,'Unknown'),(916,29,'Medium'),(916,32,'Low'),(916,36,'Low'),(916,37,'Unknown'),(916,38,'Low'),(916,45,'Medium'),(916,47,'Medium'),(917,4,'Medium'),(917,7,'High'),(917,11,'Low'),(917,17,'Medium'),(917,24,'Unknown'),(917,30,'Medium'),(917,33,'Medium'),(917,38,'Medium'),(917,44,'Low'),(917,45,'Low'),(917,46,'Medium'),(918,1,'Low'),(918,3,'Low'),(918,5,'Medium'),(918,9,'Low'),(918,10,'Medium'),(918,13,'High'),(918,16,'Medium'),(918,19,'Low'),(918,20,'Medium'),(918,23,'Medium'),(918,24,'Unknown'),(918,25,'Medium'),(918,28,'High'),(918,31,'Low'),(918,34,'Unknown'),(918,38,'Medium'),(918,48,'Medium'),(918,50,'Low'),(919,1,'High'),(919,3,'Low'),(919,4,'Medium'),(919,7,'Medium'),(919,8,'Medium'),(919,12,'Low'),(919,15,'Low'),(919,17,'Unknown'),(919,19,'Low'),(919,24,'Low'),(919,30,'High'),(919,45,'Medium'),(919,46,'Medium'),(919,50,'Low'),(920,7,'Medium'),(920,8,'Low'),(920,9,'High'),(920,11,'Low'),(920,12,'Low'),(920,13,'High'),(920,14,'Low'),(920,15,'Medium'),(920,19,'Low'),(920,21,'High'),(920,24,'High'),(920,25,'Low'),(920,31,'Unknown'),(920,33,'Unknown'),(920,35,'Medium'),(920,38,'High'),(920,40,'Medium'),(920,46,'Unknown'),(920,48,'High'),(921,1,'Medium'),(921,2,'Medium'),(921,3,'Unknown'),(921,14,'Medium'),(921,15,'Unknown'),(921,19,'High'),(921,22,'Low'),(921,23,'Low'),(921,30,'Low'),(921,40,'Medium'),(921,42,'Medium'),(921,47,'Low'),(921,50,'Unknown'),(922,10,'Medium'),(922,13,'Low'),(922,14,'Unknown'),(922,23,'High'),(922,30,'Medium'),(922,35,'Low'),(922,36,'Medium'),(922,37,'High'),(922,41,'Low'),(922,43,'Medium'),(922,46,'Medium'),(922,49,'Medium'),(923,6,'High'),(923,10,'Low'),(923,11,'High'),(923,13,'Low'),(923,15,'Unknown'),(923,18,'High'),(923,20,'Medium'),(923,23,'Low'),(923,26,'Medium'),(923,29,'Low'),(923,33,'Unknown'),(923,38,'Medium'),(923,42,'High'),(923,43,'High'),(923,44,'High'),(924,3,'Medium'),(924,8,'Low'),(924,10,'Low'),(924,12,'Low'),(924,16,'Low'),(924,18,'Low'),(924,20,'Medium'),(924,23,'Low'),(924,30,'Low'),(924,36,'Low'),(924,41,'Medium'),(924,49,'Low'),(925,2,'Low'),(925,6,'Low'),(925,7,'Medium'),(925,14,'Low'),(925,21,'Low'),(925,23,'Medium'),(925,41,'Low'),(925,46,'Unknown'),(926,1,'Low'),(926,8,'Medium'),(926,9,'Medium'),(926,15,'Low'),(926,16,'High'),(926,24,'Low'),(926,25,'Low'),(926,29,'High'),(926,40,'Medium'),(926,41,'Unknown'),(926,44,'Unknown'),(926,45,'Low'),(926,46,'Low'),(926,47,'Low'),(927,1,'Medium'),(927,3,'High'),(927,8,'Medium'),(927,10,'Unknown'),(927,20,'High'),(927,21,'Low'),(927,23,'Medium'),(927,25,'Low'),(927,26,'Medium'),(927,27,'High'),(927,29,'Medium'),(927,30,'High'),(927,31,'Unknown'),(927,33,'Medium'),(927,36,'Medium'),(927,37,'High'),(927,38,'Medium'),(927,46,'Low'),(927,50,'Medium'),(928,3,'High'),(928,6,'High'),(928,7,'Medium'),(928,8,'Low'),(928,9,'Unknown'),(928,13,'Low'),(928,14,'Unknown'),(928,15,'Unknown'),(928,27,'High'),(928,28,'Medium'),(928,41,'Medium'),(928,45,'Medium'),(928,47,'Low'),(929,1,'Medium'),(929,3,'Low'),(929,5,'Medium'),(929,9,'Low'),(929,14,'Unknown'),(929,16,'Unknown'),(929,17,'Medium'),(929,18,'Unknown'),(929,20,'Low'),(929,22,'Medium'),(929,23,'Medium'),(929,24,'Medium'),(929,25,'Low'),(929,31,'Low'),(929,32,'High'),(929,34,'Low'),(929,37,'High'),(929,38,'Medium'),(929,43,'Medium'),(929,48,'Medium'),(930,6,'Unknown'),(930,9,'Low'),(930,14,'Unknown'),(930,23,'Medium'),(930,24,'Unknown'),(930,28,'High'),(930,30,'Unknown'),(930,32,'Medium'),(930,39,'Medium'),(930,43,'Medium'),(930,48,'Medium'),(930,49,'Unknown'),(931,3,'Medium'),(931,5,'High'),(931,7,'Low'),(931,9,'Medium'),(931,11,'Medium'),(931,14,'High'),(931,17,'Unknown'),(931,21,'Medium'),(931,27,'Unknown'),(931,29,'High'),(931,30,'Medium'),(931,33,'High'),(931,41,'Medium'),(931,43,'Unknown'),(931,48,'Medium'),(932,2,'High'),(932,5,'Low'),(932,13,'Medium'),(932,14,'Unknown'),(932,22,'Medium'),(932,41,'Medium'),(932,44,'Medium'),(932,46,'Low'),(932,48,'High'),(932,50,'Low'),(933,4,'Unknown'),(933,6,'Medium'),(933,8,'High'),(933,14,'Medium'),(933,18,'Medium'),(933,23,'Medium'),(933,24,'Medium'),(933,27,'Low'),(933,29,'Medium'),(933,30,'Unknown'),(933,36,'Unknown'),(933,37,'Low'),(933,39,'Medium'),(933,41,'Low'),(933,48,'Low'),(934,1,'Low'),(934,3,'Medium'),(934,9,'Low'),(934,11,'High'),(934,16,'Unknown'),(934,17,'High'),(934,18,'High'),(934,20,'Medium'),(934,23,'Medium'),(934,29,'Low'),(934,30,'Low'),(934,34,'Medium'),(934,36,'Low'),(934,37,'Medium'),(934,40,'Low'),(934,41,'Medium'),(934,46,'High'),(934,49,'Low'),(935,4,'Unknown'),(935,5,'High'),(935,7,'Medium'),(935,11,'High'),(935,12,'Low'),(935,17,'Low'),(935,19,'Medium'),(935,25,'Medium'),(935,26,'Medium'),(935,27,'Medium'),(935,28,'Medium'),(935,31,'Low'),(935,36,'High'),(935,38,'High'),(935,40,'Low'),(935,45,'Low'),(935,49,'High'),(936,2,'Medium'),(936,7,'High'),(936,21,'Low'),(936,31,'Low'),(936,34,'Unknown'),(936,40,'High'),(936,42,'High'),(936,44,'Low'),(936,45,'Medium'),(937,1,'Medium'),(937,6,'Unknown'),(937,10,'Low'),(937,12,'High'),(937,20,'Medium'),(937,23,'Unknown'),(937,27,'Low'),(937,29,'Low'),(937,35,'Medium'),(937,37,'Low'),(937,40,'High'),(937,44,'Low'),(937,45,'Unknown'),(937,46,'Medium'),(937,49,'High'),(938,1,'Medium'),(938,6,'Medium'),(938,7,'Unknown'),(938,11,'Low'),(938,12,'High'),(938,14,'Low'),(938,18,'Medium'),(938,19,'Low'),(938,20,'Medium'),(938,28,'High'),(938,32,'Medium'),(938,43,'Low'),(938,44,'High'),(938,45,'Low'),(938,49,'Low'),(939,3,'Low'),(939,8,'Low'),(939,30,'Low'),(939,32,'Low'),(939,35,'Medium'),(939,37,'Low'),(939,39,'Medium'),(939,40,'High'),(939,43,'Low'),(939,45,'Medium'),(939,47,'High'),(939,49,'Medium'),(940,2,'Medium'),(940,5,'Low'),(940,6,'Unknown'),(940,8,'Medium'),(940,10,'High'),(940,11,'Medium'),(940,13,'Medium'),(940,17,'Medium'),(940,22,'Unknown'),(940,24,'Medium'),(940,29,'Low'),(940,37,'Medium'),(940,38,'Medium'),(941,2,'Medium'),(941,3,'Low'),(941,4,'Medium'),(941,9,'Unknown'),(941,10,'Low'),(941,14,'Low'),(941,15,'Low'),(941,19,'Medium'),(941,23,'Low'),(941,26,'Medium'),(941,27,'Low'),(941,28,'Medium'),(941,29,'Unknown'),(941,30,'Unknown'),(941,34,'Unknown'),(941,36,'Medium'),(941,43,'High'),(941,45,'Medium'),(941,48,'Medium'),(941,50,'High'),(942,3,'Medium'),(942,8,'Low'),(942,9,'Low'),(942,13,'High'),(942,16,'Low'),(942,23,'Low'),(942,25,'High'),(942,26,'Medium'),(942,35,'Unknown'),(942,37,'High'),(942,40,'Medium'),(942,42,'Unknown'),(942,44,'High'),(942,45,'Medium'),(942,47,'Unknown'),(943,2,'Unknown'),(943,5,'High'),(943,8,'Medium'),(943,9,'Medium'),(943,10,'Medium'),(943,12,'Low'),(943,13,'Low'),(943,14,'Low'),(943,17,'Medium'),(943,18,'High'),(943,24,'Unknown'),(943,27,'Medium'),(943,31,'Medium'),(943,34,'Low'),(943,39,'High'),(943,42,'High'),(943,44,'Unknown'),(943,46,'Medium'),(944,1,'Low'),(944,2,'Low'),(944,3,'Medium'),(944,11,'Medium'),(944,17,'Medium'),(944,20,'Medium'),(944,21,'Low'),(944,24,'High'),(944,25,'Unknown'),(944,27,'Medium'),(944,28,'High'),(944,29,'High'),(944,32,'Medium'),(944,46,'High'),(945,8,'High'),(945,9,'Low'),(945,13,'Medium'),(945,14,'Medium'),(945,24,'Low'),(945,28,'Medium'),(945,29,'Medium'),(945,42,'High'),(945,43,'Low'),(945,44,'Low'),(945,46,'Unknown'),(946,1,'High'),(946,3,'Medium'),(946,5,'Low'),(946,7,'Medium'),(946,8,'Medium'),(946,9,'Medium'),(946,11,'Medium'),(946,16,'Low'),(946,18,'Unknown'),(946,22,'Unknown'),(946,25,'Unknown'),(946,32,'Low'),(946,35,'High'),(946,38,'Medium'),(946,39,'Unknown'),(947,23,'Low'),(947,27,'Medium'),(947,30,'Unknown'),(947,32,'Unknown'),(947,39,'Low'),(947,43,'Medium'),(947,45,'High'),(947,47,'Low'),(948,7,'Medium'),(948,9,'Medium'),(948,12,'Unknown'),(948,14,'Low'),(948,20,'Low'),(948,22,'Low'),(948,24,'Medium'),(948,27,'Low'),(948,28,'Medium'),(948,32,'Medium'),(948,33,'High'),(948,45,'Low'),(949,8,'Low'),(949,14,'Medium'),(949,16,'High'),(949,17,'Low'),(949,20,'Low'),(949,23,'Medium'),(949,25,'Medium'),(949,27,'Medium'),(949,28,'Low'),(949,30,'Medium'),(949,34,'Medium'),(949,37,'Low'),(949,38,'Medium'),(949,41,'Medium'),(949,44,'Medium'),(949,45,'Low'),(949,46,'Medium'),(949,47,'Low'),(950,1,'Low'),(950,2,'Medium'),(950,4,'Low'),(950,10,'Unknown'),(950,11,'Low'),(950,20,'Unknown'),(950,21,'Medium'),(950,24,'Unknown'),(950,27,'High'),(950,36,'High'),(950,43,'Low'),(951,2,'Medium'),(951,3,'Low'),(951,8,'Low'),(951,15,'Medium'),(951,16,'Low'),(951,18,'High'),(951,19,'Low'),(951,25,'Low'),(951,30,'Medium'),(951,32,'Unknown'),(951,36,'High'),(951,38,'Low'),(951,40,'High'),(951,42,'Medium'),(951,44,'Low'),(951,45,'Low'),(952,1,'High'),(952,10,'Medium'),(952,16,'Medium'),(952,21,'Unknown'),(952,23,'High'),(952,24,'Unknown'),(952,25,'High'),(952,27,'Low'),(952,29,'Medium'),(952,31,'Unknown'),(952,32,'Unknown'),(952,33,'Low'),(952,38,'Medium'),(952,45,'Medium'),(953,4,'Low'),(953,10,'Unknown'),(953,19,'Medium'),(953,22,'Unknown'),(953,23,'Medium'),(953,28,'Low'),(953,33,'Unknown'),(953,36,'Low'),(953,39,'High'),(953,44,'Low'),(953,47,'High'),(953,50,'Low'),(954,4,'Medium'),(954,7,'Medium'),(954,17,'High'),(954,25,'Low'),(954,33,'Medium'),(954,34,'Medium'),(954,36,'Medium'),(954,37,'Medium'),(954,41,'Medium'),(954,45,'Medium'),(954,49,'Medium'),(954,50,'Low'),(955,1,'Low'),(955,4,'Low'),(955,5,'Medium'),(955,7,'Low'),(955,10,'Low'),(955,15,'Unknown'),(955,16,'Unknown'),(955,19,'Unknown'),(955,21,'Medium'),(955,22,'Low'),(955,31,'Medium'),(955,32,'High'),(955,33,'Low'),(955,35,'Medium'),(955,38,'Low'),(955,41,'Unknown'),(955,42,'Low'),(955,43,'Medium'),(955,44,'Unknown'),(956,1,'Medium'),(956,2,'Low'),(956,5,'Medium'),(956,7,'Unknown'),(956,9,'Low'),(956,13,'Medium'),(956,15,'Low'),(956,16,'Unknown'),(956,17,'Medium'),(956,29,'Low'),(956,31,'High'),(956,34,'Low'),(956,36,'Low'),(956,38,'High'),(956,42,'Unknown'),(956,44,'High'),(956,46,'Medium'),(956,48,'Low'),(957,3,'Low'),(957,5,'High'),(957,14,'Medium'),(957,17,'Unknown'),(957,24,'High'),(957,26,'Unknown'),(957,32,'High'),(957,34,'Low'),(957,39,'Medium'),(957,47,'Medium'),(957,49,'Medium'),(957,50,'Low'),(958,2,'Unknown'),(958,6,'High'),(958,7,'Low'),(958,15,'Low'),(958,20,'Low'),(958,23,'High'),(958,29,'Low'),(958,30,'High'),(958,31,'Medium'),(958,32,'High'),(958,34,'Medium'),(958,36,'Low'),(958,48,'Medium'),(958,49,'Medium'),(959,5,'Low'),(959,7,'Unknown'),(959,10,'Medium'),(959,16,'Unknown'),(959,18,'Medium'),(959,20,'Low'),(959,22,'Medium'),(959,26,'Low'),(959,27,'Medium'),(959,30,'Unknown'),(959,31,'Unknown'),(959,33,'Low'),(959,43,'Low'),(959,46,'Unknown'),(959,48,'Low'),(959,50,'Low'),(960,2,'High'),(960,3,'Medium'),(960,16,'High'),(960,25,'Low'),(960,26,'Unknown'),(960,28,'Medium'),(960,34,'Unknown'),(960,35,'Medium'),(960,36,'High'),(960,42,'Unknown'),(960,45,'Medium'),(960,48,'Medium'),(961,6,'Low'),(961,7,'Medium'),(961,8,'Medium'),(961,10,'Medium'),(961,11,'Medium'),(961,14,'Medium'),(961,17,'Low'),(961,21,'Low'),(961,24,'Medium'),(961,26,'High'),(961,31,'Unknown'),(961,33,'High'),(961,34,'Low'),(961,37,'High'),(961,39,'Low'),(961,41,'High'),(961,42,'Medium'),(961,47,'Low'),(962,2,'Low'),(962,3,'Low'),(962,4,'High'),(962,11,'High'),(962,12,'High'),(962,17,'High'),(962,18,'Low'),(962,22,'Unknown'),(962,24,'Medium'),(962,26,'Medium'),(962,28,'Low'),(962,29,'Medium'),(962,33,'Low'),(962,35,'Medium'),(962,37,'High'),(962,46,'Medium'),(962,47,'Low'),(962,49,'High'),(962,50,'High'),(963,3,'Medium'),(963,5,'Low'),(963,7,'High'),(963,9,'Medium'),(963,11,'Low'),(963,13,'Unknown'),(963,19,'Low'),(963,23,'Medium'),(963,26,'Medium'),(963,27,'Medium'),(963,30,'High'),(963,34,'Low'),(963,35,'Medium'),(963,37,'Unknown'),(963,39,'Medium'),(963,40,'Low'),(963,43,'High'),(963,45,'Medium'),(963,46,'Low'),(963,50,'Unknown'),(964,6,'Low'),(964,10,'High'),(964,16,'Low'),(964,28,'Low'),(964,37,'Low'),(964,42,'Medium'),(964,46,'Medium'),(964,47,'Unknown'),(965,2,'Low'),(965,4,'Unknown'),(965,6,'Medium'),(965,9,'High'),(965,10,'Low'),(965,12,'Low'),(965,14,'Unknown'),(965,15,'Unknown'),(965,16,'Medium'),(965,19,'Unknown'),(965,22,'High'),(965,23,'Low'),(965,29,'Medium'),(965,31,'High'),(965,35,'Medium'),(965,37,'Medium'),(965,39,'Low'),(965,41,'High'),(965,46,'Medium'),(966,4,'Unknown'),(966,5,'Low'),(966,10,'Medium'),(966,14,'Medium'),(966,17,'Medium'),(966,19,'Medium'),(966,25,'High'),(966,31,'Low'),(966,32,'Medium'),(966,33,'Low'),(966,39,'Medium'),(966,42,'Low'),(966,48,'Unknown'),(967,2,'Unknown'),(967,6,'Low'),(967,16,'High'),(967,17,'High'),(967,20,'Unknown'),(967,21,'Medium'),(967,25,'High'),(967,26,'Unknown'),(967,27,'Medium'),(967,28,'Low'),(967,29,'Low'),(967,30,'Medium'),(967,31,'Medium'),(967,33,'Unknown'),(967,36,'Medium'),(967,44,'Low'),(967,45,'High'),(967,46,'Low'),(967,48,'High'),(967,49,'Unknown'),(968,4,'Medium'),(968,7,'Low'),(968,11,'Medium'),(968,13,'Medium'),(968,18,'Unknown'),(968,20,'Low'),(968,21,'Medium'),(968,24,'Low'),(968,29,'Medium'),(968,39,'Unknown'),(968,40,'Unknown'),(968,43,'Unknown'),(968,44,'Unknown'),(968,47,'Low'),(969,8,'Medium'),(969,9,'Medium'),(969,10,'Medium'),(969,16,'Unknown'),(969,17,'Low'),(969,21,'Medium'),(969,25,'Low'),(969,27,'Low'),(969,29,'Low'),(969,30,'Low'),(969,34,'Medium'),(969,39,'Unknown'),(969,41,'High'),(969,43,'Low'),(969,46,'Medium'),(969,48,'Medium'),(970,4,'Low'),(970,6,'Unknown'),(970,7,'Medium'),(970,9,'Medium'),(970,10,'Low'),(970,12,'Medium'),(970,18,'Low'),(970,19,'Medium'),(970,20,'Low'),(970,24,'Medium'),(970,26,'Low'),(970,27,'Low'),(970,30,'High'),(970,36,'Medium'),(970,39,'Unknown'),(970,42,'Low'),(970,44,'Medium'),(970,45,'Low'),(970,47,'High'),(970,48,'High'),(970,49,'Medium'),(970,50,'Medium'),(971,1,'High'),(971,2,'Medium'),(971,4,'Unknown'),(971,12,'Medium'),(971,13,'Low'),(971,14,'Low'),(971,19,'Low'),(971,25,'Medium'),(971,28,'High'),(971,30,'Low'),(971,35,'Low'),(971,41,'Low'),(971,43,'Unknown'),(971,44,'Low'),(971,47,'High'),(971,48,'Unknown'),(971,50,'Low'),(972,1,'Unknown'),(972,7,'Low'),(972,10,'Low'),(972,13,'Medium'),(972,17,'Medium'),(972,20,'Low'),(972,25,'Low'),(972,31,'High'),(972,32,'Medium'),(972,33,'Medium'),(972,37,'Low'),(972,39,'Unknown'),(972,42,'Medium'),(972,43,'Low'),(972,47,'Low'),(972,48,'Medium'),(972,49,'High'),(972,50,'Unknown'),(973,6,'Medium'),(973,7,'Low'),(973,8,'Medium'),(973,10,'Low'),(973,12,'Low'),(973,14,'High'),(973,16,'Medium'),(973,24,'Medium'),(973,25,'Unknown'),(973,27,'Low'),(973,29,'Low'),(973,41,'Medium'),(973,42,'Unknown'),(973,48,'High'),(974,1,'Low'),(974,5,'High'),(974,9,'High'),(974,10,'Low'),(974,19,'Medium'),(974,21,'Low'),(974,25,'Low'),(974,34,'Unknown'),(974,38,'Medium'),(974,41,'Unknown'),(974,49,'Medium'),(974,50,'Unknown'),(975,2,'Medium'),(975,3,'Low'),(975,11,'Low'),(975,15,'Medium'),(975,18,'Medium'),(975,19,'Low'),(975,21,'Low'),(975,22,'Medium'),(975,24,'Low'),(975,32,'Low'),(975,33,'Low'),(975,35,'Low'),(975,38,'Unknown'),(975,39,'Medium'),(975,41,'Medium'),(975,42,'Low'),(975,43,'Low'),(975,45,'High'),(975,47,'Medium'),(976,2,'Medium'),(976,7,'Medium'),(976,10,'Unknown'),(976,11,'Medium'),(976,13,'High'),(976,16,'Unknown'),(976,17,'Unknown'),(976,19,'Medium'),(976,25,'Low'),(976,26,'Low'),(976,41,'Medium'),(976,48,'Unknown'),(977,4,'Low'),(977,10,'Unknown'),(977,16,'Low'),(977,18,'Low'),(977,19,'Medium'),(977,22,'Medium'),(977,28,'Low'),(977,31,'Low'),(977,38,'Unknown'),(977,44,'High'),(977,46,'Medium'),(977,47,'Medium'),(977,49,'Medium'),(978,4,'Low'),(978,7,'Low'),(978,10,'High'),(978,13,'Low'),(978,16,'Medium'),(978,19,'Low'),(978,25,'Medium'),(978,27,'High'),(978,29,'Low'),(978,30,'High'),(978,34,'Unknown'),(978,36,'Medium'),(978,37,'Medium'),(978,38,'Medium'),(978,40,'Medium'),(978,43,'Medium'),(978,44,'Unknown'),(978,45,'Medium'),(978,48,'Low'),(979,11,'Unknown'),(979,14,'Low'),(979,18,'Medium'),(979,21,'Low'),(979,25,'High'),(979,26,'Medium'),(979,28,'High'),(979,29,'Unknown'),(979,30,'Medium'),(979,32,'Low'),(979,37,'Medium'),(979,38,'Unknown'),(979,43,'Medium'),(979,44,'Low'),(979,46,'Unknown'),(980,6,'Medium'),(980,7,'Unknown'),(980,13,'High'),(980,17,'Low'),(980,19,'Medium'),(980,20,'Low'),(980,21,'Unknown'),(980,24,'Low'),(980,25,'Medium'),(980,26,'Unknown'),(980,27,'Low'),(980,28,'Unknown'),(980,37,'Low'),(980,43,'Low'),(980,45,'Low'),(980,49,'High'),(981,4,'Low'),(981,8,'Medium'),(981,12,'Medium'),(981,13,'Low'),(981,16,'Medium'),(981,17,'Low'),(981,19,'Medium'),(981,21,'Unknown'),(981,30,'Low'),(981,31,'Medium'),(981,34,'Low'),(981,37,'Low'),(981,39,'High'),(981,43,'Unknown'),(982,1,'Low'),(982,5,'High'),(982,8,'Unknown'),(982,10,'Low'),(982,15,'Low'),(982,19,'Low'),(982,22,'Unknown'),(982,32,'Low'),(982,34,'Unknown'),(982,36,'Medium'),(982,38,'Medium'),(982,39,'Low'),(982,42,'Low'),(982,44,'Low'),(982,49,'Medium'),(982,50,'High'),(983,1,'High'),(983,9,'Medium'),(983,10,'Medium'),(983,19,'Medium'),(983,20,'Low'),(983,24,'Low'),(983,25,'Unknown'),(983,26,'Medium'),(983,31,'Low'),(983,35,'High'),(983,38,'Medium'),(983,39,'High'),(983,45,'Medium'),(983,49,'Medium'),(984,2,'Low'),(984,5,'Low'),(984,7,'Medium'),(984,10,'Low'),(984,14,'Low'),(984,19,'Unknown'),(984,25,'Low'),(984,29,'High'),(984,34,'High'),(984,35,'High'),(984,39,'Low'),(984,42,'Low'),(984,43,'Low'),(984,45,'Medium'),(984,47,'Medium'),(984,50,'Medium'),(985,1,'Low'),(985,4,'Low'),(985,6,'Low'),(985,7,'Medium'),(985,10,'Low'),(985,13,'Low'),(985,14,'Medium'),(985,15,'Medium'),(985,18,'Medium'),(985,22,'Low'),(985,23,'Medium'),(985,25,'Unknown'),(985,28,'Unknown'),(985,29,'Low'),(985,32,'Low'),(985,36,'Low'),(985,38,'High'),(985,41,'High'),(985,42,'Medium'),(985,44,'Medium'),(986,4,'Unknown'),(986,13,'Unknown'),(986,14,'High'),(986,15,'High'),(986,17,'Low'),(986,18,'High'),(986,20,'Low'),(986,22,'Medium'),(986,24,'Unknown'),(986,26,'High'),(986,28,'Unknown'),(986,32,'Low'),(986,43,'Low'),(986,44,'High'),(986,48,'Low'),(986,50,'Unknown'),(987,1,'Unknown'),(987,3,'Medium'),(987,10,'Medium'),(987,11,'High'),(987,13,'Unknown'),(987,15,'Low'),(987,17,'High'),(987,24,'Low'),(987,28,'Medium'),(987,37,'High'),(987,43,'High'),(987,45,'High'),(987,48,'High'),(987,50,'Medium'),(988,5,'Low'),(988,21,'Medium'),(988,24,'Low'),(988,29,'Unknown'),(988,32,'High'),(988,37,'Medium'),(988,41,'Unknown'),(988,44,'Low'),(989,4,'Low'),(989,11,'Unknown'),(989,18,'Low'),(989,19,'Unknown'),(989,26,'Low'),(989,32,'Medium'),(989,33,'Unknown'),(989,34,'Low'),(989,38,'High'),(989,41,'High'),(989,44,'Medium'),(989,47,'Unknown'),(989,48,'Low'),(990,1,'Low'),(990,5,'Medium'),(990,7,'Medium'),(990,8,'Medium'),(990,9,'High'),(990,16,'Low'),(990,17,'High'),(990,19,'Low'),(990,20,'Medium'),(990,22,'Medium'),(990,23,'Low'),(990,26,'Unknown'),(990,39,'Medium'),(990,40,'Low'),(990,45,'Low'),(990,46,'Medium'),(991,3,'Medium'),(991,8,'High'),(991,16,'High'),(991,18,'Low'),(991,19,'Low'),(991,27,'Unknown'),(991,28,'Medium'),(991,31,'Low'),(991,34,'Unknown'),(991,36,'High'),(991,37,'Low'),(991,38,'Medium'),(991,45,'Low'),(992,11,'Medium'),(992,14,'Medium'),(992,17,'Medium'),(992,18,'Medium'),(992,19,'High'),(992,21,'Unknown'),(992,23,'Low'),(992,26,'High'),(992,29,'Low'),(992,31,'Medium'),(992,32,'Low'),(992,33,'Low'),(992,36,'Low'),(992,43,'Medium'),(992,49,'Medium'),(993,1,'Low'),(993,3,'High'),(993,4,'Low'),(993,6,'Medium'),(993,10,'Unknown'),(993,11,'High'),(993,14,'Medium'),(993,19,'Low'),(993,20,'High'),(993,22,'Medium'),(993,23,'High'),(993,27,'Low'),(993,28,'Medium'),(993,34,'Low'),(993,35,'Low'),(993,36,'High'),(993,40,'High'),(993,43,'High'),(993,45,'Unknown'),(993,49,'Unknown'),(993,50,'Low'),(994,1,'Low'),(994,7,'High'),(994,10,'Medium'),(994,20,'Medium'),(994,24,'Low'),(994,28,'Low'),(994,32,'Low'),(994,35,'Medium'),(994,36,'High'),(994,41,'Medium'),(994,46,'Low'),(995,2,'Low'),(995,11,'High'),(995,22,'Low'),(995,23,'Medium'),(995,31,'Medium'),(995,38,'High'),(995,40,'High'),(995,41,'Medium'),(995,43,'Medium'),(995,47,'Unknown'),(995,50,'Medium'),(996,12,'Low'),(996,16,'Low'),(996,18,'Medium'),(996,22,'Medium'),(996,24,'Low'),(996,27,'Unknown'),(996,28,'Medium'),(996,31,'Unknown'),(996,33,'High'),(996,35,'Low'),(996,37,'Low'),(996,42,'Medium'),(996,44,'Low'),(996,48,'Low'),(996,50,'High'),(997,1,'Medium'),(997,10,'Low'),(997,11,'Low'),(997,14,'Low'),(997,17,'Unknown'),(997,18,'Medium'),(997,30,'Medium'),(997,33,'Low'),(997,39,'Low'),(997,42,'Unknown'),(997,43,'Low'),(997,48,'Medium'),(998,1,'Unknown'),(998,15,'Low'),(998,22,'Unknown'),(998,29,'Unknown'),(998,30,'Unknown'),(998,34,'High'),(998,38,'Medium'),(998,45,'Low'),(998,46,'Unknown'),(998,49,'Low'),(999,5,'Low'),(999,6,'Low'),(999,9,'Low'),(999,18,'Low'),(999,19,'Low'),(999,20,'Medium'),(999,27,'Medium'),(999,30,'Unknown'),(999,32,'Low'),(999,47,'Medium'),(1000,1,'Medium'),(1000,9,'High'),(1000,11,'Unknown'),(1000,13,'Unknown'),(1000,17,'Low'),(1000,18,'Medium'),(1000,22,'Medium'),(1000,26,'Low'),(1000,27,'Low'),(1000,30,'Medium'),(1000,34,'High'),(1000,40,'Low'),(1000,42,'Low');
/*!40000 ALTER TABLE `affiliation_relationship` ENABLE KEYS */;
UNLOCK TABLES;

--
-- Table structure for table `agent`
--

DROP TABLE IF EXISTS `agent`;
/*!40101 SET @saved_cs_client     = @@character_set_client */;
/*!50503 SET character_set_client = utf8mb4 */;
CREATE TABLE `agent` (
  `agent_id` int NOT NULL,
  `first_name` varchar(255) DEFAULT NULL,
  `last_name` varchar(255) DEFAULT NULL,
  `address` varchar(255) DEFAULT NULL,
  `city` varchar(100) DEFAULT NULL,
  `country` varchar(100) DEFAULT NULL,
  `salary` decimal(10,2) DEFAULT NULL,
  PRIMARY KEY (`agent_id`)
) ENGINE=InnoDB DEFAULT CHARSET=utf8mb4 COLLATE=utf8mb4_0900_ai_ci;
/*!40101 SET character_set_client = @saved_cs_client */;

--
-- Dumping data for table `agent`
--

LOCK TABLES `agent` WRITE;
/*!40000 ALTER TABLE `agent` DISABLE KEYS */;
INSERT INTO `agent` VALUES (1,'Gabriel','Allon','486 Princess Street','Vienna','United Arab Emirates',118587.99),(2,'Oliver','Martinez','486 Princess Street','Cape Town','Italy',96308.65),(3,'Ethan','Westen','562 Shadow Street','Madrid','France',98011.87),(4,'Sydney','Westen','448 Castle Street','Cape Town','France',114366.74),(5,'Michael','Romanoff','590 Dragon Street','Madrid','Spain',125035.81),(6,'Derek','Stone','562 Shadow Street','Buenos Aires','South Africa',63882.25),(7,'Ifeanyi','Hart','199 Duke Street','Toronto','Italy',117803.63),(8,'John','Ryan','562 Shadow Street','Istanbul','Italy',96911.26),(9,'Isabelle','Vikander','648 Tiger Street','Dubai','Austria',111804.86),(10,'Oliver','Trevelyan','648 Tiger Street','New York','Spain',110090.44),(11,'John','Emekwo','820 Bishop Street','Tokyo','Spain',67972.81),(12,'James','Wexler','407 Eagle Street','Beijing','Czech Republic',105857.99),(13,'Victor','Croft','562 Shadow Street','Moscow','Spain',71216.60),(14,'Derek','Croft','783 Ghost Street','Rome','Russia',119470.47),(15,'Ethan','Wexler','800 Lion Street','Chicago','China',110858.46),(16,'Natasha','Queen','198 Prince Street','Vienna','Spain',142133.35),(17,'Martha','Bond','246 Raven Street','Toronto','Italy',86552.84),(18,'Jason','Ryan','820 Bishop Street','Berlin','United Arab Emirates',129564.79),(19,'Sarah','Stone','783 Ghost Street','Prague','Czech Republic',66116.28),(20,'Martha','Queen','483 Duchess Street','Toronto','China',92017.28),(21,'Marcus','Dixon','562 Shadow Street','Toronto','Austria',108024.96),(22,'Sydney','Allon','666 King Street','Tokyo','Spain',102900.28),(23,'Ethan','Emekwo','666 King Street','Berlin','United Arab Emirates',149190.96),(24,'Lara','Stone','362 Phoenix Street','Paris','United States',142503.49),(25,'Lara','Dixon','666 King Street','Prague','Canada',144800.85),(26,'Ifeanyi','Dixon','407 Eagle Street','Buenos Aires','South Africa',124448.48),(27,'Evelyn','Stone','448 Castle Street','Cape Town','Austria',68246.04),(28,'Alec','Salt','783 Ghost Street','Rome','Germany',109202.81),(29,'Sophia','Queen','296 Falcon Street','Istanbul','Spain',143664.88),(30,'Jack','Martinez','483 Wolf Street','Toronto','Japan',111935.96),(31,'Martha','Hunt','183 Knight Street','London','Czech Republic',122009.95),(32,'Isabelle','Croft','246 Raven Street','Beijing','Turkey',146772.99),(33,'Sydney','Salt','783 Ghost Street','Rio de Janeiro','Czech Republic',125038.76),(34,'Martha','Samuel','590 Dragon Street','Prague','United Kingdom',61964.03),(35,'Oliver','Dixon','648 Tiger Street','New York','Canada',62362.14),(36,'Sarah','Hart','246 Raven Street','Buenos Aires','Turkey',104708.25),(37,'Derek','Ryan','483 Wolf Street','Buenos Aires','United Kingdom',68728.59),(38,'Alicia','Martinez','800 Lion Street','Madrid','France',74845.39),(39,'Martha','Queen','296 Falcon Street','Los Angeles','Spain',136413.88),(40,'James','Salt','483 Duchess Street','Rome','Spain',53208.50),(41,'Jason','Hart','666 King Street','Tokyo','Turkey',139918.57),(42,'Isabelle','Croft','183 Knight Street','Beijing','Italy',86745.69),(43,'Ethan','Trevelyan','293 Queen Street','Sydney','Russia',144377.40),(44,'James','Bourne','407 Eagle Street','Toronto','China',130246.52),(45,'Alicia','Samuel','483 Wolf Street','Istanbul','Argentina',135437.55),(46,'Jason','Bond','486 Princess Street','Sydney','Brazil',117781.10),(47,'James','Bourne','800 Lion Street','Beijing','China',123880.82),(48,'Isabelle','Hunt','183 Knight Street','Toronto','Russia',126523.04),(49,'Evelyn','Ryan','666 King Street','Sydney','Japan',136151.24),(50,'Marcus','Bristow','820 Bishop Street','Prague','Brazil',111386.34),(51,'Derek','Martinez','198 Prince Street','Beijing','South Africa',79303.30),(52,'Sophia','Wexler','312 Viper Street','Tokyo','Argentina',75715.11),(53,'Harry','Emekwo','199 Duke Street','Vienna','Canada',97157.21),(54,'Alec','Stone','199 Duke Street','Paris','Canada',139947.41),(55,'Harry','Vikander','198 Prince Street','Beijing','Austria',74486.89),(56,'Evelyn','Martinez','590 Dragon Street','London','United States',59946.95),(57,'Sydney','Dixon','198 Prince Street','New York','Spain',88282.70),(58,'Ethan','Martinez','312 Viper Street','Moscow','United Kingdom',57526.93),(59,'Michael','Vikander','198 Prince Street','Paris','Austria',134433.04),(60,'Sophia','Cain','590 Dragon Street','Los Angeles','China',50100.32),(61,'James','Hart','246 Raven Street','London','Brazil',83722.81),(62,'Victor','Romanoff','483 Duchess Street','Sydney','Japan',90051.70),(63,'John','Ryan','486 Princess Street','Sydney','South Africa',73875.85),(64,'Lara','Hart','590 Dragon Street','Rio de Janeiro','Germany',62019.70),(65,'Sydney','Westen','448 Castle Street','Sydney','Austria',79799.76),(66,'John','Samuel','198 Prince Street','Chicago','Japan',54480.33),(67,'Marcus','Hart','198 Prince Street','Chicago','Russia',66933.83),(68,'Martha','Salt','820 Bishop Street','Berlin','United Arab Emirates',78608.31),(69,'Cassandra','Trevelyan','562 Shadow Street','Beijing','Turkey',57981.34),(70,'Oliver','Westen','312 Viper Street','Los Angeles','China',141025.22),(71,'Evelyn','Samuel','198 Prince Street','Toronto','France',111755.11),(72,'Gabriel','Bond','562 Shadow Street','Dubai','Spain',149352.64),(73,'Emma','Vikander','783 Ghost Street','Cape Town','Brazil',131525.64),(74,'Natasha','Allon','820 Bishop Street','Buenos Aires','Argentina',128757.64),(75,'Martha','Martinez','199 Duke Street','Tokyo','Turkey',91859.26),(76,'Ifeanyi','Bourne','448 Castle Street','New York','Germany',147189.51),(77,'Lara','Wexler','666 King Street','Chicago','Germany',76078.29),(78,'Isabelle','Emekwo','666 King Street','Toronto','Australia',100150.80),(79,'Michael','Queen','312 Viper Street','Rio de Janeiro','Canada',113445.80),(80,'Martha','Hart','362 Phoenix Street','Sydney','China',55627.23),(81,'Martha','Stone','800 Lion Street','Rome','Argentina',107804.65),(82,'Harry','Allon','407 Eagle Street','Tokyo','Japan',100580.40),(83,'Oliver','Vikander','246 Raven Street','Vienna','United Arab Emirates',99693.56),(84,'Sophia','Bond','199 Duke Street','Berlin','Czech Republic',118558.85),(85,'Ifeanyi','Frost','783 Ghost Street','Los Angeles','United States',138375.92),(86,'Sarah','Hart','820 Bishop Street','Paris','Argentina',112037.40),(87,'James','Vikander','800 Lion Street','New York','United Arab Emirates',81930.61),(88,'Derek','Westen','198 Prince Street','Toronto','Turkey',144025.46),(89,'Oliver','Salt','199 Duke Street','Buenos Aires','Turkey',61417.35),(90,'Marcus','Ryan','198 Prince Street','Madrid','United Kingdom',62012.49),(91,'Lara','Bourne','486 Princess Street','Istanbul','Italy',125908.71),(92,'Cassandra','Bond','362 Phoenix Street','Prague','Argentina',148890.06),(93,'Jack','Hart','562 Shadow Street','Buenos Aires','United Arab Emirates',60925.47),(94,'Natasha','Stone','562 Shadow Street','Beijing','Argentina',64670.16),(95,'Martha','Samuel','246 Raven Street','Prague','Italy',134217.20),(96,'Alicia','Queen','783 Ghost Street','Rome','France',140244.29),(97,'Lara','Queen','296 Falcon Street','Cape Town','Italy',123642.18),(98,'Harry','Bristow','783 Ghost Street','Berlin','Italy',51393.49),(99,'Jason','Westen','483 Duchess Street','Istanbul','Japan',103613.96),(100,'Derek','Westen','448 Castle Street','Buenos Aires','South Africa',65047.12),(101,'Jason','Bristow','666 King Street','Chicago','Japan',53078.70),(102,'Alicia','Hunt','820 Bishop Street','Toronto','Austria',114837.49),(103,'Natasha','Hart','648 Tiger Street','Paris','China',124823.52),(104,'Sydney','Bourne','648 Tiger Street','Moscow','Austria',147671.38),(105,'Ifeanyi','Frost','562 Shadow Street','New York','Argentina',102585.09),(106,'Jack','Hart','246 Raven Street','London','China',83486.90),(107,'John','Hunt','820 Bishop Street','Toronto','Brazil',69763.16),(108,'Isabelle','Martinez','198 Prince Street','Cape Town','United States',134191.51),(109,'Gabriel','Hart','183 Knight Street','Cape Town','United States',113768.84),(110,'Victor','Martinez','483 Duchess Street','Berlin','United Kingdom',73001.81),(111,'Ifeanyi','Trevelyan','483 Wolf Street','Rome','Japan',143216.58),(112,'Ifeanyi','Romanoff','648 Tiger Street','London','Brazil',128773.94),(113,'Jack','Bourne','199 Duke Street','Berlin','Australia',111017.52),(114,'Martha','Emekwo','486 Princess Street','Vienna','Japan',97572.05),(115,'Oliver','Frost','783 Ghost Street','Madrid','Australia',86970.72),(116,'Lara','Vikander','486 Princess Street','Istanbul','Italy',67083.78),(117,'Natasha','Cain','199 Duke Street','Prague','France',140052.74),(118,'Ethan','Bourne','312 Viper Street','Istanbul','France',106021.17),(119,'Jack','Emekwo','648 Tiger Street','Istanbul','United Kingdom',75787.48),(120,'Oliver','Bourne','820 Bishop Street','Vienna','Italy',148660.56),(121,'Alicia','Queen','590 Dragon Street','Los Angeles','Turkey',134834.52),(122,'Oliver','Queen','666 King Street','Rio de Janeiro','Turkey',97694.59),(123,'Sydney','Hunt','648 Tiger Street','Sydney','France',149878.88),(124,'Oliver','Queen','783 Ghost Street','London','Japan',141089.57),(125,'Natasha','Emekwo','198 Prince Street','Istanbul','United Arab Emirates',67417.95),(126,'Jason','Vikander','783 Ghost Street','Toronto','Australia',126713.06),(127,'Gabriel','Croft','199 Duke Street','New York','France',109820.06),(128,'Jason','Samuel','246 Raven Street','Istanbul','Russia',132015.54),(129,'Gabriel','Trevelyan','293 Queen Street','Toronto','France',54758.32),(130,'Alicia','Queen','312 Viper Street','Rio de Janeiro','Turkey',138140.19),(131,'Jason','Emekwo','483 Duchess Street','Chicago','Russia',142589.81),(132,'Isabelle','Hunt','246 Raven Street','Chicago','Austria',83346.37),(133,'Ifeanyi','Bristow','198 Prince Street','Cape Town','Japan',104125.80),(134,'Ifeanyi','Romanoff','783 Ghost Street','Berlin','France',133805.50),(135,'Evelyn','Ryan','562 Shadow Street','Dubai','Spain',141525.41),(136,'Alicia','Bond','483 Wolf Street','Paris','South Africa',113632.64),(137,'John','Cain','198 Prince Street','Dubai','South Africa',143876.12),(138,'Marcus','Queen','820 Bishop Street','Moscow','Turkey',99642.95),(139,'Jason','Romanoff','183 Knight Street','Tokyo','Argentina',141201.29),(140,'Ethan','Westen','483 Duchess Street','Prague','Italy',96811.21),(141,'Michael','Ryan','483 Wolf Street','London','United Arab Emirates',54474.08),(142,'Harry','Dixon','800 Lion Street','London','South Africa',72092.71),(143,'Ethan','Samuel','198 Prince Street','Rio de Janeiro','Russia',149363.37),(144,'Marcus','Martinez','486 Princess Street','Tokyo','Germany',56258.26),(145,'Jason','Wexler','483 Duchess Street','Sydney','United Arab Emirates',138546.66),(146,'Sarah','Trevelyan','312 Viper Street','Rio de Janeiro','United Arab Emirates',63344.36),(147,'Victor','Croft','648 Tiger Street','Prague','Canada',52126.33),(148,'Michael','Frost','312 Viper Street','Vienna','Germany',53378.95),(149,'Victor','Emekwo','483 Duchess Street','Chicago','United Arab Emirates',66169.06),(150,'Harry','Bourne','483 Wolf Street','Los Angeles','United Kingdom',89600.38),(151,'Sophia','Wexler','448 Castle Street','Dubai','China',107144.44),(152,'Sarah','Croft','407 Eagle Street','Los Angeles','Czech Republic',82299.71),(153,'Alicia','Emekwo','407 Eagle Street','Paris','Italy',91134.74),(154,'Martha','Ryan','198 Prince Street','Cape Town','South Africa',67799.74),(155,'James','Cain','483 Duchess Street','Moscow','Argentina',131427.42),(156,'Harry','Bond','820 Bishop Street','New York','United Kingdom',133608.32),(157,'Martha','Samuel','183 Knight Street','Chicago','Germany',54257.40),(158,'John','Westen','296 Falcon Street','Los Angeles','Russia',54489.28),(159,'Alicia','Croft','483 Wolf Street','Moscow','France',89132.71),(160,'Emma','Hart','293 Queen Street','Sydney','United Kingdom',100794.70),(161,'Sophia','Trevelyan','312 Viper Street','Tokyo','Turkey',63741.49),(162,'Alicia','Allon','362 Phoenix Street','Rome','Czech Republic',114097.38),(163,'Derek','Salt','199 Duke Street','Dubai','United Kingdom',102984.42),(164,'Derek','Allon','800 Lion Street','Istanbul','China',127129.53),(165,'John','Dixon','312 Viper Street','London','South Africa',54798.49),(166,'Natasha','Trevelyan','820 Bishop Street','Paris','Austria',149536.06),(167,'Oliver','Ryan','783 Ghost Street','Madrid','Canada',106857.80),(168,'Alicia','Westen','199 Duke Street','Madrid','France',59262.18),(169,'Isabelle','Westen','648 Tiger Street','Prague','South Africa',79857.30),(170,'Victor','Frost','293 Queen Street','Tokyo','Czech Republic',110463.94),(171,'Marcus','Croft','648 Tiger Street','Rio de Janeiro','Turkey',98072.85),(172,'Cassandra','Allon','590 Dragon Street','Tokyo','Spain',115844.17),(173,'Victor','Ryan','648 Tiger Street','Madrid','Turkey',51456.94),(174,'Natasha','Allon','483 Wolf Street','Toronto','Argentina',131979.34),(175,'Ifeanyi','Cain','312 Viper Street','Paris','Austria',138366.35),(176,'Alec','Salt','246 Raven Street','Vienna','Japan',68975.30),(177,'Natasha','Wexler','486 Princess Street','Beijing','Germany',94322.65),(178,'Sarah','Emekwo','312 Viper Street','Chicago','France',68037.22),(179,'Ethan','Allon','448 Castle Street','Beijing','Spain',122177.58),(180,'Alec','Samuel','562 Shadow Street','Moscow','Brazil',125746.63),(181,'Derek','Emekwo','800 Lion Street','Beijing','Turkey',78290.08),(182,'Sydney','Trevelyan','562 Shadow Street','London','United States',75372.31),(183,'Gabriel','Allon','820 Bishop Street','Beijing','Czech Republic',119751.24),(184,'Victor','Bourne','246 Raven Street','Moscow','Italy',122648.53),(185,'Cassandra','Wexler','648 Tiger Street','New York','South Africa',90572.46),(186,'Oliver','Croft','800 Lion Street','Rio de Janeiro','Italy',55933.77),(187,'Lara','Vikander','483 Wolf Street','Dubai','Australia',58962.76),(188,'Derek','Frost','198 Prince Street','Cape Town','United Kingdom',114441.22),(189,'Isabelle','Bristow','666 King Street','Beijing','United Arab Emirates',118623.27),(190,'James','Emekwo','407 Eagle Street','Paris','Spain',98748.07),(191,'Ifeanyi','Martinez','246 Raven Street','London','Russia',91487.40),(192,'Cassandra','Hart','199 Duke Street','Los Angeles','United Kingdom',140263.20),(193,'Alec','Stone','312 Viper Street','Buenos Aires','Czech Republic',105349.49),(194,'Marcus','Vikander','648 Tiger Street','Madrid','France',52685.97),(195,'Emma','Bond','483 Duchess Street','Cape Town','Austria',83478.59),(196,'Cassandra','Samuel','483 Wolf Street','Chicago','Canada',144193.51),(197,'Lara','Martinez','820 Bishop Street','Paris','Spain',62913.64),(198,'Martha','Vikander','448 Castle Street','Prague','South Africa',112109.99),(199,'Martha','Hunt','407 Eagle Street','Rio de Janeiro','Italy',65396.39),(200,'Marcus','Trevelyan','483 Wolf Street','Prague','France',96494.19),(201,'Derek','Hunt','483 Wolf Street','Toronto','Austria',109426.85),(202,'Isabelle','Salt','296 Falcon Street','Dubai','Germany',106345.94),(203,'Alec','Vikander','666 King Street','Moscow','Italy',81046.54),(204,'Derek','Allon','483 Wolf Street','Cape Town','France',111765.39),(205,'Marcus','Westen','562 Shadow Street','Beijing','Czech Republic',81366.04),(206,'Marcus','Croft','800 Lion Street','Rome','China',94355.52),(207,'John','Ryan','293 Queen Street','Rio de Janeiro','United Kingdom',79832.27),(208,'James','Salt','407 Eagle Street','Buenos Aires','Spain',135495.83),(209,'Gabriel','Hunt','407 Eagle Street','New York','China',60828.64),(210,'Emma','Emekwo','296 Falcon Street','Prague','Russia',84615.68),(211,'Martha','Martinez','362 Phoenix Street','Los Angeles','Russia',112776.80),(212,'Sydney','Queen','783 Ghost Street','Berlin','Germany',139477.58),(213,'Marcus','Romanoff','183 Knight Street','Rio de Janeiro','Argentina',137672.27),(214,'Ethan','Bourne','783 Ghost Street','Tokyo','Japan',56082.03),(215,'Sarah','Frost','486 Princess Street','Toronto','United States',62787.09),(216,'Natasha','Cain','820 Bishop Street','Berlin','Argentina',83133.98),(217,'Ifeanyi','Wexler','293 Queen Street','Toronto','Japan',86027.83),(218,'Derek','Hart','293 Queen Street','Vienna','China',57362.34),(219,'Gabriel','Salt','246 Raven Street','Chicago','Spain',97387.91),(220,'Cassandra','Dixon','800 Lion Street','Paris','United Kingdom',61609.50),(221,'Emma','Stone','800 Lion Street','Sydney','Austria',116658.33),(222,'Michael','Ryan','783 Ghost Street','Sydney','Czech Republic',132612.90),(223,'Alicia','Westen','483 Duchess Street','Los Angeles','Turkey',91236.96),(224,'Cassandra','Dixon','407 Eagle Street','Prague','Brazil',110363.11),(225,'Michael','Emekwo','483 Wolf Street','Istanbul','Australia',74224.23),(226,'Victor','Hunt','198 Prince Street','Los Angeles','Brazil',91186.10),(227,'Ethan','Bond','783 Ghost Street','Prague','United Arab Emirates',103391.89),(228,'Gabriel','Salt','246 Raven Street','Sydney','Germany',109577.36),(229,'Ethan','Samuel','666 King Street','Madrid','South Africa',51741.18),(230,'Oliver','Vikander','800 Lion Street','Sydney','Czech Republic',128110.65),(231,'Cassandra','Vikander','183 Knight Street','Prague','Turkey',65539.47),(232,'Sophia','Trevelyan','296 Falcon Street','Toronto','United Kingdom',109472.14),(233,'Jack','Bristow','820 Bishop Street','Rome','Austria',146935.25),(234,'Michael','Wexler','362 Phoenix Street','Berlin','Turkey',90032.32),(235,'John','Frost','590 Dragon Street','Rio de Janeiro','South Africa',85447.28),(236,'Ifeanyi','Hart','562 Shadow Street','Vienna','Japan',93752.60),(237,'James','Frost','483 Duchess Street','Los Angeles','United Kingdom',120702.42),(238,'Harry','Ryan','820 Bishop Street','Los Angeles','Italy',66886.77),(239,'Michael','Bristow','483 Wolf Street','Beijing','Turkey',83209.44),(240,'Oliver','Salt','483 Wolf Street','Toronto','Italy',87861.33),(241,'Lara','Romanoff','800 Lion Street','Moscow','Argentina',109416.17),(242,'Alec','Salt','486 Princess Street','Los Angeles','United States',108979.64),(243,'Sydney','Salt','312 Viper Street','Toronto','Spain',70037.97),(244,'Evelyn','Trevelyan','312 Viper Street','Madrid','Czech Republic',131246.39),(245,'Martha','Frost','448 Castle Street','Chicago','Russia',100310.39),(246,'Cassandra','Stone','483 Wolf Street','Sydney','Japan',69068.48),(247,'Alicia','Dixon','666 King Street','New York','Spain',100145.48),(248,'Martha','Emekwo','293 Queen Street','London','Australia',126977.18),(249,'Ifeanyi','Hart','407 Eagle Street','Beijing','South Africa',144775.08),(250,'Martha','Martinez','666 King Street','Cape Town','Brazil',57176.19),(251,'Cassandra','Vikander','800 Lion Street','Chicago','Spain',104227.30),(252,'Ifeanyi','Salt','483 Duchess Street','Rome','United Kingdom',101543.05),(253,'Emma','Wexler','820 Bishop Street','Beijing','Czech Republic',120144.46),(254,'Alec','Martinez','312 Viper Street','Rio de Janeiro','Argentina',86197.66),(255,'Harry','Queen','648 Tiger Street','Sydney','South Africa',128835.84),(256,'John','Dixon','296 Falcon Street','Vienna','Turkey',147997.88),(257,'Sarah','Emekwo','448 Castle Street','New York','Russia',89627.63),(258,'Cassandra','Hunt','246 Raven Street','New York','Italy',106625.60),(259,'Ifeanyi','Bristow','483 Wolf Street','Chicago','France',117863.92),(260,'Jason','Dixon','198 Prince Street','Moscow','Italy',86645.72),(261,'Marcus','Samuel','312 Viper Street','Buenos Aires','South Africa',93785.44),(262,'Derek','Emekwo','820 Bishop Street','Cape Town','Czech Republic',98447.60),(263,'Victor','Hunt','407 Eagle Street','Berlin','China',56568.38),(264,'Sophia','Romanoff','483 Wolf Street','Dubai','China',87449.71),(265,'Oliver','Bristow','590 Dragon Street','Moscow','Czech Republic',111540.62),(266,'Emma','Bourne','783 Ghost Street','Tokyo','Italy',53980.08),(267,'Natasha','Samuel','483 Duchess Street','London','Brazil',75324.33),(268,'John','Bond','407 Eagle Street','Toronto','Turkey',141094.40),(269,'Marcus','Stone','800 Lion Street','Tokyo','Canada',80920.66),(270,'Cassandra','Bristow','296 Falcon Street','Rome','China',145196.88),(271,'Alicia','Queen','246 Raven Street','Prague','South Africa',144753.11),(272,'Sydney','Dixon','783 Ghost Street','Tokyo','South Africa',83133.04),(273,'Jack','Allon','198 Prince Street','Dubai','Argentina',60798.03),(274,'Evelyn','Salt','296 Falcon Street','New York','Japan',78166.20),(275,'Marcus','Bristow','246 Raven Street','Madrid','Germany',50946.14),(276,'Sydney','Trevelyan','483 Wolf Street','Beijing','Russia',135539.71),(277,'Cassandra','Vikander','820 Bishop Street','Rome','Austria',92176.12),(278,'Marcus','Cain','407 Eagle Street','Sydney','South Africa',146723.41),(279,'Ethan','Croft','246 Raven Street','Buenos Aires','China',77023.26),(280,'Oliver','Queen','590 Dragon Street','Los Angeles','Russia',112272.42),(281,'Ethan','Samuel','483 Wolf Street','Madrid','Turkey',124549.04),(282,'Oliver','Romanoff','590 Dragon Street','Tokyo','United Kingdom',126346.24),(283,'Ethan','Romanoff','199 Duke Street','Paris','Czech Republic',143523.05),(284,'Jason','Romanoff','666 King Street','Rio de Janeiro','Austria',137252.25),(285,'Michael','Vikander','362 Phoenix Street','Prague','Spain',69558.37),(286,'Alicia','Ryan','800 Lion Street','London','Brazil',107470.22),(287,'Sydney','Hart','312 Viper Street','Istanbul','China',116711.76),(288,'Sophia','Samuel','800 Lion Street','Sydney','Spain',103725.36),(289,'Marcus','Stone','183 Knight Street','New York','United States',97494.17),(290,'Gabriel','Dixon','590 Dragon Street','Paris','Russia',127790.85),(291,'Emma','Vikander','783 Ghost Street','Toronto','Australia',51939.12),(292,'Natasha','Trevelyan','820 Bishop Street','Beijing','Spain',75423.64),(293,'Alec','Allon','312 Viper Street','Los Angeles','United Arab Emirates',52327.89),(294,'Emma','Romanoff','483 Duchess Street','Chicago','Germany',90223.32),(295,'Gabriel','Westen','648 Tiger Street','Tokyo','Japan',145515.56),(296,'Emma','Frost','562 Shadow Street','Beijing','Argentina',118557.16),(297,'Jack','Vikander','483 Wolf Street','Vienna','Canada',98364.59),(298,'Sydney','Wexler','783 Ghost Street','Cape Town','United States',148515.58),(299,'Lara','Emekwo','820 Bishop Street','Istanbul','Canada',100018.35),(300,'Marcus','Martinez','246 Raven Street','New York','Italy',99309.42),(301,'Oliver','Allon','296 Falcon Street','Sydney','Australia',58676.28),(302,'John','Dixon','483 Duchess Street','Tokyo','Russia',143896.27),(303,'Evelyn','Frost','783 Ghost Street','Beijing','China',147439.22),(304,'Alicia','Dixon','666 King Street','Paris','France',113030.62),(305,'Victor','Queen','312 Viper Street','Beijing','Canada',83442.18),(306,'Sarah','Wexler','820 Bishop Street','Sydney','China',99864.62),(307,'John','Vikander','296 Falcon Street','Tokyo','Czech Republic',123668.48),(308,'Natasha','Salt','246 Raven Street','Toronto','Spain',74213.91),(309,'Isabelle','Trevelyan','648 Tiger Street','Los Angeles','France',116609.26),(310,'Harry','Samuel','486 Princess Street','Cape Town','France',136514.84),(311,'Ifeanyi','Hunt','562 Shadow Street','Buenos Aires','United Arab Emirates',70399.99),(312,'Michael','Hart','198 Prince Street','Beijing','Russia',80399.39),(313,'Emma','Emekwo','783 Ghost Street','Beijing','United States',75674.94),(314,'Ifeanyi','Dixon','820 Bishop Street','Toronto','Canada',113344.15),(315,'Gabriel','Ryan','293 Queen Street','Vienna','Turkey',131635.23),(316,'Isabelle','Croft','562 Shadow Street','Beijing','Germany',115638.67),(317,'Ethan','Trevelyan','183 Knight Street','Rio de Janeiro','Czech Republic',72907.91),(318,'Emma','Cain','666 King Street','Prague','South Africa',141157.67),(319,'Sophia','Bristow','590 Dragon Street','Vienna','China',115568.88),(320,'Sarah','Allon','199 Duke Street','Madrid','Argentina',89204.02),(321,'John','Frost','296 Falcon Street','Rio de Janeiro','Brazil',143315.04),(322,'John','Croft','590 Dragon Street','Prague','Argentina',90072.78),(323,'Oliver','Allon','407 Eagle Street','Istanbul','United Arab Emirates',128144.40),(324,'Sophia','Frost','820 Bishop Street','London','Brazil',109024.25),(325,'Victor','Ryan','183 Knight Street','Buenos Aires','Australia',136415.60),(326,'Isabelle','Hunt','183 Knight Street','Tokyo','Japan',126165.14),(327,'Evelyn','Cain','486 Princess Street','Dubai','Turkey',122081.89),(328,'Isabelle','Allon','483 Duchess Street','New York','United Kingdom',138751.77),(329,'Victor','Wexler','800 Lion Street','Chicago','Austria',53406.51),(330,'Emma','Cain','183 Knight Street','Paris','Brazil',60819.21),(331,'Martha','Queen','362 Phoenix Street','Paris','South Africa',76087.26),(332,'Evelyn','Croft','820 Bishop Street','New York','Australia',130570.25),(333,'James','Stone','296 Falcon Street','Berlin','China',61083.36),(334,'Ethan','Westen','296 Falcon Street','Beijing','Spain',57362.83),(335,'Oliver','Dixon','590 Dragon Street','New York','Austria',98197.23),(336,'Natasha','Romanoff','199 Duke Street','Vienna','Italy',70372.17),(337,'Emma','Cain','800 Lion Street','Prague','United Kingdom',56483.85),(338,'Emma','Wexler','483 Duchess Street','Prague','Russia',125781.09),(339,'Alec','Allon','486 Princess Street','London','Australia',124972.63),(340,'Sophia','Frost','312 Viper Street','Chicago','Japan',56795.69),(341,'Sydney','Hart','648 Tiger Street','Chicago','Turkey',145683.94),(342,'Emma','Emekwo','293 Queen Street','Prague','South Africa',70193.78),(343,'Natasha','Salt','198 Prince Street','Toronto','South Africa',78494.64),(344,'Sarah','Frost','407 Eagle Street','Istanbul','Brazil',110965.21),(345,'Michael','Wexler','783 Ghost Street','Los Angeles','Spain',108120.14),(346,'Sarah','Bond','562 Shadow Street','Beijing','France',103140.28),(347,'Marcus','Stone','820 Bishop Street','Rome','Spain',113647.12),(348,'John','Croft','820 Bishop Street','Chicago','South Africa',72804.62),(349,'Ethan','Wexler','246 Raven Street','Moscow','Canada',66725.71),(350,'Ethan','Bourne','199 Duke Street','Madrid','Germany',133934.03),(351,'Oliver','Samuel','293 Queen Street','Cape Town','Austria',70967.39),(352,'Michael','Emekwo','590 Dragon Street','Vienna','United Kingdom',147625.50),(353,'Ifeanyi','Westen','590 Dragon Street','Sydney','Italy',110811.81),(354,'Jason','Bourne','666 King Street','Paris','France',97384.07),(355,'Cassandra','Samuel','407 Eagle Street','Chicago','Russia',144355.99),(356,'Victor','Vikander','666 King Street','Madrid','Czech Republic',136090.87),(357,'Gabriel','Cain','296 Falcon Street','Buenos Aires','Italy',146758.10),(358,'Isabelle','Hunt','783 Ghost Street','Moscow','Italy',57998.44),(359,'Oliver','Stone','296 Falcon Street','Beijing','Spain',84515.17),(360,'Jack','Bristow','407 Eagle Street','New York','Turkey',87273.77),(361,'Alicia','Ryan','246 Raven Street','Sydney','Czech Republic',95783.05),(362,'Sophia','Allon','800 Lion Street','Chicago','Brazil',135497.85),(363,'Alicia','Dixon','666 King Street','Prague','United States',63635.36),(364,'Isabelle','Hunt','246 Raven Street','Dubai','Austria',72700.48),(365,'Michael','Westen','246 Raven Street','Beijing','South Africa',75095.00),(366,'Ethan','Frost','648 Tiger Street','Vienna','Austria',85561.01),(367,'Alicia','Stone','483 Wolf Street','Rio de Janeiro','United States',50714.75),(368,'Jason','Trevelyan','296 Falcon Street','Vienna','Spain',127767.14),(369,'Evelyn','Romanoff','448 Castle Street','Sydney','Spain',69721.26),(370,'Isabelle','Stone','246 Raven Street','Los Angeles','Japan',89099.44),(371,'Alicia','Hart','800 Lion Street','Rome','Australia',87776.30),(372,'Martha','Frost','783 Ghost Street','Rome','China',124047.60),(373,'John','Allon','666 King Street','Tokyo','Australia',130017.91),(374,'Emma','Queen','783 Ghost Street','Toronto','Brazil',131005.58),(375,'Michael','Wexler','407 Eagle Street','Berlin','United Arab Emirates',139722.56),(376,'Natasha','Dixon','562 Shadow Street','Beijing','South Africa',143069.04),(377,'Isabelle','Westen','486 Princess Street','Tokyo','France',67060.13),(378,'James','Bourne','312 Viper Street','Toronto','Germany',134799.61),(379,'Michael','Bond','820 Bishop Street','Vienna','Spain',127418.27),(380,'Lara','Frost','246 Raven Street','London','Japan',56120.36),(381,'Harry','Westen','362 Phoenix Street','Beijing','South Africa',108455.47),(382,'Ethan','Trevelyan','648 Tiger Street','Paris','Italy',71054.31),(383,'Alec','Wexler','590 Dragon Street','New York','Brazil',118962.37),(384,'James','Emekwo','293 Queen Street','Madrid','Brazil',106327.97),(385,'Michael','Croft','648 Tiger Street','Sydney','China',123878.76),(386,'Emma','Samuel','562 Shadow Street','Berlin','Turkey',54803.50),(387,'John','Allon','820 Bishop Street','Dubai','Austria',71086.22),(388,'Lara','Allon','407 Eagle Street','Paris','Austria',102984.34),(389,'Sydney','Queen','590 Dragon Street','New York','Germany',104958.95),(390,'Evelyn','Ryan','246 Raven Street','London','China',75670.24),(391,'Sarah','Bourne','183 Knight Street','Sydney','France',145786.28),(392,'Evelyn','Wexler','590 Dragon Street','Istanbul','Australia',119993.50),(393,'Jason','Croft','198 Prince Street','Rio de Janeiro','Germany',92260.50),(394,'Derek','Stone','198 Prince Street','Cape Town','Czech Republic',148976.51),(395,'Alicia','Cain','293 Queen Street','Rio de Janeiro','Canada',134686.85),(396,'James','Queen','648 Tiger Street','Sydney','Germany',117630.52),(397,'Jason','Ryan','590 Dragon Street','Madrid','Russia',129101.73),(398,'Victor','Bourne','183 Knight Street','New York','Australia',66659.15),(399,'Michael','Allon','312 Viper Street','London','Germany',59630.03),(400,'Derek','Trevelyan','296 Falcon Street','Tokyo','United Arab Emirates',108661.22),(401,'Evelyn','Ryan','198 Prince Street','London','Russia',123255.35),(402,'Michael','Bristow','296 Falcon Street','Rio de Janeiro','Spain',102292.78),(403,'Derek','Martinez','362 Phoenix Street','Chicago','United Arab Emirates',123770.39),(404,'Natasha','Stone','483 Wolf Street','Vienna','Austria',119478.94),(405,'Michael','Hunt','362 Phoenix Street','Beijing','Japan',104334.03),(406,'Sarah','Trevelyan','783 Ghost Street','Beijing','Turkey',85524.61),(407,'John','Ryan','296 Falcon Street','Toronto','Canada',67315.92),(408,'Ifeanyi','Dixon','296 Falcon Street','Buenos Aires','Germany',136168.71),(409,'Derek','Hunt','483 Duchess Street','Buenos Aires','South Africa',144448.08),(410,'Oliver','Westen','483 Wolf Street','Tokyo','South Africa',139163.86),(411,'Oliver','Stone','666 King Street','Dubai','Russia',133056.02),(412,'Cassandra','Vikander','312 Viper Street','Istanbul','Italy',88843.43),(413,'Gabriel','Westen','183 Knight Street','Istanbul','Argentina',89384.68),(414,'Sarah','Frost','199 Duke Street','Madrid','United States',63081.80),(415,'Oliver','Ryan','483 Duchess Street','Toronto','Austria',54071.10),(416,'Isabelle','Emekwo','562 Shadow Street','Tokyo','Czech Republic',116697.98),(417,'Emma','Queen','407 Eagle Street','Berlin','Germany',102667.04),(418,'Marcus','Salt','783 Ghost Street','Paris','Argentina',137040.64),(419,'Michael','Samuel','448 Castle Street','Buenos Aires','Italy',112061.36),(420,'Derek','Bristow','648 Tiger Street','Toronto','Brazil',79535.47),(421,'Jason','Stone','648 Tiger Street','Chicago','United Kingdom',134829.19),(422,'Ethan','Salt','783 Ghost Street','Tokyo','Brazil',116228.28),(423,'Alicia','Vikander','198 Prince Street','Los Angeles','Japan',106307.92),(424,'Derek','Bourne','407 Eagle Street','Istanbul','Brazil',109346.65),(425,'Victor','Dixon','198 Prince Street','Prague','United States',105470.06),(426,'Emma','Bristow','562 Shadow Street','Madrid','China',51747.61),(427,'Alicia','Bourne','296 Falcon Street','New York','United Arab Emirates',145444.63),(428,'Victor','Romanoff','486 Princess Street','Buenos Aires','Austria',86584.76),(429,'Natasha','Salt','800 Lion Street','London','South Africa',93652.13),(430,'Isabelle','Martinez','198 Prince Street','Paris','Argentina',120746.22),(431,'Sophia','Salt','590 Dragon Street','Berlin','Italy',55697.85),(432,'Isabelle','Vikander','448 Castle Street','Toronto','Japan',98554.32),(433,'Jason','Hunt','246 Raven Street','Rio de Janeiro','Italy',59681.56),(434,'Isabelle','Dixon','407 Eagle Street','Dubai','Czech Republic',146876.40),(435,'Alec','Emekwo','820 Bishop Street','Vienna','Japan',70498.65),(436,'Alicia','Salt','293 Queen Street','Cape Town','Australia',52475.90),(437,'Isabelle','Samuel','820 Bishop Street','Rio de Janeiro','Canada',74631.71),(438,'Alec','Hart','486 Princess Street','Moscow','Canada',85955.04),(439,'Evelyn','Bond','648 Tiger Street','Cape Town','Italy',142800.38),(440,'Evelyn','Bourne','483 Duchess Street','Tokyo','Argentina',100415.85),(441,'Michael','Wexler','293 Queen Street','Berlin','United States',82891.62),(442,'Alicia','Ryan','783 Ghost Street','Sydney','Brazil',81534.58),(443,'Evelyn','Romanoff','562 Shadow Street','Cape Town','Russia',129136.80),(444,'Ifeanyi','Stone','590 Dragon Street','Vienna','United Kingdom',92691.09),(445,'John','Allon','666 King Street','London','Czech Republic',103614.05),(446,'Marcus','Romanoff','246 Raven Street','Istanbul','Japan',61628.36),(447,'Sarah','Wexler','293 Queen Street','Buenos Aires','Germany',60440.60),(448,'Gabriel','Bristow','448 Castle Street','Los Angeles','Japan',134943.60),(449,'Gabriel','Martinez','483 Wolf Street','Los Angeles','United Kingdom',136422.73),(450,'Oliver','Wexler','199 Duke Street','Paris','Spain',128577.92),(451,'John','Martinez','486 Princess Street','Buenos Aires','Brazil',60037.47),(452,'Derek','Wexler','246 Raven Street','Los Angeles','United Arab Emirates',137106.94),(453,'Emma','Martinez','486 Princess Street','Vienna','Austria',87500.25),(454,'Jason','Stone','483 Duchess Street','Paris','Germany',69344.58),(455,'Gabriel','Allon','312 Viper Street','Rome','Japan',83211.12),(456,'Michael','Wexler','483 Wolf Street','Rio de Janeiro','China',141265.21),(457,'Jack','Bond','590 Dragon Street','Beijing','Austria',115449.32),(458,'John','Bristow','199 Duke Street','Tokyo','Canada',94533.83),(459,'James','Bond','666 King Street','Toronto','Canada',64842.81),(460,'Alec','Westen','296 Falcon Street','Beijing','United Arab Emirates',69382.29),(461,'John','Frost','483 Wolf Street','New York','South Africa',140395.51),(462,'Jason','Queen','800 Lion Street','Chicago','Australia',68602.31),(463,'Emma','Croft','198 Prince Street','Rome','Argentina',54627.30),(464,'Isabelle','Westen','293 Queen Street','London','United Kingdom',98114.48),(465,'Martha','Trevelyan','783 Ghost Street','Paris','France',111716.25),(466,'Gabriel','Bourne','246 Raven Street','Moscow','Canada',127462.42),(467,'Cassandra','Dixon','800 Lion Street','Beijing','Canada',98162.11),(468,'Victor','Cain','483 Duchess Street','Paris','Canada',66758.61),(469,'Ifeanyi','Queen','199 Duke Street','Prague','China',116333.73),(470,'Alicia','Dixon','293 Queen Street','Vienna','Italy',139896.78),(471,'Isabelle','Trevelyan','486 Princess Street','Paris','United States',60396.00),(472,'Derek','Stone','648 Tiger Street','Madrid','Italy',141583.15),(473,'James','Wexler','486 Princess Street','Tokyo','France',77600.50),(474,'Jason','Frost','312 Viper Street','Rio de Janeiro','United Arab Emirates',88242.27),(475,'Derek','Westen','590 Dragon Street','London','United States',113324.21),(476,'Gabriel','Bristow','486 Princess Street','Chicago','Australia',142378.32),(477,'Evelyn','Salt','199 Duke Street','Chicago','United Arab Emirates',128429.21),(478,'James','Cain','312 Viper Street','Istanbul','China',70762.92),(479,'Natasha','Samuel','800 Lion Street','Tokyo','Australia',111824.04),(480,'Sophia','Trevelyan','199 Duke Street','Tokyo','Turkey',94223.41),(481,'Martha','Dixon','820 Bishop Street','Madrid','Czech Republic',54659.48),(482,'Evelyn','Bond','590 Dragon Street','Prague','Turkey',119867.50),(483,'Jack','Vikander','296 Falcon Street','Vienna','Germany',136459.72),(484,'Lara','Westen','590 Dragon Street','Paris','United Kingdom',51655.76),(485,'Harry','Martinez','362 Phoenix Street','Moscow','Canada',76081.38),(486,'Cassandra','Stone','820 Bishop Street','Vienna','United States',94162.62),(487,'Cassandra','Croft','783 Ghost Street','London','Brazil',65791.78),(488,'Sydney','Trevelyan','648 Tiger Street','London','United States',118201.49),(489,'Cassandra','Bourne','590 Dragon Street','New York','United Kingdom',124688.49),(490,'Gabriel','Ryan','590 Dragon Street','Vienna','United States',126788.50),(491,'Sydney','Trevelyan','483 Wolf Street','Los Angeles','Spain',60870.90),(492,'Sarah','Croft','296 Falcon Street','Prague','Spain',76577.44),(493,'Lara','Samuel','783 Ghost Street','Rome','Japan',146001.68),(494,'Derek','Cain','486 Princess Street','Vienna','Spain',92033.32),(495,'Ifeanyi','Stone','562 Shadow Street','Dubai','Russia',70177.47),(496,'Marcus','Vikander','293 Queen Street','Berlin','France',131782.01),(497,'Alec','Bourne','800 Lion Street','New York','Germany',131284.96),(498,'James','Ryan','483 Wolf Street','Los Angeles','South Africa',113515.23),(499,'Evelyn','Vikander','296 Falcon Street','Chicago','Italy',60707.37),(500,'Cassandra','Wexler','246 Raven Street','Tokyo','Spain',134402.69),(501,'Jason','Queen','483 Duchess Street','Prague','South Africa',86902.87),(502,'Victor','Stone','183 Knight Street','Beijing','Czech Republic',104860.81),(503,'Jason','Stone','183 Knight Street','Sydney','Australia',132857.56),(504,'Isabelle','Trevelyan','483 Duchess Street','Dubai','Italy',96870.60),(505,'Oliver','Emekwo','820 Bishop Street','New York','Austria',127620.62),(506,'Lara','Frost','783 Ghost Street','Prague','Italy',68928.27),(507,'Sydney','Dixon','562 Shadow Street','Chicago','Spain',70985.78),(508,'Marcus','Westen','486 Princess Street','New York','Austria',111799.77),(509,'Jack','Salt','486 Princess Street','London','Germany',68883.03),(510,'Emma','Vikander','783 Ghost Street','Toronto','Japan',77477.61),(511,'Sydney','Trevelyan','666 King Street','Moscow','United Arab Emirates',120297.61),(512,'Harry','Queen','562 Shadow Street','Prague','Japan',91318.21),(513,'Jack','Emekwo','407 Eagle Street','Sydney','Spain',102872.80),(514,'Ifeanyi','Dixon','183 Knight Street','Tokyo','Turkey',96769.43),(515,'Martha','Emekwo','448 Castle Street','Chicago','Czech Republic',112744.45),(516,'Natasha','Bristow','199 Duke Street','Buenos Aires','Italy',69391.60),(517,'Gabriel','Emekwo','198 Prince Street','Cape Town','Russia',51115.98),(518,'Jason','Westen','198 Prince Street','Rome','United Kingdom',81276.44),(519,'Cassandra','Allon','666 King Street','Los Angeles','United Kingdom',106133.92),(520,'Jack','Allon','183 Knight Street','Berlin','Russia',70793.08),(521,'Evelyn','Wexler','448 Castle Street','Madrid','Japan',147424.85),(522,'Cassandra','Vikander','448 Castle Street','Beijing','United States',83592.76),(523,'Lara','Bourne','407 Eagle Street','Rio de Janeiro','Brazil',57063.82),(524,'Ethan','Wexler','362 Phoenix Street','Los Angeles','United States',73116.41),(525,'Jack','Westen','312 Viper Street','Paris','United States',85176.49),(526,'Victor','Emekwo','407 Eagle Street','Los Angeles','Argentina',132627.53),(527,'Michael','Frost','362 Phoenix Street','Dubai','United Kingdom',110174.05),(528,'Jason','Hart','312 Viper Street','Toronto','Australia',78055.18),(529,'Alec','Bristow','666 King Street','Beijing','France',93208.61),(530,'John','Dixon','486 Princess Street','Paris','Spain',62219.74),(531,'Oliver','Hunt','198 Prince Street','London','France',104808.93),(532,'Natasha','Bristow','312 Viper Street','Berlin','Austria',67528.94),(533,'Sophia','Romanoff','590 Dragon Street','Rome','Russia',116759.00),(534,'Martha','Bond','666 King Street','Beijing','China',121831.39),(535,'Jason','Hunt','246 Raven Street','Berlin','Australia',52168.06),(536,'Gabriel','Trevelyan','486 Princess Street','Istanbul','France',85901.91),(537,'Marcus','Hunt','648 Tiger Street','Rome','Canada',83797.18),(538,'Alicia','Bourne','198 Prince Street','Vienna','United Kingdom',63598.88),(539,'Martha','Dixon','666 King Street','Chicago','Brazil',148855.33),(540,'Oliver','Frost','648 Tiger Street','Prague','Japan',81311.64),(541,'Natasha','Bristow','483 Wolf Street','Tokyo','Italy',143140.79),(542,'Martha','Cain','198 Prince Street','Sydney','China',80688.68),(543,'Oliver','Samuel','198 Prince Street','Madrid','China',142278.04),(544,'Gabriel','Bourne','407 Eagle Street','Sydney','Argentina',78201.24),(545,'Derek','Queen','312 Viper Street','Buenos Aires','Russia',66880.91),(546,'Ethan','Salt','407 Eagle Street','Rome','South Africa',121771.90),(547,'John','Croft','183 Knight Street','Paris','United Arab Emirates',56925.77),(548,'Isabelle','Martinez','183 Knight Street','Rio de Janeiro','Turkey',94161.01),(549,'Natasha','Stone','183 Knight Street','Prague','Turkey',126594.90),(550,'Sydney','Westen','407 Eagle Street','Rio de Janeiro','Italy',124381.33),(551,'Ifeanyi','Ryan','362 Phoenix Street','Vienna','Japan',131086.43),(552,'Alec','Romanoff','562 Shadow Street','London','Russia',116093.81),(553,'Marcus','Martinez','296 Falcon Street','London','Russia',97339.82),(554,'Derek','Stone','820 Bishop Street','Buenos Aires','Spain',92194.60),(555,'Derek','Vikander','407 Eagle Street','Vienna','Russia',60332.08),(556,'Evelyn','Cain','783 Ghost Street','Madrid','United States',60836.86),(557,'Ethan','Ryan','407 Eagle Street','Tokyo','Russia',61506.68),(558,'Sarah','Cain','800 Lion Street','Sydney','Germany',124402.65),(559,'John','Hart','198 Prince Street','Tokyo','Brazil',101913.64),(560,'Emma','Trevelyan','483 Wolf Street','Chicago','Brazil',75526.33),(561,'Alicia','Vikander','448 Castle Street','Buenos Aires','Austria',62234.99),(562,'Alec','Bristow','666 King Street','London','United Kingdom',68357.31),(563,'Harry','Queen','800 Lion Street','Prague','Turkey',92494.01),(564,'Derek','Trevelyan','293 Queen Street','Paris','France',81839.99),(565,'Alec','Queen','293 Queen Street','Berlin','Russia',73010.45),(566,'Harry','Samuel','293 Queen Street','Istanbul','Brazil',124242.58),(567,'Ethan','Stone','486 Princess Street','Chicago','Brazil',60396.73),(568,'Michael','Bond','407 Eagle Street','Istanbul','Spain',53162.71),(569,'Victor','Stone','293 Queen Street','Toronto','Turkey',106147.32),(570,'Cassandra','Stone','293 Queen Street','Vienna','Canada',109043.59),(571,'Alicia','Westen','312 Viper Street','Chicago','Australia',76405.99),(572,'Oliver','Bond','448 Castle Street','Beijing','Argentina',96351.55),(573,'Martha','Wexler','362 Phoenix Street','Toronto','France',99713.84),(574,'Ethan','Trevelyan','648 Tiger Street','London','United States',52650.81),(575,'Gabriel','Croft','183 Knight Street','New York','Russia',99269.97),(576,'Jack','Martinez','783 Ghost Street','Rio de Janeiro','Spain',118305.60),(577,'Jason','Vikander','246 Raven Street','Chicago','Italy',142131.40),(578,'Alicia','Frost','783 Ghost Street','Toronto','Germany',65809.73),(579,'Michael','Westen','199 Duke Street','Rome','Spain',148178.80),(580,'Isabelle','Frost','296 Falcon Street','Dubai','Brazil',91324.41),(581,'Derek','Cain','800 Lion Street','Rio de Janeiro','Brazil',146160.57),(582,'Alec','Dixon','407 Eagle Street','Paris','United Arab Emirates',102660.66),(583,'Evelyn','Bristow','783 Ghost Street','Rio de Janeiro','Russia',77031.16),(584,'Victor','Westen','407 Eagle Street','Vienna','Turkey',100191.56),(585,'Natasha','Croft','407 Eagle Street','Rio de Janeiro','Brazil',146250.58),(586,'Sydney','Westen','648 Tiger Street','Beijing','Czech Republic',141350.17),(587,'Ifeanyi','Vikander','296 Falcon Street','Prague','Italy',111403.07),(588,'Alicia','Westen','800 Lion Street','Vienna','Spain',86975.69),(589,'Oliver','Bristow','783 Ghost Street','Chicago','Turkey',63686.72),(590,'James','Allon','590 Dragon Street','Prague','Russia',68440.05),(591,'James','Frost','590 Dragon Street','Rio de Janeiro','Russia',132219.38),(592,'Isabelle','Samuel','296 Falcon Street','Vienna','United Kingdom',52493.16),(593,'Harry','Martinez','198 Prince Street','Rio de Janeiro','Turkey',119365.06),(594,'Marcus','Romanoff','800 Lion Street','Rome','Japan',78438.33),(595,'Sydney','Bourne','590 Dragon Street','Prague','China',95876.42),(596,'Alec','Queen','199 Duke Street','Buenos Aires','Italy',111632.49),(597,'Sophia','Bourne','783 Ghost Street','Sydney','Brazil',106164.35),(598,'Ifeanyi','Vikander','800 Lion Street','Sydney','Czech Republic',132145.25),(599,'Marcus','Westen','362 Phoenix Street','Buenos Aires','Czech Republic',88281.80),(600,'Jason','Bourne','293 Queen Street','Sydney','Russia',110252.98),(601,'James','Cain','293 Queen Street','Los Angeles','United Kingdom',101920.16),(602,'Martha','Queen','783 Ghost Street','London','Italy',83890.74),(603,'Victor','Trevelyan','296 Falcon Street','Madrid','Italy',78726.09),(604,'Oliver','Wexler','199 Duke Street','Los Angeles','Australia',109115.55),(605,'Sarah','Trevelyan','312 Viper Street','Rio de Janeiro','Czech Republic',144624.96),(606,'Jason','Ryan','296 Falcon Street','Tokyo','South Africa',109333.05),(607,'Sarah','Hunt','590 Dragon Street','New York','South Africa',75322.13),(608,'Derek','Wexler','483 Wolf Street','Rio de Janeiro','Germany',67005.35),(609,'Derek','Hunt','407 Eagle Street','Vienna','South Africa',54962.59),(610,'Jason','Frost','820 Bishop Street','London','United Arab Emirates',95144.42),(611,'Sydney','Hart','312 Viper Street','Toronto','Japan',137919.07),(612,'Ifeanyi','Allon','590 Dragon Street','Buenos Aires','Argentina',68594.81),(613,'James','Queen','562 Shadow Street','Rome','United Kingdom',96178.41),(614,'Sarah','Romanoff','246 Raven Street','Beijing','Argentina',142456.20),(615,'Lara','Ryan','312 Viper Street','Los Angeles','China',114308.64),(616,'Jason','Queen','293 Queen Street','Rome','Austria',140576.09),(617,'Ethan','Cain','362 Phoenix Street','Chicago','Argentina',103993.72),(618,'Victor','Hart','648 Tiger Street','Toronto','Turkey',77451.66),(619,'Sydney','Bond','293 Queen Street','Berlin','Austria',119793.67),(620,'Jason','Dixon','407 Eagle Street','Berlin','Russia',57468.22),(621,'Cassandra','Wexler','820 Bishop Street','London','Austria',89649.66),(622,'Ifeanyi','Wexler','483 Duchess Street','Prague','Brazil',103112.88),(623,'Evelyn','Salt','407 Eagle Street','Dubai','Russia',51920.47),(624,'Alicia','Croft','198 Prince Street','London','United States',116173.36),(625,'Lara','Salt','562 Shadow Street','Sydney','Russia',72214.34),(626,'Evelyn','Hunt','486 Princess Street','Berlin','Turkey',131876.05),(627,'Derek','Emekwo','312 Viper Street','Paris','Germany',136702.99),(628,'Victor','Ryan','407 Eagle Street','London','Czech Republic',83468.61),(629,'Ifeanyi','Hart','293 Queen Street','Vienna','Austria',67569.89),(630,'Emma','Queen','448 Castle Street','Vienna','Brazil',81294.13),(631,'Marcus','Stone','312 Viper Street','Sydney','United States',63520.58),(632,'Marcus','Queen','293 Queen Street','Cape Town','United States',112356.99),(633,'Alec','Samuel','666 King Street','Paris','Japan',111019.44),(634,'Oliver','Hunt','296 Falcon Street','Rome','United Arab Emirates',127592.22),(635,'Michael','Emekwo','448 Castle Street','Berlin','Australia',79577.16),(636,'Cassandra','Wexler','486 Princess Street','Berlin','Argentina',123896.04),(637,'Jack','Martinez','448 Castle Street','Buenos Aires','China',52396.33),(638,'Harry','Trevelyan','312 Viper Street','Chicago','Turkey',129205.00),(639,'Sarah','Frost','783 Ghost Street','Tokyo','Germany',141132.23),(640,'Martha','Salt','800 Lion Street','Vienna','Japan',111958.77),(641,'Evelyn','Hart','783 Ghost Street','Prague','Brazil',91581.61),(642,'Harry','Allon','800 Lion Street','Prague','United Arab Emirates',144862.36),(643,'James','Queen','183 Knight Street','Vienna','Spain',116412.08),(644,'Cassandra','Bourne','296 Falcon Street','Vienna','Canada',59406.67),(645,'Martha','Hunt','486 Princess Street','Toronto','South Africa',63897.80),(646,'Harry','Martinez','407 Eagle Street','Rome','Czech Republic',111194.22),(647,'Jason','Bourne','198 Prince Street','Berlin','Argentina',126318.59),(648,'Sophia','Hunt','448 Castle Street','Moscow','Czech Republic',87339.31),(649,'Marcus','Wexler','199 Duke Street','Vienna','Japan',95639.66),(650,'Michael','Vikander','199 Duke Street','Rio de Janeiro','Russia',145473.73),(651,'Oliver','Stone','362 Phoenix Street','Istanbul','South Africa',65641.66),(652,'Jason','Croft','648 Tiger Street','Istanbul','United Kingdom',62719.71),(653,'Cassandra','Salt','483 Duchess Street','Los Angeles','Canada',77625.46),(654,'Sydney','Vikander','246 Raven Street','Rome','United Kingdom',58786.60),(655,'Marcus','Bond','362 Phoenix Street','Buenos Aires','Japan',51325.09),(656,'James','Vikander','800 Lion Street','Beijing','Turkey',111682.40),(657,'Alicia','Martinez','246 Raven Street','Cape Town','Russia',67572.34),(658,'Evelyn','Salt','486 Princess Street','Cape Town','Italy',131430.94),(659,'Derek','Stone','486 Princess Street','Cape Town','United Arab Emirates',121700.57),(660,'Oliver','Cain','198 Prince Street','Beijing','Australia',79520.15),(661,'James','Cain','648 Tiger Street','Istanbul','France',123969.79),(662,'Cassandra','Bond','198 Prince Street','Rome','Czech Republic',128307.95),(663,'Victor','Stone','407 Eagle Street','Los Angeles','China',122140.54),(664,'Marcus','Bourne','183 Knight Street','Dubai','France',86222.67),(665,'Jack','Bristow','486 Princess Street','Chicago','Italy',93687.31),(666,'Alicia','Hunt','562 Shadow Street','London','Brazil',114126.67),(667,'John','Emekwo','246 Raven Street','Toronto','France',118190.60),(668,'Cassandra','Salt','590 Dragon Street','Prague','Italy',102297.94),(669,'Natasha','Hunt','648 Tiger Street','Rio de Janeiro','Russia',140243.29),(670,'Natasha','Cain','199 Duke Street','Rio de Janeiro','Czech Republic',78554.01),(671,'Martha','Westen','486 Princess Street','Dubai','United Arab Emirates',81408.11),(672,'Michael','Queen','483 Wolf Street','Beijing','China',116752.68),(673,'Cassandra','Bond','199 Duke Street','Vienna','United Arab Emirates',139716.41),(674,'Emma','Wexler','483 Wolf Street','Buenos Aires','South Africa',101024.04),(675,'Ethan','Allon','590 Dragon Street','Cape Town','Japan',143306.27),(676,'Alec','Wexler','590 Dragon Street','Cape Town','Czech Republic',60004.83),(677,'Michael','Romanoff','666 King Street','Los Angeles','United Kingdom',74231.79),(678,'Victor','Bristow','198 Prince Street','New York','Spain',53844.78),(679,'Lara','Trevelyan','183 Knight Street','London','France',71698.19),(680,'Alec','Allon','293 Queen Street','Cape Town','Spain',125445.76),(681,'John','Croft','312 Viper Street','Berlin','United States',139895.20),(682,'Alicia','Bond','590 Dragon Street','Vienna','China',95900.69),(683,'Oliver','Stone','783 Ghost Street','Buenos Aires','China',142063.09),(684,'Sarah','Salt','296 Falcon Street','Paris','Australia',84983.90),(685,'Evelyn','Ryan','783 Ghost Street','London','Austria',84510.25),(686,'Ethan','Romanoff','483 Wolf Street','Madrid','Austria',54851.46),(687,'Alicia','Frost','448 Castle Street','Prague','Turkey',97908.69),(688,'Jason','Stone','448 Castle Street','Rio de Janeiro','Japan',140826.15),(689,'Natasha','Martinez','199 Duke Street','Istanbul','Czech Republic',76997.29),(690,'Jack','Allon','483 Wolf Street','Cape Town','United Arab Emirates',76393.82),(691,'Emma','Samuel','483 Wolf Street','London','United Kingdom',135687.79),(692,'Lara','Stone','648 Tiger Street','Rio de Janeiro','United Kingdom',139708.29),(693,'Alec','Bristow','362 Phoenix Street','Sydney','South Africa',85126.65),(694,'Sarah','Wexler','407 Eagle Street','Berlin','Turkey',94575.39),(695,'Ifeanyi','Bond','590 Dragon Street','Los Angeles','Brazil',143383.04),(696,'Lara','Salt','483 Wolf Street','Chicago','France',55365.06),(697,'Jack','Dixon','820 Bishop Street','Madrid','Russia',120627.98),(698,'Oliver','Croft','820 Bishop Street','Dubai','United Arab Emirates',109428.29),(699,'Martha','Ryan','666 King Street','Chicago','South Africa',69508.17),(700,'Alec','Samuel','199 Duke Street','New York','China',116701.64),(701,'Michael','Cain','486 Princess Street','Chicago','Czech Republic',55549.03),(702,'Sarah','Frost','293 Queen Street','Los Angeles','South Africa',140423.76),(703,'Marcus','Emekwo','820 Bishop Street','Paris','South Africa',56652.91),(704,'Marcus','Westen','483 Wolf Street','Los Angeles','United Arab Emirates',119869.13),(705,'Jason','Hart','296 Falcon Street','Istanbul','Japan',66857.31),(706,'Derek','Martinez','448 Castle Street','Prague','United States',113194.67),(707,'Evelyn','Romanoff','562 Shadow Street','Chicago','Austria',69948.69),(708,'Marcus','Croft','183 Knight Street','Dubai','Japan',74705.13),(709,'Martha','Queen','648 Tiger Street','Berlin','Austria',74339.28),(710,'Sarah','Wexler','246 Raven Street','Rome','Japan',78777.58),(711,'Martha','Bond','312 Viper Street','Rio de Janeiro','Argentina',139317.01),(712,'Natasha','Romanoff','820 Bishop Street','Dubai','Canada',118507.83),(713,'Martha','Vikander','362 Phoenix Street','Sydney','Spain',136090.42),(714,'Emma','Stone','448 Castle Street','Los Angeles','Australia',88848.57),(715,'Lara','Martinez','293 Queen Street','Sydney','Russia',136538.66),(716,'Evelyn','Allon','800 Lion Street','Vienna','Spain',68785.79),(717,'Gabriel','Salt','199 Duke Street','Paris','Argentina',67048.13),(718,'John','Stone','486 Princess Street','Vienna','United Arab Emirates',60068.66),(719,'Jason','Westen','783 Ghost Street','Paris','Czech Republic',101561.62),(720,'Jack','Wexler','783 Ghost Street','Moscow','Russia',89664.15),(721,'Evelyn','Trevelyan','800 Lion Street','London','Germany',149681.28),(722,'Alec','Westen','198 Prince Street','Sydney','Spain',88653.01),(723,'Lara','Queen','407 Eagle Street','Dubai','Turkey',123908.36),(724,'Ifeanyi','Salt','199 Duke Street','New York','United States',148664.02),(725,'Evelyn','Dixon','296 Falcon Street','Dubai','Argentina',92630.87),(726,'Derek','Queen','483 Wolf Street','Berlin','Canada',103206.12),(727,'Natasha','Martinez','198 Prince Street','Beijing','South Africa',83468.03),(728,'Alicia','Stone','183 Knight Street','Dubai','Japan',81406.12),(729,'Victor','Bond','199 Duke Street','Chicago','United States',108081.98),(730,'Lara','Allon','198 Prince Street','Moscow','France',122929.91),(731,'Derek','Queen','666 King Street','Prague','United States',116859.66),(732,'Harry','Cain','483 Duchess Street','Cape Town','Brazil',149642.01),(733,'Gabriel','Hart','312 Viper Street','Paris','South Africa',115332.91),(734,'Gabriel','Queen','483 Wolf Street','Madrid','Canada',107892.69),(735,'Emma','Trevelyan','820 Bishop Street','Paris','Czech Republic',133826.44),(736,'John','Croft','448 Castle Street','Buenos Aires','Spain',94620.72),(737,'Sarah','Bristow','246 Raven Street','Berlin','United Arab Emirates',105950.17),(738,'Ethan','Emekwo','198 Prince Street','Vienna','Germany',87157.18),(739,'Gabriel','Cain','483 Wolf Street','Toronto','United States',79660.61),(740,'Ifeanyi','Stone','312 Viper Street','Dubai','Spain',124230.94),(741,'Derek','Ryan','198 Prince Street','Berlin','Germany',75276.81),(742,'Emma','Queen','198 Prince Street','Madrid','Japan',74815.94),(743,'Ethan','Dixon','199 Duke Street','New York','United States',68006.27),(744,'Natasha','Ryan','666 King Street','Paris','Italy',52695.04),(745,'Emma','Hart','783 Ghost Street','Beijing','China',84892.87),(746,'Michael','Hart','407 Eagle Street','Istanbul','United States',143618.65),(747,'Isabelle','Ryan','666 King Street','New York','Japan',53387.80),(748,'James','Romanoff','407 Eagle Street','Dubai','South Africa',131253.38),(749,'Derek','Emekwo','783 Ghost Street','Tokyo','Argentina',115469.85),(750,'Martha','Martinez','783 Ghost Street','Madrid','Japan',82509.75),(751,'Sydney','Wexler','199 Duke Street','Rio de Janeiro','Japan',86878.93),(752,'Victor','Romanoff','483 Wolf Street','Chicago','United Arab Emirates',135065.02),(753,'Cassandra','Romanoff','183 Knight Street','Chicago','Argentina',114817.82),(754,'Evelyn','Bond','198 Prince Street','Sydney','Spain',96397.71),(755,'Harry','Bourne','312 Viper Street','Prague','Argentina',60198.30),(756,'Ethan','Romanoff','293 Queen Street','Sydney','Turkey',119037.75),(757,'James','Romanoff','648 Tiger Street','Madrid','United States',122837.60),(758,'Gabriel','Croft','648 Tiger Street','Prague','South Africa',103471.02),(759,'Jack','Bourne','199 Duke Street','Madrid','United States',101944.64),(760,'Lara','Trevelyan','198 Prince Street','Tokyo','Australia',103923.15),(761,'John','Dixon','783 Ghost Street','Rio de Janeiro','Japan',141611.22),(762,'Martha','Frost','666 King Street','Toronto','Czech Republic',117065.69),(763,'Natasha','Hart','783 Ghost Street','New York','Czech Republic',67927.27),(764,'Marcus','Cain','800 Lion Street','Tokyo','Spain',108544.81),(765,'Ethan','Ryan','483 Wolf Street','Beijing','China',94241.41),(766,'Jack','Romanoff','183 Knight Street','Tokyo','Czech Republic',81154.24),(767,'Natasha','Bourne','293 Queen Street','Chicago','Austria',132961.72),(768,'Natasha','Salt','486 Princess Street','Istanbul','Czech Republic',126150.34),(769,'Alicia','Bourne','590 Dragon Street','Tokyo','Canada',113491.49),(770,'Ifeanyi','Queen','666 King Street','Istanbul','United States',80311.95),(771,'Jack','Salt','562 Shadow Street','Prague','China',131853.60),(772,'Jack','Bristow','448 Castle Street','Paris','Russia',148299.63),(773,'Alicia','Cain','486 Princess Street','Rome','Brazil',57375.21),(774,'Oliver','Bourne','312 Viper Street','Los Angeles','Germany',113730.85),(775,'Isabelle','Croft','296 Falcon Street','Tokyo','Brazil',107444.20),(776,'Cassandra','Stone','183 Knight Street','Madrid','Australia',117896.76),(777,'Martha','Hart','362 Phoenix Street','Sydney','South Africa',106494.35),(778,'Alec','Hunt','486 Princess Street','Chicago','France',118655.19),(779,'Ethan','Croft','820 Bishop Street','Berlin','Argentina',89547.09),(780,'Alicia','Bristow','648 Tiger Street','New York','Spain',118588.51),(781,'Alec','Westen','362 Phoenix Street','New York','Australia',134841.68),(782,'Jack','Romanoff','246 Raven Street','Buenos Aires','China',95802.00),(783,'Isabelle','Allon','296 Falcon Street','Paris','Italy',64037.61),(784,'Ifeanyi','Hart','562 Shadow Street','Rome','Australia',62800.38),(785,'Martha','Hunt','486 Princess Street','Cape Town','United States',109601.43),(786,'Isabelle','Hart','648 Tiger Street','Beijing','Russia',144961.05),(787,'Sophia','Bourne','800 Lion Street','Rio de Janeiro','Italy',103641.69),(788,'Oliver','Trevelyan','783 Ghost Street','Berlin','Austria',148907.54),(789,'Ethan','Stone','486 Princess Street','Sydney','Turkey',110344.39),(790,'Sarah','Queen','590 Dragon Street','Cape Town','Brazil',141952.29),(791,'Derek','Hart','362 Phoenix Street','Vienna','Czech Republic',121146.26),(792,'Michael','Frost','198 Prince Street','Tokyo','Canada',67197.65),(793,'Lara','Westen','820 Bishop Street','Moscow','Italy',122545.52),(794,'Oliver','Martinez','800 Lion Street','Cape Town','France',64614.26),(795,'Sydney','Queen','820 Bishop Street','Paris','China',73408.45),(796,'Cassandra','Frost','590 Dragon Street','Beijing','Spain',134068.80),(797,'Harry','Dixon','199 Duke Street','Paris','Italy',95812.95),(798,'Evelyn','Bristow','362 Phoenix Street','Los Angeles','Brazil',73069.80),(799,'James','Martinez','293 Queen Street','New York','Australia',118977.17),(800,'Cassandra','Hart','312 Viper Street','Istanbul','Czech Republic',127777.77),(801,'Ifeanyi','Romanoff','820 Bishop Street','New York','South Africa',103943.93),(802,'Isabelle','Samuel','312 Viper Street','Paris','Spain',84403.17),(803,'Michael','Bristow','590 Dragon Street','Vienna','Canada',134115.48),(804,'Jack','Romanoff','198 Prince Street','Rome','South Africa',68151.91),(805,'Natasha','Bristow','820 Bishop Street','Vienna','United Arab Emirates',140757.75),(806,'Jack','Salt','198 Prince Street','Beijing','United Kingdom',135294.84),(807,'Derek','Samuel','407 Eagle Street','Prague','Australia',128774.98),(808,'John','Martinez','483 Duchess Street','Moscow','Russia',68393.09),(809,'Alec','Samuel','783 Ghost Street','Rio de Janeiro','Turkey',71094.98),(810,'Ifeanyi','Cain','483 Wolf Street','Cape Town','China',112618.26),(811,'Lara','Romanoff','199 Duke Street','Buenos Aires','China',66589.72),(812,'Emma','Romanoff','183 Knight Street','Madrid','Germany',109147.22),(813,'Ifeanyi','Croft','800 Lion Street','Beijing','Germany',78273.76),(814,'Marcus','Frost','183 Knight Street','Paris','Canada',90855.40),(815,'Alicia','Frost','483 Duchess Street','Sydney','United Kingdom',79748.22),(816,'Gabriel','Frost','783 Ghost Street','Prague','South Africa',139033.09),(817,'Jason','Samuel','483 Wolf Street','Paris','France',95425.32),(818,'Oliver','Bond','448 Castle Street','Sydney','Australia',69912.28),(819,'Alicia','Samuel','198 Prince Street','Buenos Aires','Czech Republic',63901.71),(820,'Oliver','Dixon','246 Raven Street','Berlin','South Africa',135554.35),(821,'Alec','Bond','820 Bishop Street','Vienna','Japan',124426.14),(822,'Martha','Romanoff','483 Wolf Street','Toronto','China',107228.89),(823,'Ifeanyi','Frost','183 Knight Street','Rome','China',52155.14),(824,'Michael','Croft','199 Duke Street','Paris','Russia',53453.91),(825,'Marcus','Ryan','483 Duchess Street','Los Angeles','Turkey',77905.94),(826,'Cassandra','Frost','199 Duke Street','Tokyo','China',136601.14),(827,'Sydney','Frost','590 Dragon Street','Rome','France',88239.85),(828,'Victor','Hart','820 Bishop Street','Cape Town','Argentina',137050.54),(829,'Jason','Stone','666 King Street','Chicago','United States',145827.91),(830,'Natasha','Bourne','800 Lion Street','London','Russia',80352.27),(831,'Natasha','Dixon','483 Duchess Street','Istanbul','Turkey',52950.14),(832,'Victor','Westen','483 Duchess Street','Rio de Janeiro','Turkey',88184.15),(833,'Natasha','Queen','590 Dragon Street','London','China',137295.32),(834,'Sarah','Allon','483 Wolf Street','Cape Town','Australia',63349.49),(835,'Ifeanyi','Stone','483 Wolf Street','Chicago','United Kingdom',79045.43),(836,'Michael','Dixon','199 Duke Street','Rome','Turkey',102149.77),(837,'Ethan','Hart','362 Phoenix Street','Moscow','Japan',138201.03),(838,'Michael','Emekwo','293 Queen Street','Toronto','Japan',103528.53),(839,'Jack','Bond','296 Falcon Street','Paris','Czech Republic',72017.71),(840,'Martha','Romanoff','183 Knight Street','Toronto','Germany',55801.92),(841,'Alicia','Ryan','198 Prince Street','Toronto','France',101469.94),(842,'Cassandra','Vikander','486 Princess Street','London','Russia',146797.41),(843,'Victor','Queen','293 Queen Street','Beijing','Germany',132992.68),(844,'Natasha','Trevelyan','820 Bishop Street','Paris','Australia',126510.96),(845,'Alicia','Romanoff','783 Ghost Street','Istanbul','France',62472.11),(846,'Alicia','Dixon','783 Ghost Street','Chicago','Japan',80748.37),(847,'Ethan','Allon','448 Castle Street','Paris','Argentina',50400.51),(848,'Alicia','Wexler','296 Falcon Street','Tokyo','Italy',89324.11),(849,'Alec','Dixon','293 Queen Street','Paris','Germany',89650.24),(850,'Marcus','Hunt','648 Tiger Street','Rome','United Kingdom',92564.96),(851,'Emma','Hart','483 Wolf Street','London','France',100669.17),(852,'John','Salt','199 Duke Street','Los Angeles','South Africa',142457.65),(853,'Gabriel','Bourne','362 Phoenix Street','Chicago','Germany',139312.70),(854,'Sydney','Frost','183 Knight Street','Toronto','China',119960.79),(855,'Jack','Hart','312 Viper Street','New York','France',122298.44),(856,'Isabelle','Ryan','783 Ghost Street','Sydney','Austria',131533.81),(857,'Emma','Samuel','448 Castle Street','Prague','Japan',138652.95),(858,'Alec','Wexler','198 Prince Street','Tokyo','Spain',68984.02),(859,'Oliver','Ryan','407 Eagle Street','Istanbul','Japan',50073.86),(860,'John','Cain','483 Wolf Street','Beijing','Spain',122292.31),(861,'Harry','Bond','312 Viper Street','Chicago','Brazil',134749.98),(862,'Natasha','Bristow','666 King Street','Prague','Austria',122965.98),(863,'Cassandra','Croft','198 Prince Street','Dubai','Germany',147719.29),(864,'Oliver','Wexler','293 Queen Street','Paris','Australia',58906.99),(865,'Natasha','Westen','486 Princess Street','Vienna','Russia',97821.16),(866,'Ethan','Croft','407 Eagle Street','Buenos Aires','Italy',100640.85),(867,'Sarah','Queen','562 Shadow Street','Sydney','Spain',54426.08),(868,'Emma','Queen','448 Castle Street','Tokyo','United Kingdom',60271.42),(869,'Lara','Romanoff','666 King Street','Istanbul','Spain',104366.52),(870,'Oliver','Wexler','198 Prince Street','Vienna','Argentina',54641.98),(871,'Jason','Samuel','800 Lion Street','Sydney','Turkey',128146.18),(872,'Jason','Ryan','362 Phoenix Street','Istanbul','Australia',50940.21),(873,'John','Allon','666 King Street','Moscow','Canada',56738.44),(874,'James','Bourne','246 Raven Street','New York','South Africa',147249.87),(875,'Isabelle','Queen','296 Falcon Street','Moscow','France',136053.37),(876,'Harry','Queen','783 Ghost Street','Rio de Janeiro','Czech Republic',80846.73),(877,'Lara','Hunt','183 Knight Street','Sydney','Australia',148082.04),(878,'Gabriel','Samuel','296 Falcon Street','Buenos Aires','United States',82576.19),(879,'Jack','Ryan','312 Viper Street','Rio de Janeiro','Australia',146014.17),(880,'Victor','Romanoff','293 Queen Street','Moscow','Canada',104813.43),(881,'Natasha','Emekwo','562 Shadow Street','Paris','China',62651.55),(882,'Martha','Cain','198 Prince Street','Cape Town','Spain',114516.22),(883,'Sophia','Romanoff','562 Shadow Street','New York','Italy',120597.69),(884,'Gabriel','Martinez','407 Eagle Street','Tokyo','Russia',135965.07),(885,'Natasha','Croft','648 Tiger Street','Dubai','Spain',134715.84),(886,'Sarah','Samuel','407 Eagle Street','Toronto','South Africa',57058.10),(887,'Emma','Hunt','820 Bishop Street','Vienna','Brazil',79028.19),(888,'Martha','Croft','362 Phoenix Street','Vienna','Russia',148182.42),(889,'Harry','Hunt','820 Bishop Street','Berlin','Australia',68538.11),(890,'Cassandra','Samuel','199 Duke Street','Sydney','Germany',95717.82),(891,'Sydney','Queen','312 Viper Street','Chicago','United States',130998.76),(892,'John','Bristow','246 Raven Street','Vienna','United States',147702.41),(893,'Marcus','Salt','483 Duchess Street','Berlin','Australia',110614.58),(894,'Lara','Wexler','783 Ghost Street','Rome','France',53924.19),(895,'John','Frost','198 Prince Street','Madrid','Germany',102163.29),(896,'Ifeanyi','Stone','483 Wolf Street','Paris','United Kingdom',95344.39),(897,'James','Samuel','820 Bishop Street','Vienna','Argentina',73652.72),(898,'Sydney','Emekwo','296 Falcon Street','Los Angeles','United Arab Emirates',99479.52),(899,'Jason','Emekwo','783 Ghost Street','Prague','France',58182.11),(900,'Jason','Bond','448 Castle Street','Prague','Brazil',64844.13),(901,'Michael','Westen','362 Phoenix Street','Rome','Austria',63942.38),(902,'Isabelle','Allon','198 Prince Street','Cape Town','Russia',61476.07),(903,'Victor','Allon','362 Phoenix Street','Dubai','United Arab Emirates',87111.23),(904,'Evelyn','Allon','199 Duke Street','Madrid','United Arab Emirates',103424.52),(905,'Derek','Wexler','362 Phoenix Street','New York','Germany',73071.06),(906,'Alicia','Emekwo','800 Lion Street','Moscow','Italy',54959.42),(907,'Gabriel','Wexler','483 Duchess Street','Chicago','Brazil',66514.71),(908,'Alec','Allon','407 Eagle Street','Istanbul','Spain',95351.67),(909,'James','Bourne','199 Duke Street','New York','Russia',93393.10),(910,'Derek','Hunt','183 Knight Street','Moscow','Austria',116345.25),(911,'Gabriel','Martinez','820 Bishop Street','Madrid','United Arab Emirates',78501.20),(912,'Sarah','Trevelyan','562 Shadow Street','Los Angeles','United Arab Emirates',101795.65),(913,'Sydney','Dixon','407 Eagle Street','Los Angeles','France',101753.16),(914,'Cassandra','Frost','199 Duke Street','Toronto','South Africa',69789.28),(915,'Natasha','Cain','448 Castle Street','London','South Africa',149234.65),(916,'Michael','Bourne','483 Wolf Street','Los Angeles','Turkey',79170.87),(917,'Michael','Bourne','666 King Street','Vienna','Germany',118589.52),(918,'Sydney','Trevelyan','800 Lion Street','Moscow','Russia',59499.64),(919,'Evelyn','Trevelyan','198 Prince Street','Los Angeles','Canada',141508.94),(920,'Natasha','Martinez','198 Prince Street','New York','Austria',55512.58),(921,'John','Stone','312 Viper Street','Toronto','Italy',101776.40),(922,'Evelyn','Ryan','198 Prince Street','Beijing','Czech Republic',68033.93),(923,'Sophia','Hart','648 Tiger Street','Sydney','United States',133275.57),(924,'Marcus','Salt','483 Duchess Street','Paris','Austria',141868.02),(925,'Sarah','Emekwo','800 Lion Street','Dubai','China',124193.33),(926,'Jason','Dixon','246 Raven Street','Chicago','Brazil',138363.21),(927,'Marcus','Hart','783 Ghost Street','Berlin','United Arab Emirates',148585.80),(928,'Ifeanyi','Romanoff','783 Ghost Street','Moscow','Turkey',108271.26),(929,'Cassandra','Queen','198 Prince Street','Berlin','China',124938.70),(930,'Michael','Cain','483 Wolf Street','Paris','Australia',121727.21),(931,'Victor','Vikander','800 Lion Street','Cape Town','China',107139.26),(932,'Jack','Salt','590 Dragon Street','Sydney','Austria',132572.08),(933,'Ifeanyi','Bristow','198 Prince Street','Chicago','United Kingdom',70995.24),(934,'John','Allon','407 Eagle Street','New York','South Africa',75671.99),(935,'Isabelle','Dixon','198 Prince Street','Toronto','Japan',112219.00),(936,'Marcus','Queen','483 Wolf Street','Berlin','Italy',82386.77),(937,'Martha','Martinez','448 Castle Street','Vienna','Japan',89528.85),(938,'Harry','Dixon','486 Princess Street','Moscow','Australia',133749.15),(939,'Gabriel','Martinez','483 Wolf Street','Vienna','Canada',86719.48),(940,'Ethan','Ryan','448 Castle Street','Tokyo','South Africa',107100.42),(941,'Marcus','Allon','486 Princess Street','Dubai','Italy',123763.20),(942,'Ethan','Samuel','448 Castle Street','Istanbul','Australia',99995.09),(943,'Harry','Hunt','183 Knight Street','Chicago','Russia',112363.32),(944,'Ethan','Stone','293 Queen Street','New York','Japan',146752.96),(945,'Alicia','Martinez','483 Duchess Street','Cape Town','Austria',67969.84),(946,'Lara','Bond','312 Viper Street','Sydney','South Africa',116521.61),(947,'Oliver','Bourne','312 Viper Street','Tokyo','Australia',67081.17),(948,'James','Ryan','199 Duke Street','Berlin','Russia',89773.62),(949,'John','Samuel','312 Viper Street','Cape Town','Brazil',66583.26),(950,'Alec','Queen','362 Phoenix Street','London','United Kingdom',138593.04),(951,'James','Westen','800 Lion Street','Prague','Spain',76935.62),(952,'Alicia','Frost','820 Bishop Street','Los Angeles','France',50797.93),(953,'Derek','Wexler','562 Shadow Street','Vienna','Argentina',68141.30),(954,'Gabriel','Cain','483 Wolf Street','Istanbul','France',149113.84),(955,'Martha','Vikander','448 Castle Street','Tokyo','Spain',136321.77),(956,'Harry','Frost','562 Shadow Street','Chicago','United Arab Emirates',140683.21),(957,'John','Martinez','362 Phoenix Street','Los Angeles','Brazil',120493.13),(958,'Derek','Hunt','183 Knight Street','New York','Russia',70180.80),(959,'Jason','Cain','293 Queen Street','Moscow','Canada',122156.92),(960,'Victor','Bristow','362 Phoenix Street','Beijing','Turkey',141198.34),(961,'Emma','Emekwo','483 Wolf Street','Sydney','Argentina',87579.72),(962,'Lara','Bourne','199 Duke Street','London','Canada',72891.36),(963,'Alicia','Bristow','648 Tiger Street','Berlin','Italy',80675.01),(964,'Jack','Croft','483 Wolf Street','Dubai','Turkey',70945.43),(965,'Sydney','Samuel','562 Shadow Street','Madrid','United States',68710.96),(966,'John','Bourne','362 Phoenix Street','Moscow','Canada',140756.42),(967,'John','Wexler','562 Shadow Street','Toronto','Austria',116268.58),(968,'Jason','Allon','820 Bishop Street','London','South Africa',89302.48),(969,'Cassandra','Hunt','483 Wolf Street','Paris','Canada',60400.86),(970,'Sophia','Cain','296 Falcon Street','Cape Town','Russia',81834.80),(971,'Michael','Bristow','562 Shadow Street','New York','Argentina',84575.61),(972,'Sydney','Trevelyan','296 Falcon Street','Beijing','Turkey',102897.84),(973,'John','Bond','312 Viper Street','Los Angeles','United Kingdom',65659.47),(974,'Gabriel','Emekwo','296 Falcon Street','Paris','Czech Republic',121359.17),(975,'James','Bristow','312 Viper Street','Sydney','United States',130028.05),(976,'Cassandra','Trevelyan','312 Viper Street','Rome','Turkey',122449.52),(977,'Ethan','Cain','312 Viper Street','Chicago','Germany',65758.80),(978,'Natasha','Wexler','407 Eagle Street','Rio de Janeiro','Czech Republic',58817.07),(979,'Evelyn','Ryan','293 Queen Street','New York','China',121650.44),(980,'Martha','Stone','296 Falcon Street','Rome','United Arab Emirates',142461.23),(981,'Evelyn','Vikander','486 Princess Street','Cape Town','France',131236.25),(982,'Martha','Bourne','246 Raven Street','Istanbul','United States',82706.71),(983,'James','Trevelyan','783 Ghost Street','Paris','United States',119665.78),(984,'Gabriel','Bourne','562 Shadow Street','Rio de Janeiro','China',84216.75),(985,'Sarah','Bourne','199 Duke Street','Sydney','Canada',117286.78),(986,'Gabriel','Hunt','648 Tiger Street','Tokyo','South Africa',110127.19),(987,'Ethan','Ryan','783 Ghost Street','Chicago','Germany',85516.78),(988,'Alicia','Bourne','246 Raven Street','London','South Africa',124483.22),(989,'Isabelle','Samuel','183 Knight Street','Beijing','United Arab Emirates',80218.36),(990,'Michael','Romanoff','820 Bishop Street','Rome','Austria',115325.02),(991,'Sydney','Martinez','648 Tiger Street','Berlin','Argentina',63641.40),(992,'Michael','Hunt','448 Castle Street','Beijing','United States',62089.15),(993,'Michael','Allon','648 Tiger Street','Tokyo','United Arab Emirates',140591.08),(994,'John','Samuel','483 Duchess Street','Rome','Canada',120976.65),(995,'Harry','Croft','648 Tiger Street','Chicago','Canada',103834.34),(996,'Derek','Allon','590 Dragon Street','New York','Austria',98738.88),(997,'James','Trevelyan','483 Duchess Street','Vienna','Italy',89867.94),(998,'James','Cain','666 King Street','Berlin','Spain',137500.17),(999,'Michael','Frost','448 Castle Street','Chicago','Japan',135573.03),(1000,'Alicia','Romanoff','246 Raven Street','Istanbul','Germany',128477.22);
/*!40000 ALTER TABLE `agent` ENABLE KEYS */;
UNLOCK TABLES;

--
-- Table structure for table `language`
--

DROP TABLE IF EXISTS `language`;
/*!40101 SET @saved_cs_client     = @@character_set_client */;
/*!50503 SET character_set_client = utf8mb4 */;
CREATE TABLE `language` (
  `language_id` int NOT NULL,
  `language_name` varchar(100) DEFAULT NULL,
  PRIMARY KEY (`language_id`)
) ENGINE=InnoDB DEFAULT CHARSET=utf8mb4 COLLATE=utf8mb4_0900_ai_ci;
/*!40101 SET character_set_client = @saved_cs_client */;

--
-- Dumping data for table `language`
--

LOCK TABLES `language` WRITE;
/*!40000 ALTER TABLE `language` DISABLE KEYS */;
INSERT INTO `language` VALUES (1,'Turkish'),(2,'Mandarin'),(3,'German'),(4,'Italian'),(5,'Norwegian'),(6,'Dutch'),(7,'Swedish'),(8,'Japanese'),(9,'Spanish'),(10,'Finnish'),(11,'Arabic'),(12,'Portuguese'),(13,'French'),(14,'Hindi'),(15,'Hebrew'),(16,'English'),(17,'Korean'),(18,'Greek'),(19,'Polish'),(20,'Russian'),(21,'Igbo');
/*!40000 ALTER TABLE `language` ENABLE KEYS */;
UNLOCK TABLES;

--
-- Table structure for table `language_relationship`
--

DROP TABLE IF EXISTS `language_relationship`;
/*!40101 SET @saved_cs_client     = @@character_set_client */;
/*!50503 SET character_set_client = utf8mb4 */;
CREATE TABLE `language_relationship` (
  `agent_id` int NOT NULL,
  `language_id` int NOT NULL,
  PRIMARY KEY (`agent_id`,`language_id`),
  KEY `fk_language` (`language_id`),
  CONSTRAINT `fk_language` FOREIGN KEY (`language_id`) REFERENCES `language` (`language_id`),
  CONSTRAINT `fk_language_agent` FOREIGN KEY (`agent_id`) REFERENCES `agent` (`agent_id`)
) ENGINE=InnoDB DEFAULT CHARSET=utf8mb4 COLLATE=utf8mb4_0900_ai_ci;
/*!40101 SET character_set_client = @saved_cs_client */;

--
-- Dumping data for table `language_relationship`
--

LOCK TABLES `language_relationship` WRITE;
/*!40000 ALTER TABLE `language_relationship` DISABLE KEYS */;
INSERT INTO `language_relationship` VALUES (8,1),(12,1),(16,1),(25,1),(27,1),(33,1),(34,1),(35,1),(38,1),(49,1),(64,1),(75,1),(85,1),(91,1),(94,1),(100,1),(110,1),(117,1),(124,1),(131,1),(134,1),(136,1),(137,1),(140,1),(144,1),(148,1),(149,1),(153,1),(155,1),(175,1),(178,1),(186,1),(195,1),(200,1),(211,1),(225,1),(227,1),(236,1),(238,1),(245,1),(248,1),(254,1),(258,1),(262,1),(263,1),(269,1),(281,1),(292,1),(293,1),(296,1),(316,1),(328,1),(330,1),(333,1),(335,1),(338,1),(342,1),(344,1),(351,1),(355,1),(356,1),(368,1),(389,1),(391,1),(392,1),(400,1),(403,1),(408,1),(409,1),(417,1),(424,1),(425,1),(427,1),(430,1),(436,1),(437,1),(440,1),(456,1),(457,1),(460,1),(472,1),(489,1),(495,1),(497,1),(502,1),(504,1),(505,1),(506,1),(509,1),(519,1),(534,1),(558,1),(562,1),(570,1),(574,1),(579,1),(588,1),(592,1),(594,1),(603,1),(609,1),(635,1),(649,1),(656,1),(658,1),(659,1),(665,1),(683,1),(690,1),(694,1),(698,1),(703,1),(710,1),(726,1),(738,1),(744,1),(757,1),(759,1),(770,1),(772,1),(774,1),(775,1),(783,1),(803,1),(804,1),(805,1),(806,1),(808,1),(809,1),(825,1),(829,1),(831,1),(833,1),(838,1),(847,1),(851,1),(852,1),(858,1),(860,1),(869,1),(875,1),(881,1),(887,1),(890,1),(892,1),(894,1),(911,1),(912,1),(917,1),(920,1),(922,1),(923,1),(926,1),(928,1),(936,1),(940,1),(942,1),(957,1),(973,1),(981,1),(7,2),(10,2),(17,2),(46,2),(56,2),(58,2),(63,2),(66,2),(72,2),(73,2),(85,2),(89,2),(91,2),(102,2),(107,2),(115,2),(128,2),(132,2),(149,2),(165,2),(175,2),(178,2),(179,2),(181,2),(183,2),(189,2),(194,2),(197,2),(200,2),(221,2),(232,2),(238,2),(249,2),(257,2),(265,2),(269,2),(276,2),(277,2),(285,2),(295,2),(315,2),(327,2),(342,2),(344,2),(348,2),(350,2),(356,2),(365,2),(367,2),(378,2),(381,2),(402,2),(408,2),(409,2),(416,2),(423,2),(433,2),(437,2),(442,2),(455,2),(472,2),(489,2),(499,2),(507,2),(514,2),(526,2),(531,2),(542,2),(544,2),(575,2),(578,2),(580,2),(592,2),(594,2),(611,2),(624,2),(644,2),(657,2),(658,2),(664,2),(668,2),(671,2),(673,2),(677,2),(681,2),(690,2),(708,2),(721,2),(724,2),(725,2),(728,2),(746,2),(749,2),(750,2),(757,2),(758,2),(761,2),(767,2),(776,2),(782,2),(784,2),(787,2),(797,2),(798,2),(802,2),(805,2),(814,2),(815,2),(821,2),(833,2),(834,2),(842,2),(843,2),(847,2),(858,2),(860,2),(863,2),(865,2),(874,2),(876,2),(886,2),(896,2),(904,2),(905,2),(906,2),(910,2),(927,2),(928,2),(929,2),(933,2),(937,2),(939,2),(940,2),(962,2),(974,2),(981,2),(990,2),(998,2),(999,2),(1000,2),(7,3),(9,3),(15,3),(18,3),(28,3),(49,3),(53,3),(55,3),(66,3),(69,3),(71,3),(72,3),(83,3),(97,3),(99,3),(110,3),(116,3),(119,3),(132,3),(135,3),(136,3),(139,3),(142,3),(143,3),(155,3),(165,3),(166,3),(172,3),(177,3),(179,3),(181,3),(185,3),(190,3),(191,3),(200,3),(211,3),(214,3),(215,3),(218,3),(226,3),(229,3),(254,3),(258,3),(261,3),(262,3),(270,3),(278,3),(282,3),(283,3),(296,3),(297,3),(298,3),(301,3),(323,3),(329,3),(330,3),(336,3),(339,3),(354,3),(362,3),(372,3),(382,3),(394,3),(396,3),(400,3),(408,3),(411,3),(416,3),(417,3),(435,3),(439,3),(441,3),(445,3),(448,3),(457,3),(461,3),(477,3),(478,3),(486,3),(500,3),(510,3),(516,3),(526,3),(529,3),(534,3),(536,3),(551,3),(557,3),(561,3),(572,3),(577,3),(580,3),(582,3),(589,3),(591,3),(603,3),(615,3),(618,3),(619,3),(624,3),(625,3),(633,3),(638,3),(639,3),(640,3),(663,3),(666,3),(691,3),(694,3),(700,3),(716,3),(720,3),(723,3),(726,3),(751,3),(753,3),(766,3),(771,3),(786,3),(789,3),(790,3),(793,3),(795,3),(808,3),(809,3),(812,3),(819,3),(831,3),(839,3),(840,3),(843,3),(845,3),(853,3),(856,3),(864,3),(865,3),(867,3),(870,3),(874,3),(881,3),(885,3),(887,3),(900,3),(902,3),(903,3),(908,3),(909,3),(912,3),(914,3),(915,3),(918,3),(929,3),(936,3),(939,3),(945,3),(947,3),(956,3),(961,3),(962,3),(965,3),(973,3),(974,3),(987,3),(2,4),(10,4),(11,4),(14,4),(21,4),(34,4),(37,4),(44,4),(45,4),(61,4),(74,4),(83,4),(91,4),(95,4),(96,4),(103,4),(107,4),(111,4),(113,4),(123,4),(132,4),(137,4),(138,4),(139,4),(149,4),(153,4),(173,4),(179,4),(181,4),(183,4),(188,4),(194,4),(198,4),(211,4),(213,4),(224,4),(231,4),(261,4),(269,4),(283,4),(293,4),(316,4),(322,4),(323,4),(327,4),(333,4),(336,4),(337,4),(342,4),(345,4),(347,4),(351,4),(359,4),(360,4),(363,4),(384,4),(385,4),(398,4),(406,4),(425,4),(428,4),(431,4),(432,4),(434,4),(447,4),(453,4),(455,4),(462,4),(475,4),(478,4),(479,4),(482,4),(488,4),(491,4),(495,4),(496,4),(509,4),(510,4),(512,4),(516,4),(523,4),(531,4),(533,4),(538,4),(548,4),(549,4),(557,4),(560,4),(561,4),(564,4),(576,4),(589,4),(593,4),(606,4),(614,4),(627,4),(632,4),(634,4),(638,4),(643,4),(648,4),(666,4),(672,4),(673,4),(682,4),(683,4),(692,4),(706,4),(710,4),(712,4),(725,4),(740,4),(742,4),(757,4),(758,4),(764,4),(772,4),(783,4),(788,4),(797,4),(805,4),(806,4),(809,4),(814,4),(819,4),(820,4),(826,4),(827,4),(846,4),(849,4),(853,4),(854,4),(874,4),(879,4),(898,4),(903,4),(904,4),(912,4),(913,4),(915,4),(931,4),(936,4),(938,4),(945,4),(961,4),(962,4),(983,4),(986,4),(998,4),(5,5),(23,5),(25,5),(28,5),(41,5),(56,5),(67,5),(72,5),(75,5),(96,5),(106,5),(107,5),(119,5),(123,5),(126,5),(162,5),(164,5),(171,5),(179,5),(180,5),(184,5),(188,5),(193,5),(194,5),(201,5),(220,5),(225,5),(236,5),(238,5),(254,5),(269,5),(272,5),(275,5),(286,5),(288,5),(290,5),(294,5),(300,5),(322,5),(336,5),(337,5),(343,5),(354,5),(361,5),(362,5),(383,5),(391,5),(399,5),(403,5),(426,5),(431,5),(434,5),(443,5),(445,5),(482,5),(483,5),(487,5),(489,5),(490,5),(499,5),(529,5),(553,5),(558,5),(564,5),(565,5),(572,5),(573,5),(575,5),(586,5),(593,5),(596,5),(600,5),(608,5),(612,5),(616,5),(622,5),(644,5),(646,5),(649,5),(650,5),(658,5),(664,5),(668,5),(669,5),(675,5),(676,5),(680,5),(682,5),(702,5),(721,5),(727,5),(740,5),(751,5),(754,5),(762,5),(765,5),(766,5),(780,5),(782,5),(783,5),(784,5),(785,5),(790,5),(791,5),(793,5),(796,5),(798,5),(800,5),(804,5),(810,5),(843,5),(857,5),(858,5),(860,5),(864,5),(873,5),(878,5),(883,5),(887,5),(900,5),(908,5),(910,5),(913,5),(915,5),(917,5),(920,5),(941,5),(945,5),(950,5),(957,5),(964,5),(977,5),(985,5),(992,5),(996,5),(999,5),(8,6),(11,6),(12,6),(29,6),(32,6),(37,6),(38,6),(53,6),(54,6),(55,6),(56,6),(59,6),(63,6),(67,6),(77,6),(82,6),(85,6),(86,6),(88,6),(92,6),(95,6),(101,6),(104,6),(106,6),(124,6),(137,6),(146,6),(149,6),(150,6),(155,6),(158,6),(198,6),(200,6),(207,6),(214,6),(225,6),(227,6),(230,6),(244,6),(245,6),(249,6),(257,6),(261,6),(263,6),(265,6),(267,6),(271,6),(274,6),(278,6),(279,6),(285,6),(287,6),(291,6),(293,6),(298,6),(300,6),(304,6),(314,6),(315,6),(318,6),(319,6),(324,6),(331,6),(335,6),(339,6),(343,6),(344,6),(356,6),(362,6),(371,6),(382,6),(392,6),(400,6),(401,6),(415,6),(423,6),(426,6),(433,6),(442,6),(453,6),(455,6),(458,6),(460,6),(467,6),(469,6),(474,6),(475,6),(490,6),(502,6),(511,6),(521,6),(522,6),(525,6),(535,6),(540,6),(547,6),(550,6),(552,6),(563,6),(565,6),(569,6),(573,6),(597,6),(599,6),(602,6),(607,6),(622,6),(625,6),(627,6),(630,6),(631,6),(634,6),(635,6),(646,6),(648,6),(653,6),(656,6),(670,6),(679,6),(686,6),(705,6),(708,6),(721,6),(722,6),(732,6),(733,6),(738,6),(743,6),(746,6),(757,6),(759,6),(763,6),(768,6),(774,6),(776,6),(788,6),(790,6),(793,6),(796,6),(798,6),(799,6),(803,6),(809,6),(818,6),(820,6),(822,6),(825,6),(831,6),(838,6),(840,6),(849,6),(852,6),(859,6),(866,6),(870,6),(871,6),(889,6),(897,6),(908,6),(909,6),(910,6),(920,6),(935,6),(936,6),(938,6),(970,6),(999,6),(1,7),(4,7),(15,7),(17,7),(20,7),(29,7),(36,7),(37,7),(47,7),(51,7),(55,7),(64,7),(67,7),(70,7),(87,7),(91,7),(100,7),(101,7),(108,7),(114,7),(115,7),(151,7),(153,7),(155,7),(167,7),(175,7),(184,7),(186,7),(188,7),(192,7),(194,7),(203,7),(204,7),(205,7),(219,7),(220,7),(227,7),(235,7),(244,7),(249,7),(255,7),(257,7),(259,7),(268,7),(269,7),(272,7),(273,7),(274,7),(276,7),(277,7),(283,7),(291,7),(292,7),(295,7),(299,7),(304,7),(309,7),(310,7),(323,7),(324,7),(327,7),(340,7),(347,7),(349,7),(352,7),(357,7),(365,7),(378,7),(382,7),(383,7),(389,7),(392,7),(394,7),(403,7),(405,7),(412,7),(415,7),(420,7),(421,7),(424,7),(429,7),(430,7),(431,7),(436,7),(443,7),(454,7),(455,7),(457,7),(462,7),(471,7),(487,7),(488,7),(490,7),(500,7),(503,7),(518,7),(519,7),(527,7),(531,7),(532,7),(540,7),(541,7),(547,7),(549,7),(553,7),(562,7),(564,7),(567,7),(572,7),(576,7),(587,7),(590,7),(594,7),(608,7),(611,7),(633,7),(637,7),(638,7),(639,7),(652,7),(658,7),(663,7),(667,7),(676,7),(689,7),(699,7),(703,7),(704,7),(715,7),(717,7),(719,7),(743,7),(749,7),(755,7),(762,7),(777,7),(780,7),(783,7),(795,7),(805,7),(819,7),(826,7),(827,7),(832,7),(834,7),(862,7),(873,7),(875,7),(888,7),(889,7),(896,7),(898,7),(902,7),(906,7),(921,7),(934,7),(943,7),(949,7),(955,7),(961,7),(980,7),(981,7),(983,7),(990,7),(4,8),(24,8),(26,8),(29,8),(59,8),(60,8),(80,8),(86,8),(102,8),(104,8),(106,8),(108,8),(110,8),(112,8),(115,8),(119,8),(122,8),(132,8),(138,8),(153,8),(155,8),(177,8),(179,8),(201,8),(209,8),(211,8),(218,8),(222,8),(223,8),(233,8),(236,8),(241,8),(244,8),(255,8),(266,8),(268,8),(289,8),(295,8),(306,8),(320,8),(322,8),(334,8),(341,8),(353,8),(354,8),(362,8),(377,8),(385,8),(392,8),(402,8),(418,8),(428,8),(432,8),(433,8),(437,8),(462,8),(469,8),(483,8),(484,8),(495,8),(497,8),(500,8),(505,8),(514,8),(515,8),(516,8),(523,8),(531,8),(536,8),(541,8),(550,8),(579,8),(584,8),(594,8),(595,8),(600,8),(625,8),(629,8),(630,8),(631,8),(638,8),(640,8),(643,8),(648,8),(649,8),(652,8),(657,8),(670,8),(676,8),(677,8),(687,8),(693,8),(696,8),(699,8),(713,8),(722,8),(733,8),(736,8),(743,8),(753,8),(769,8),(781,8),(784,8),(786,8),(806,8),(809,8),(835,8),(843,8),(857,8),(860,8),(870,8),(872,8),(884,8),(896,8),(901,8),(930,8),(943,8),(945,8),(948,8),(956,8),(963,8),(964,8),(965,8),(966,8),(990,8),(996,8),(997,8),(7,9),(10,9),(16,9),(19,9),(24,9),(26,9),(28,9),(33,9),(34,9),(38,9),(44,9),(48,9),(54,9),(62,9),(63,9),(66,9),(76,9),(87,9),(88,9),(90,9),(92,9),(103,9),(111,9),(115,9),(127,9),(140,9),(154,9),(161,9),(162,9),(163,9),(166,9),(171,9),(179,9),(180,9),(182,9),(185,9),(188,9),(192,9),(206,9),(211,9),(216,9),(227,9),(237,9),(243,9),(244,9),(253,9),(260,9),(278,9),(285,9),(287,9),(290,9),(300,9),(311,9),(318,9),(328,9),(332,9),(333,9),(341,9),(352,9),(353,9),(354,9),(362,9),(364,9),(371,9),(373,9),(378,9),(383,9),(384,9),(388,9),(401,9),(402,9),(407,9),(412,9),(423,9),(430,9),(434,9),(455,9),(458,9),(470,9),(472,9),(479,9),(480,9),(481,9),(484,9),(491,9),(494,9),(497,9),(499,9),(524,9),(527,9),(529,9),(530,9),(545,9),(582,9),(632,9),(651,9),(665,9),(686,9),(694,9),(697,9),(705,9),(711,9),(717,9),(723,9),(724,9),(726,9),(733,9),(739,9),(741,9),(749,9),(752,9),(761,9),(774,9),(776,9),(779,9),(782,9),(793,9),(800,9),(801,9),(819,9),(823,9),(827,9),(828,9),(832,9),(840,9),(841,9),(864,9),(880,9),(883,9),(885,9),(900,9),(904,9),(913,9),(916,9),(919,9),(932,9),(935,9),(941,9),(942,9),(950,9),(958,9),(959,9),(972,9),(979,9),(982,9),(984,9),(993,9),(994,9),(996,9),(997,9),(2,10),(16,10),(18,10),(24,10),(51,10),(52,10),(59,10),(83,10),(84,10),(91,10),(92,10),(109,10),(113,10),(114,10),(121,10),(123,10),(124,10),(128,10),(145,10),(146,10),(157,10),(158,10),(159,10),(165,10),(169,10),(176,10),(216,10),(221,10),(224,10),(226,10),(229,10),(240,10),(250,10),(257,10),(258,10),(282,10),(295,10),(311,10),(317,10),(318,10),(322,10),(331,10),(333,10),(337,10),(340,10),(342,10),(349,10),(364,10),(365,10),(370,10),(375,10),(377,10),(389,10),(400,10),(408,10),(409,10),(414,10),(424,10),(426,10),(427,10),(461,10),(466,10),(470,10),(473,10),(479,10),(481,10),(483,10),(488,10),(494,10),(496,10),(497,10),(498,10),(505,10),(509,10),(520,10),(529,10),(530,10),(538,10),(540,10),(545,10),(551,10),(552,10),(562,10),(563,10),(573,10),(579,10),(585,10),(597,10),(600,10),(616,10),(622,10),(634,10),(642,10),(651,10),(663,10),(671,10),(677,10),(691,10),(698,10),(699,10),(714,10),(734,10),(741,10),(746,10),(757,10),(763,10),(765,10),(766,10),(767,10),(770,10),(777,10),(797,10),(802,10),(803,10),(804,10),(822,10),(825,10),(828,10),(831,10),(834,10),(846,10),(847,10),(849,10),(852,10),(855,10),(867,10),(877,10),(882,10),(900,10),(902,10),(906,10),(912,10),(916,10),(918,10),(926,10),(970,10),(978,10),(979,10),(983,10),(989,10),(993,10),(998,10),(5,11),(6,11),(7,11),(10,11),(18,11),(34,11),(48,11),(52,11),(54,11),(63,11),(71,11),(74,11),(84,11),(85,11),(86,11),(88,11),(99,11),(103,11),(104,11),(110,11),(112,11),(113,11),(140,11),(146,11),(151,11),(154,11),(162,11),(164,11),(168,11),(169,11),(172,11),(177,11),(193,11),(195,11),(202,11),(203,11),(208,11),(212,11),(217,11),(225,11),(228,11),(242,11),(244,11),(245,11),(257,11),(260,11),(270,11),(284,11),(287,11),(290,11),(302,11),(308,11),(331,11),(334,11),(344,11),(345,11),(355,11),(357,11),(365,11),(375,11),(378,11),(386,11),(395,11),(400,11),(412,11),(425,11),(442,11),(445,11),(447,11),(448,11),(449,11),(451,11),(461,11),(465,11),(466,11),(467,11),(483,11),(486,11),(488,11),(489,11),(494,11),(499,11),(506,11),(507,11),(517,11),(535,11),(544,11),(552,11),(554,11),(562,11),(565,11),(569,11),(575,11),(582,11),(585,11),(598,11),(617,11),(619,11),(636,11),(638,11),(640,11),(643,11),(652,11),(657,11),(663,11),(669,11),(671,11),(672,11),(678,11),(687,11),(688,11),(691,11),(700,11),(703,11),(719,11),(724,11),(761,11),(763,11),(769,11),(772,11),(780,11),(783,11),(791,11),(792,11),(794,11),(797,11),(803,11),(804,11),(805,11),(806,11),(808,11),(815,11),(818,11),(851,11),(852,11),(853,11),(855,11),(867,11),(887,11),(897,11),(904,11),(917,11),(924,11),(931,11),(936,11),(942,11),(946,11),(962,11),(963,11),(964,11),(966,11),(969,11),(972,11),(979,11),(985,11),(997,11),(998,11),(4,12),(5,12),(6,12),(22,12),(30,12),(33,12),(38,12),(45,12),(49,12),(51,12),(62,12),(63,12),(75,12),(102,12),(106,12),(127,12),(132,12),(139,12),(142,12),(146,12),(147,12),(152,12),(170,12),(172,12),(176,12),(179,12),(183,12),(196,12),(197,12),(198,12),(201,12),(205,12),(206,12),(215,12),(216,12),(221,12),(224,12),(231,12),(239,12),(242,12),(244,12),(251,12),(264,12),(266,12),(269,12),(272,12),(275,12),(279,12),(293,12),(310,12),(311,12),(312,12),(314,12),(318,12),(350,12),(354,12),(359,12),(392,12),(400,12),(405,12),(409,12),(410,12),(416,12),(425,12),(428,12),(430,12),(435,12),(438,12),(441,12),(445,12),(457,12),(467,12),(470,12),(475,12),(483,12),(490,12),(493,12),(501,12),(511,12),(518,12),(521,12),(545,12),(551,12),(578,12),(580,12),(587,12),(594,12),(601,12),(611,12),(618,12),(629,12),(641,12),(650,12),(653,12),(673,12),(676,12),(680,12),(700,12),(708,12),(709,12),(717,12),(720,12),(723,12),(733,12),(740,12),(747,12),(749,12),(756,12),(760,12),(778,12),(779,12),(780,12),(782,12),(785,12),(793,12),(795,12),(799,12),(801,12),(807,12),(811,12),(812,12),(816,12),(819,12),(831,12),(833,12),(837,12),(839,12),(850,12),(855,12),(857,12),(871,12),(872,12),(892,12),(905,12),(908,12),(918,12),(919,12),(922,12),(923,12),(930,12),(948,12),(955,12),(971,12),(976,12),(981,12),(988,12),(990,12),(995,12),(997,12),(1,13),(9,13),(11,13),(13,13),(23,13),(33,13),(45,13),(66,13),(70,13),(74,13),(105,13),(108,13),(122,13),(123,13),(131,13),(132,13),(145,13),(148,13),(157,13),(161,13),(169,13),(174,13),(180,13),(182,13),(186,13),(187,13),(203,13),(204,13),(216,13),(218,13),(226,13),(231,13),(233,13),(252,13),(255,13),(256,13),(257,13),(258,13),(259,13),(265,13),(275,13),(276,13),(277,13),(278,13),(282,13),(284,13),(299,13),(305,13),(310,13),(322,13),(329,13),(348,13),(361,13),(371,13),(377,13),(385,13),(388,13),(390,13),(397,13),(398,13),(399,13),(409,13),(413,13),(414,13),(417,13),(419,13),(430,13),(435,13),(446,13),(447,13),(448,13),(449,13),(451,13),(459,13),(462,13),(476,13),(480,13),(481,13),(488,13),(510,13),(518,13),(520,13),(523,13),(538,13),(539,13),(547,13),(548,13),(553,13),(566,13),(569,13),(572,13),(575,13),(590,13),(608,13),(609,13),(647,13),(681,13),(683,13),(688,13),(689,13),(691,13),(699,13),(700,13),(709,13),(712,13),(713,13),(715,13),(717,13),(725,13),(733,13),(737,13),(748,13),(749,13),(765,13),(782,13),(794,13),(797,13),(798,13),(807,13),(811,13),(817,13),(824,13),(833,13),(835,13),(838,13),(860,13),(861,13),(881,13),(883,13),(889,13),(891,13),(892,13),(899,13),(902,13),(909,13),(914,13),(923,13),(924,13),(925,13),(927,13),(931,13),(941,13),(943,13),(956,13),(963,13),(964,13),(966,13),(970,13),(984,13),(995,13),(997,13),(2,14),(12,14),(16,14),(20,14),(27,14),(28,14),(43,14),(45,14),(60,14),(62,14),(77,14),(79,14),(87,14),(96,14),(99,14),(108,14),(112,14),(122,14),(123,14),(124,14),(142,14),(150,14),(151,14),(166,14),(172,14),(178,14),(188,14),(190,14),(191,14),(196,14),(210,14),(216,14),(219,14),(222,14),(223,14),(224,14),(227,14),(230,14),(235,14),(240,14),(244,14),(250,14),(256,14),(258,14),(265,14),(270,14),(274,14),(276,14),(281,14),(286,14),(302,14),(305,14),(315,14),(318,14),(320,14),(337,14),(344,14),(349,14),(352,14),(355,14),(361,14),(368,14),(371,14),(372,14),(376,14),(383,14),(401,14),(406,14),(421,14),(425,14),(429,14),(449,14),(453,14),(460,14),(465,14),(467,14),(476,14),(478,14),(484,14),(489,14),(526,14),(527,14),(528,14),(532,14),(537,14),(543,14),(564,14),(569,14),(583,14),(585,14),(586,14),(596,14),(598,14),(601,14),(605,14),(608,14),(625,14),(627,14),(631,14),(635,14),(641,14),(647,14),(666,14),(671,14),(672,14),(684,14),(704,14),(707,14),(708,14),(722,14),(729,14),(744,14),(746,14),(761,14),(764,14),(765,14),(772,14),(789,14),(792,14),(802,14),(803,14),(805,14),(818,14),(820,14),(822,14),(834,14),(837,14),(845,14),(850,14),(858,14),(862,14),(867,14),(872,14),(892,14),(896,14),(906,14),(915,14),(935,14),(952,14),(953,14),(954,14),(955,14),(967,14),(971,14),(976,14),(977,14),(982,14),(1,15),(19,15),(21,15),(24,15),(27,15),(30,15),(37,15),(45,15),(46,15),(49,15),(55,15),(67,15),(82,15),(86,15),(89,15),(90,15),(108,15),(111,15),(113,15),(119,15),(120,15),(140,15),(147,15),(153,15),(155,15),(173,15),(176,15),(177,15),(182,15),(184,15),(195,15),(198,15),(212,15),(213,15),(215,15),(222,15),(227,15),(229,15),(232,15),(236,15),(256,15),(257,15),(269,15),(274,15),(284,15),(285,15),(288,15),(291,15),(293,15),(300,15),(302,15),(314,15),(320,15),(330,15),(331,15),(342,15),(343,15),(348,15),(356,15),(369,15),(383,15),(385,15),(410,15),(414,15),(419,15),(427,15),(445,15),(448,15),(459,15),(461,15),(464,15),(465,15),(470,15),(479,15),(481,15),(489,15),(491,15),(493,15),(494,15),(497,15),(503,15),(505,15),(518,15),(519,15),(520,15),(523,15),(524,15),(539,15),(543,15),(547,15),(550,15),(551,15),(553,15),(562,15),(574,15),(576,15),(579,15),(585,15),(588,15),(600,15),(602,15),(607,15),(610,15),(619,15),(631,15),(633,15),(643,15),(648,15),(664,15),(671,15),(679,15),(696,15),(699,15),(721,15),(724,15),(729,15),(736,15),(737,15),(739,15),(742,15),(745,15),(752,15),(754,15),(760,15),(761,15),(766,15),(779,15),(783,15),(796,15),(811,15),(812,15),(819,15),(820,15),(824,15),(825,15),(832,15),(838,15),(843,15),(845,15),(849,15),(866,15),(870,15),(895,15),(902,15),(911,15),(918,15),(922,15),(925,15),(927,15),(941,15),(944,15),(945,15),(947,15),(958,15),(977,15),(988,15),(995,15),(21,16),(30,16),(43,16),(50,16),(58,16),(63,16),(74,16),(77,16),(78,16),(103,16),(104,16),(105,16),(112,16),(119,16),(139,16),(145,16),(146,16),(151,16),(155,16),(157,16),(166,16),(167,16),(169,16),(181,16),(184,16),(200,16),(201,16),(203,16),(205,16),(214,16),(216,16),(219,16),(220,16),(225,16),(229,16),(231,16),(237,16),(256,16),(258,16),(265,16),(270,16),(277,16),(282,16),(283,16),(288,16),(291,16),(298,16),(303,16),(310,16),(314,16),(317,16),(320,16),(341,16),(350,16),(352,16),(358,16),(361,16),(369,16),(372,16),(375,16),(376,16),(386,16),(391,16),(394,16),(400,16),(402,16),(407,16),(410,16),(412,16),(416,16),(422,16),(427,16),(430,16),(435,16),(446,16),(449,16),(455,16),(459,16),(465,16),(466,16),(469,16),(479,16),(500,16),(501,16),(508,16),(517,16),(520,16),(522,16),(544,16),(551,16),(562,16),(563,16),(576,16),(580,16),(588,16),(598,16),(607,16),(609,16),(630,16),(637,16),(643,16),(658,16),(661,16),(662,16),(666,16),(676,16),(689,16),(693,16),(698,16),(699,16),(710,16),(714,16),(718,16),(727,16),(735,16),(743,16),(749,16),(755,16),(757,16),(759,16),(774,16),(791,16),(792,16),(797,16),(798,16),(800,16),(801,16),(807,16),(814,16),(815,16),(817,16),(823,16),(830,16),(838,16),(841,16),(845,16),(846,16),(848,16),(854,16),(856,16),(857,16),(862,16),(869,16),(874,16),(880,16),(881,16),(887,16),(888,16),(890,16),(904,16),(918,16),(919,16),(920,16),(928,16),(935,16),(938,16),(945,16),(948,16),(955,16),(962,16),(987,16),(988,16),(993,16),(994,16),(4,17),(5,17),(13,17),(40,17),(57,17),(69,17),(86,17),(87,17),(92,17),(109,17),(110,17),(135,17),(149,17),(152,17),(155,17),(166,17),(168,17),(174,17),(185,17),(188,17),(192,17),(193,17),(199,17),(207,17),(211,17),(214,17),(218,17),(223,17),(232,17),(233,17),(235,17),(237,17),(240,17),(247,17),(248,17),(249,17),(252,17),(254,17),(263,17),(278,17),(289,17),(291,17),(292,17),(299,17),(307,17),(310,17),(319,17),(329,17),(334,17),(338,17),(342,17),(344,17),(347,17),(362,17),(365,17),(372,17),(380,17),(384,17),(386,17),(387,17),(401,17),(404,17),(409,17),(420,17),(426,17),(431,17),(432,17),(449,17),(453,17),(454,17),(468,17),(472,17),(473,17),(474,17),(476,17),(483,17),(486,17),(500,17),(503,17),(506,17),(509,17),(516,17),(531,17),(535,17),(537,17),(539,17),(542,17),(546,17),(554,17),(564,17),(572,17),(576,17),(577,17),(580,17),(583,17),(600,17),(601,17),(610,17),(614,17),(623,17),(630,17),(641,17),(648,17),(652,17),(655,17),(656,17),(661,17),(668,17),(670,17),(673,17),(675,17),(677,17),(695,17),(696,17),(701,17),(710,17),(711,17),(723,17),(729,17),(730,17),(733,17),(734,17),(735,17),(739,17),(747,17),(749,17),(752,17),(773,17),(786,17),(789,17),(805,17),(810,17),(811,17),(817,17),(821,17),(825,17),(826,17),(831,17),(841,17),(842,17),(856,17),(863,17),(883,17),(890,17),(894,17),(896,17),(902,17),(907,17),(908,17),(919,17),(942,17),(952,17),(958,17),(965,17),(970,17),(971,17),(974,17),(975,17),(977,17),(978,17),(986,17),(989,17),(990,17),(991,17),(994,17),(1000,17),(14,18),(27,18),(29,18),(39,18),(41,18),(44,18),(71,18),(73,18),(97,18),(99,18),(103,18),(109,18),(110,18),(123,18),(134,18),(144,18),(146,18),(147,18),(149,18),(158,18),(161,18),(168,18),(175,18),(179,18),(183,18),(190,18),(194,18),(216,18),(220,18),(223,18),(234,18),(235,18),(240,18),(244,18),(247,18),(267,18),(272,18),(273,18),(278,18),(291,18),(293,18),(317,18),(319,18),(321,18),(323,18),(332,18),(338,18),(346,18),(353,18),(358,18),(360,18),(368,18),(375,18),(376,18),(377,18),(378,18),(379,18),(383,18),(393,18),(398,18),(399,18),(403,18),(408,18),(411,18),(412,18),(420,18),(423,18),(432,18),(434,18),(435,18),(442,18),(451,18),(466,18),(472,18),(477,18),(479,18),(490,18),(504,18),(513,18),(520,18),(521,18),(529,18),(541,18),(546,18),(551,18),(558,18),(561,18),(572,18),(582,18),(590,18),(603,18),(622,18),(627,18),(631,18),(633,18),(635,18),(637,18),(641,18),(642,18),(647,18),(658,18),(660,18),(664,18),(670,18),(672,18),(675,18),(682,18),(691,18),(693,18),(694,18),(701,18),(703,18),(725,18),(727,18),(730,18),(734,18),(744,18),(745,18),(753,18),(754,18),(763,18),(768,18),(772,18),(773,18),(783,18),(804,18),(818,18),(829,18),(831,18),(839,18),(842,18),(843,18),(846,18),(850,18),(874,18),(876,18),(886,18),(888,18),(903,18),(906,18),(911,18),(914,18),(917,18),(923,18),(928,18),(929,18),(930,18),(934,18),(936,18),(938,18),(940,18),(943,18),(944,18),(964,18),(968,18),(974,18),(992,18),(11,19),(14,19),(15,19),(28,19),(29,19),(35,19),(43,19),(47,19),(73,19),(79,19),(85,19),(90,19),(140,19),(163,19),(183,19),(185,19),(198,19),(200,19),(212,19),(214,19),(233,19),(250,19),(255,19),(256,19),(262,19),(266,19),(269,19),(270,19),(281,19),(282,19),(287,19),(291,19),(295,19),(301,19),(305,19),(310,19),(315,19),(316,19),(317,19),(364,19),(368,19),(375,19),(378,19),(382,19),(401,19),(404,19),(431,19),(435,19),(441,19),(446,19),(448,19),(454,19),(456,19),(464,19),(468,19),(475,19),(476,19),(478,19),(480,19),(481,19),(484,19),(485,19),(486,19),(488,19),(497,19),(502,19),(521,19),(524,19),(526,19),(530,19),(539,19),(552,19),(563,19),(569,19),(571,19),(572,19),(574,19),(581,19),(593,19),(594,19),(611,19),(623,19),(627,19),(632,19),(640,19),(655,19),(677,19),(688,19),(695,19),(699,19),(700,19),(710,19),(719,19),(726,19),(730,19),(732,19),(772,19),(773,19),(778,19),(779,19),(784,19),(787,19),(790,19),(791,19),(796,19),(802,19),(817,19),(822,19),(840,19),(845,19),(848,19),(849,19),(850,19),(858,19),(861,19),(869,19),(870,19),(878,19),(895,19),(896,19),(904,19),(923,19),(946,19),(955,19),(965,19),(966,19),(968,19),(972,19),(988,19),(9,20),(18,20),(22,20),(28,20),(33,20),(36,20),(42,20),(43,20),(48,20),(58,20),(61,20),(62,20),(80,20),(82,20),(86,20),(105,20),(107,20),(126,20),(128,20),(133,20),(136,20),(152,20),(155,20),(172,20),(175,20),(178,20),(179,20),(182,20),(191,20),(201,20),(204,20),(206,20),(207,20),(224,20),(229,20),(233,20),(242,20),(247,20),(254,20),(258,20),(266,20),(274,20),(276,20),(279,20),(289,20),(291,20),(293,20),(306,20),(323,20),(329,20),(330,20),(333,20),(346,20),(355,20),(362,20),(379,20),(383,20),(389,20),(390,20),(395,20),(399,20),(403,20),(408,20),(409,20),(412,20),(415,20),(427,20),(433,20),(440,20),(444,20),(453,20),(467,20),(477,20),(484,20),(492,20),(499,20),(502,20),(503,20),(506,20),(510,20),(511,20),(512,20),(513,20),(517,20),(531,20),(538,20),(541,20),(545,20),(551,20),(552,20),(561,20),(581,20),(586,20),(587,20),(592,20),(593,20),(601,20),(618,20),(641,20),(642,20),(644,20),(645,20),(649,20),(653,20),(666,20),(672,20),(681,20),(687,20),(690,20),(691,20),(694,20),(700,20),(716,20),(721,20),(722,20),(732,20),(739,20),(741,20),(752,20),(765,20),(781,20),(783,20),(788,20),(789,20),(799,20),(802,20),(810,20),(813,20),(818,20),(821,20),(822,20),(839,20),(843,20),(854,20),(859,20),(869,20),(874,20),(876,20),(893,20),(903,20),(908,20),(909,20),(911,20),(913,20),(919,20),(929,20),(932,20),(939,20),(940,20),(950,20),(957,20),(961,20),(970,20),(971,20),(975,20),(977,20),(996,20),(999,20),(3,21),(7,21),(8,21),(12,21),(17,21),(37,21),(46,21),(49,21),(64,21),(82,21),(84,21),(86,21),(87,21),(95,21),(102,21),(107,21),(111,21),(118,21),(130,21),(131,21),(134,21),(144,21),(159,21),(163,21),(169,21),(174,21),(176,21),(180,21),(185,21),(199,21),(209,21),(218,21),(234,21),(236,21),(237,21),(240,21),(249,21),(250,21),(253,21),(262,21),(283,21),(290,21),(297,21),(304,21),(308,21),(314,21),(321,21),(323,21),(326,21),(333,21),(335,21),(338,21),(344,21),(346,21),(349,21),(350,21),(362,21),(372,21),(373,21),(381,21),(383,21),(411,21),(428,21),(432,21),(434,21),(443,21),(446,21),(452,21),(456,21),(472,21),(474,21),(483,21),(484,21),(487,21),(491,21),(492,21),(519,21),(522,21),(527,21),(528,21),(531,21),(534,21),(540,21),(550,21),(558,21),(560,21),(568,21),(575,21),(582,21),(587,21),(588,21),(599,21),(601,21),(608,21),(613,21),(616,21),(619,21),(620,21),(635,21),(641,21),(643,21),(647,21),(655,21),(664,21),(667,21),(675,21),(680,21),(685,21),(692,21),(712,21),(719,21),(721,21),(722,21),(739,21),(743,21),(754,21),(764,21),(766,21),(771,21),(782,21),(784,21),(786,21),(796,21),(804,21),(824,21),(831,21),(834,21),(839,21),(841,21),(850,21),(857,21),(863,21),(874,21),(878,21),(891,21),(896,21),(900,21),(911,21),(912,21),(916,21),(922,21),(923,21),(946,21),(951,21),(962,21),(974,21),(979,21),(982,21),(994,21),(999,21);
/*!40000 ALTER TABLE `language_relationship` ENABLE KEYS */;
UNLOCK TABLES;

--
-- Table structure for table `mission`
--

DROP TABLE IF EXISTS `mission`;
/*!40101 SET @saved_cs_client     = @@character_set_client */;
/*!50503 SET character_set_client = utf8mb4 */;
CREATE TABLE `mission` (
  `mission_id` int NOT NULL,
  `mission_name` varchar(255) DEFAULT NULL,
  `location` varchar(100) DEFAULT NULL,
  `agent_id` int DEFAULT NULL,
  `access_id` int DEFAULT NULL,
  `team_id` int DEFAULT NULL,
  `mission_status` varchar(50) DEFAULT NULL,
  PRIMARY KEY (`mission_id`),
  KEY `fk_mission_agent` (`agent_id`),
  KEY `fk_mission_access` (`access_id`),
  KEY `fk_mission_team` (`team_id`),
  CONSTRAINT `fk_mission_access` FOREIGN KEY (`access_id`) REFERENCES `security_clearance` (`sc_id`),
  CONSTRAINT `fk_mission_agent` FOREIGN KEY (`agent_id`) REFERENCES `agent` (`agent_id`),
  CONSTRAINT `fk_mission_team` FOREIGN KEY (`team_id`) REFERENCES `team` (`team_id`)
) ENGINE=InnoDB DEFAULT CHARSET=utf8mb4 COLLATE=utf8mb4_0900_ai_ci;
/*!40101 SET character_set_client = @saved_cs_client */;

--
-- Dumping data for table `mission`
--

LOCK TABLES `mission` WRITE;
/*!40000 ALTER TABLE `mission` DISABLE KEYS */;
INSERT INTO `mission` VALUES (1,'HR Takedown','Prague',974,2,9,'In Progress'),(2,'Operation Thunderball','Los Angeles',528,2,1,'Failed'),(3,'Phoenix Foundation Crisis','Los Angeles',935,2,14,'Completed'),(4,'Rogue Nation','Toronto',993,2,1,'Pending'),(5,'The Istanbul Affair','New York',517,2,9,'Pending'),(6,'Intersect Protection','Sydney',308,2,9,'In Progress'),(7,'Operation Valkyrie','Berlin',458,2,9,'In Progress'),(8,'Project Omega','Cape Town',449,2,10,'Completed'),(9,'The Higgins Case','Buenos Aires',743,2,36,'Failed'),(10,'Mission Eclipse','Los Angeles',848,2,12,'Pending'),(11,'Casino Royale Sting','Rio de Janeiro',334,2,32,'In Progress'),(12,'Outcome Elimination','Rome',925,2,39,'Failed'),(13,'Project Quantum','Tokyo',733,2,3,'In Progress'),(14,'Ghost Protocol','New York',537,2,40,'Pending'),(15,'Project Shadow','Beijing',938,2,36,'Failed'),(16,'KAOS Takedown','Buenos Aires',899,6,26,'In Progress'),(17,'Outcome Elimination','Cape Town',102,2,9,'Failed'),(18,'Rainbow Six Formation','Rio de Janeiro',246,3,23,'Pending'),(19,'Spy Undercover','Beijing',323,6,9,'Completed'),(20,'Quantico Mole Hunt','Berlin',795,4,42,'In Progress'),(21,'The Acropolis Assignment','New York',247,1,27,'Failed'),(22,'Operation Mojito','Berlin',855,6,22,'Completed'),(23,'Alternate Timeline Reset','Los Angeles',478,2,15,'Failed'),(24,'Burn Notice Reversal','Vienna',321,4,9,'Completed'),(25,'Operation Red Dawn','Tokyo',788,6,10,'Failed'),(26,'Parallel Universe Bridge','Beijing',904,1,23,'Failed'),(27,'Management Dismantling','Vienna',373,4,24,'In Progress'),(28,'Arms Dealer Infiltration','Rome',312,1,27,'Failed'),(29,'Operation Ironclad','Chicago',197,2,20,'In Progress'),(30,'Operation Thunderbolt','Buenos Aires',851,5,11,'Pending'),(31,'Project Nemesis','Buenos Aires',934,5,19,'Failed'),(32,'Brideshead Revisited','Istanbul',241,2,9,'Completed'),(33,'Rule 51 Enforcement','Buenos Aires',788,1,13,'Failed'),(34,'Project Shadow','Cape Town',97,2,4,'Failed'),(35,'Rule 51 Enforcement','Moscow',325,3,9,'In Progress'),(36,'Pelant Pursuit','Paris',28,6,9,'In Progress'),(37,'Port-to-Port Killer Hunt','Beijing',412,6,27,'In Progress'),(38,'Operation Tinker Tailor','Istanbul',587,1,27,'Failed'),(39,'Deep Cover','Vienna',29,5,33,'Completed'),(40,'Arms Dealer Infiltration','Beijing',689,2,19,'Pending'),(41,'Management Dismantling','Tokyo',428,2,25,'Pending'),(42,'Operation Thunderbolt','Cape Town',577,1,34,'Completed'),(43,'Brideshead Revisited','Cape Town',984,3,9,'In Progress'),(44,'Project Shadow','New York',161,2,9,'In Progress'),(45,'Treadstone Takedown','Madrid',133,5,40,'Pending'),(46,'Project Nemesis','Beijing',967,2,9,'Failed'),(47,'Music Box Mystery','Chicago',40,2,9,'Pending'),(48,'Villanelle Pursuit','Vienna',852,6,22,'In Progress'),(49,'SSR Infiltration','Beijing',207,3,42,'In Progress'),(50,'Villanelle Pursuit','Beijing',621,3,33,'Pending'),(51,'Deep Cover','Prague',811,5,9,'Failed'),(52,'Project Cobra','Berlin',182,1,15,'In Progress'),(53,'Pelant Pursuit','Cape Town',414,4,9,'Pending'),(54,'KAOS Takedown','New York',782,3,9,'In Progress'),(55,'Rule 51 Enforcement','New York',510,1,41,'In Progress'),(56,'Burn Notice Reversal','Berlin',643,3,17,'Completed'),(57,'The Acropolis Assignment','Moscow',309,1,20,'In Progress'),(58,'Parallel Universe Bridge','Prague',92,4,9,'In Progress'),(59,'Project Phoenix','New York',721,1,9,'Failed'),(60,'Operation Ironclad','Toronto',646,5,21,'Failed'),(61,'Villanelle Pursuit','Moscow',309,1,11,'Failed'),(62,'Daughter Rescue','Paris',403,1,39,'Failed'),(63,'Red October','Madrid',386,3,9,'In Progress'),(64,'Management Dismantling','Beijing',639,4,13,'Pending'),(65,'Daughter Rescue','Sydney',140,5,9,'In Progress'),(66,'The Higgins Case','Sydney',537,1,41,'Pending'),(67,'Pelant Pursuit','London',352,3,33,'Pending'),(68,'Section One Initiation','London',515,4,23,'In Progress'),(69,'Relevant Number Ops','Chicago',495,5,11,'Pending'),(70,'3XK Killer Chase','Madrid',162,6,42,'Failed'),(71,'Port-to-Port Killer Hunt','Rio de Janeiro',883,4,9,'In Progress'),(72,'Alien Conspiracy Investigation','Tokyo',72,6,5,'Failed'),(73,'Hellfire Club Infiltration','Rome',318,4,29,'In Progress'),(74,'3XK Killer Chase','Prague',744,4,12,'Completed'),(75,'Operation Skyfall','Toronto',768,3,36,'Completed'),(76,'The Istanbul Affair','Buenos Aires',328,1,9,'In Progress'),(77,'Operation Ironclad','London',148,4,42,'Completed'),(78,'Project Cobra','Chicago',60,1,9,'Completed'),(79,'Casino Royale Sting','Sydney',992,6,9,'Failed'),(80,'Mission Blackout','Toronto',637,5,9,'In Progress'),(81,'Nikki Heat Protection','New York',329,3,11,'Completed'),(82,'Intersect Protection','Dubai',801,3,9,'In Progress'),(83,'Operation Desert Scorpion','Istanbul',979,6,17,'Failed'),(84,'Quantico Mole Hunt','Madrid',837,5,30,'Completed'),(85,'Operation Mojito','New York',927,5,9,'Failed'),(86,'The Golden Circle','New York',452,5,9,'Failed'),(87,'Brideshead Revisited','Cape Town',187,4,9,'Failed'),(88,'Spy Undercover','Rome',482,2,7,'Pending'),(89,'Alternate Timeline Reset','Buenos Aires',491,1,1,'In Progress'),(90,'Outcome Elimination','Toronto',371,3,17,'Pending'),(91,'Project Christmas','Moscow',287,1,13,'In Progress'),(92,'Covert Affairs in Russia','Sydney',429,2,1,'Failed'),(93,'Quantico Mole Hunt','Prague',345,6,9,'Completed'),(94,'Operation Valkyrie','Berlin',724,6,5,'Failed'),(95,'Shadow Moses Incident','Rome',648,1,18,'Pending'),(96,'Rainbow Six Formation','Moscow',598,4,9,'Failed'),(97,'Project Christmas','Dubai',174,3,9,'In Progress'),(98,'Mr. Monk Goes to the Asylum','Rome',672,2,4,'Failed'),(99,'Project Nemesis','Tokyo',440,2,9,'Pending'),(100,'SSR Infiltration','Istanbul',413,2,11,'Pending'),(101,'HR Takedown','London',233,2,41,'Completed'),(102,'Project Christmas','Dubai',941,2,16,'Pending'),(103,'Mission Eclipse','Los Angeles',927,2,9,'Completed'),(104,'Kingsman Recruitment','Sydney',41,2,23,'In Progress'),(105,'Management Dismantling','London',665,2,25,'In Progress'),(106,'Project Nemesis','Vienna',427,2,9,'In Progress'),(107,'Pelant Pursuit','Dubai',331,2,1,'Completed'),(108,'Operation Mojito','Dubai',230,2,15,'Pending'),(109,'Operation Thunderbolt','Cape Town',942,2,5,'Completed'),(110,'Gormogon Investigation','Paris',685,2,9,'In Progress'),(111,'Anarchy 99 Infiltration','Dubai',15,2,34,'In Progress'),(112,'Forensic Lab Lockdown','Chicago',404,2,23,'Completed'),(113,'Brideshead Revisited','Berlin',804,2,38,'Pending'),(114,'Shibumi Extraction','Rome',590,2,9,'In Progress'),(115,'Operation Desert Scorpion','Rio de Janeiro',11,2,9,'Failed'),(116,'The Acropolis Assignment','Moscow',305,2,9,'Failed'),(117,'Oil Pipeline Sabotage','Sydney',96,2,15,'Failed'),(118,'Nikki Heat Protection','Toronto',737,2,9,'In Progress'),(119,'Music Box Mystery','Vienna',328,2,36,'In Progress'),(120,'Operation Golden Eye','Berlin',152,2,9,'Failed'),(121,'Groovy Infiltration','Madrid',292,2,34,'Failed'),(122,'Covert Affairs in Russia','Sydney',999,2,42,'Failed'),(123,'The Golden Circle','Sydney',77,2,9,'Failed'),(124,'KAOS Takedown','London',39,2,9,'Failed'),(125,'Project Nemesis','Los Angeles',41,2,5,'Pending'),(126,'Shibumi Extraction','New York',949,2,9,'In Progress'),(127,'Mr. Monk Goes to the Asylum','Beijing',345,2,18,'Failed'),(128,'Villanelle Pursuit','Buenos Aires',707,2,9,'Failed'),(129,'Operation Ironclad','Dubai',764,2,9,'In Progress'),(130,'Analog Interface Mission','New York',77,2,9,'In Progress'),(131,'Ghost Protocol','Buenos Aires',59,2,16,'Failed'),(132,'Operation Golden Eye','Beijing',220,2,9,'Pending'),(133,'Oil Pipeline Sabotage','Buenos Aires',345,2,9,'Failed'),(134,'Project Nemesis','Rome',924,2,9,'Completed'),(135,'Operation Shadowbox','New York',653,2,9,'In Progress'),(136,'Project Phoenix','Madrid',916,2,13,'Failed'),(137,'Arms Dealer Infiltration','Vienna',562,2,9,'Pending'),(138,'Mission Blackout','Beijing',901,2,38,'In Progress'),(139,'The Acropolis Assignment','Moscow',708,2,2,'Pending'),(140,'Rogue Nation','Moscow',759,2,9,'In Progress'),(141,'Alternate Timeline Reset','Buenos Aires',624,2,38,'In Progress'),(142,'Operation Silent Night','Moscow',304,2,8,'Completed'),(143,'Black Widow Ops','Madrid',590,2,21,'In Progress'),(144,'Operation Silent Night','Toronto',85,2,14,'Failed'),(145,'Section One Initiation','Rome',991,2,16,'Failed'),(146,'MTAC Security Breach','Berlin',208,2,9,'Pending'),(147,'Project Sentinel','London',490,2,34,'Completed'),(148,'Operation Ironclad','New York',739,2,17,'In Progress'),(149,'Villanelle Pursuit','Beijing',972,2,9,'Completed'),(150,'Port-to-Port Killer Hunt','Paris',83,2,9,'Failed'),(151,'HR Takedown','New York',553,2,9,'In Progress'),(152,'Covert Affairs in Russia','Chicago',99,2,4,'Pending'),(153,'Chimera Virus Recovery','Madrid',734,2,42,'Completed'),(154,'Mission Deep Freeze','Toronto',940,2,9,'Pending'),(155,'Operation Red Dawn','New York',285,2,21,'Failed'),(156,'Operation Tinker Tailor','Cape Town',924,2,21,'Completed'),(157,'Shibumi Extraction','Sydney',181,2,9,'In Progress'),(158,'Quantico Mole Hunt','Sydney',815,2,23,'Completed'),(159,'Music Box Mystery','Cape Town',696,2,15,'Failed'),(160,'Intersect Protection','Sydney',787,2,9,'Pending'),(161,'The Acropolis Assignment','Tokyo',501,2,9,'Completed'),(162,'Ipcress File Recovery','Berlin',498,2,9,'In Progress'),(163,'Mission Deep Freeze','Madrid',141,2,9,'Completed'),(164,'Chimera Virus Recovery','London',311,2,9,'In Progress'),(165,'Nikki Heat Protection','Paris',82,2,9,'Pending'),(166,'Villanelle Pursuit','Chicago',161,2,18,'Failed'),(167,'Alien Conspiracy Investigation','Rome',312,2,2,'In Progress'),(168,'Cybernauts Neutralization','Rome',903,2,14,'Failed'),(169,'Spy Undercover','Chicago',521,2,9,'In Progress'),(170,'Nikki Heat Protection','Chicago',360,2,9,'In Progress'),(171,'U.N.C.L.E. Infiltration','Chicago',41,2,28,'Pending'),(172,'The Yin Yang Trilogy','Los Angeles',321,2,9,'Failed'),(173,'Gormogon Investigation','London',613,2,10,'In Progress'),(174,'Rainbow Six Formation','London',367,2,10,'Failed'),(175,'Operation Ironclad','Tokyo',791,2,15,'Failed'),(176,'Shibumi Extraction','Vienna',740,2,12,'In Progress'),(177,'Music Box Mystery','London',48,2,1,'Completed'),(178,'Chimera Virus Recovery','Beijing',760,2,11,'Completed'),(179,'Project Sentinel','Cape Town',785,2,15,'Pending'),(180,'Cybernauts Neutralization','Paris',659,2,15,'Failed'),(181,'Machine Protection','Cape Town',600,2,9,'Completed'),(182,'Wine Cellar Rendezvous','London',870,2,9,'Completed'),(183,'Rogue Nation','Tokyo',376,2,9,'In Progress'),(184,'Operation Skyfall','Vienna',788,2,9,'Completed'),(185,'Operation Ironclad','Tokyo',584,2,8,'Completed'),(186,'Shadow Moses Incident','Tokyo',530,2,9,'In Progress'),(187,'Operation Thunderball','Paris',576,2,4,'Completed'),(188,'Mission Blackout','Berlin',68,2,15,'Failed'),(189,'Operation Thunderbolt','London',540,2,9,'Pending'),(190,'The Higgins Case','Buenos Aires',580,2,9,'Completed'),(191,'Alien Conspiracy Investigation','Rio de Janeiro',801,2,9,'Pending'),(192,'Shibumi Extraction','Istanbul',563,2,41,'Completed'),(193,'Arms Dealer Infiltration','Sydney',884,2,30,'Failed'),(194,'Pantheon Take Down','Buenos Aires',788,2,13,'Completed'),(195,'Project Shadow','Buenos Aires',767,2,40,'In Progress'),(196,'Spy Undercover','Rome',178,2,21,'Failed'),(197,'Groovy Infiltration','New York',342,2,9,'In Progress'),(198,'Ghost Protocol','Vienna',937,2,36,'Completed'),(199,'Ipcress File Recovery','Vienna',747,2,23,'Completed'),(200,'Operation Thunderbolt','Los Angeles',624,2,32,'Failed'),(201,'Port-to-Port Killer Hunt','Dubai',818,2,40,'Pending'),(202,'Mission Firestorm','Chicago',839,2,30,'In Progress'),(203,'The Istanbul Affair','London',504,2,9,'Failed'),(204,'Operation Golden Eye','Rio de Janeiro',428,2,9,'Failed'),(205,'Hellfire Club Infiltration','Istanbul',674,2,40,'Failed'),(206,'Operation Golden Eye','Toronto',15,2,26,'Failed'),(207,'Mission Nightfall','Prague',199,2,10,'Completed'),(208,'KAOS Takedown','New York',227,2,41,'In Progress'),(209,'Teen Agent','Beijing',967,2,9,'In Progress'),(210,'Mission Deep Freeze','New York',359,2,26,'Pending'),(211,'Mission Nightfall','Dubai',12,2,9,'Completed'),(212,'Operation Thunderbolt','Prague',320,2,9,'Pending'),(213,'Forensic Lab Lockdown','London',678,2,30,'In Progress'),(214,'Operation Ghost Hunt','Chicago',615,2,9,'Pending'),(215,'Operation Thunderball','Moscow',939,2,23,'Completed'),(216,'Parallel Universe Bridge','Berlin',716,2,44,'Completed'),(217,'The Istanbul Affair','Istanbul',601,2,9,'Pending'),(218,'Daughter Rescue','Toronto',689,2,9,'Failed'),(219,'Teen Agent','New York',142,2,28,'Failed'),(220,'Operation Desert Scorpion','Vienna',906,2,9,'Completed'),(221,'Mission Firestorm','Rio de Janeiro',307,2,12,'Failed'),(222,'Parallel Universe Bridge','Madrid',628,2,9,'Failed'),(223,'Forensic Lab Lockdown','Rio de Janeiro',773,2,9,'Completed'),(224,'Project Quantum','Prague',793,2,27,'Failed'),(225,'Kingsman Recruitment','Rome',686,2,9,'In Progress'),(226,'Shadow Moses Incident','Toronto',161,2,20,'Pending'),(227,'Alternate Timeline Reset','Dubai',844,2,9,'In Progress'),(228,'The Golden Circle','Tokyo',518,2,9,'Completed'),(229,'Project Omega','Chicago',11,2,2,'Failed'),(230,'Shadow Moses Incident','Cape Town',637,2,9,'Failed'),(231,'The Acropolis Assignment','Los Angeles',948,2,2,'Pending'),(232,'Daughter Rescue','Prague',396,2,1,'Pending'),(233,'Nikki Heat Protection','Buenos Aires',119,2,29,'In Progress'),(234,'Operation Shadowbox','Buenos Aires',876,2,32,'In Progress'),(235,'Rogue Nation','Chicago',514,2,18,'Failed'),(236,'Wine Cellar Rendezvous','New York',532,2,20,'Failed'),(237,'The Istanbul Affair','Beijing',702,2,21,'Failed'),(238,'Operation Thunderball','Istanbul',392,2,9,'Completed'),(239,'Gormogon Investigation','Toronto',96,2,2,'Completed'),(240,'The Acropolis Assignment','Berlin',475,2,10,'Pending'),(241,'Parallel Universe Bridge','Berlin',41,2,12,'Failed'),(242,'Teen Agent','Vienna',273,2,25,'Completed'),(243,'The Istanbul Affair','Prague',551,2,9,'In Progress'),(244,'Music Box Mystery','Chicago',463,2,32,'In Progress'),(245,'Machine Protection','Berlin',709,2,9,'Failed'),(246,'Forensic Lab Lockdown','Istanbul',41,2,2,'Pending'),(247,'Intersect Protection','Cape Town',7,2,18,'Failed'),(248,'Pantheon Take Down','Vienna',685,2,40,'In Progress'),(249,'Gormogon Investigation','Cape Town',783,2,9,'Pending'),(250,'Operation Skyfall','New York',440,2,12,'Failed'),(251,'The Golden Circle','London',68,2,9,'In Progress'),(252,'Parallel Universe Bridge','Dubai',529,2,26,'Pending'),(253,'Shibumi Extraction','Paris',571,2,9,'In Progress'),(254,'Rule 51 Enforcement','Tokyo',6,2,36,'Completed'),(255,'Deep Cover','London',536,2,12,'In Progress'),(256,'MTAC Security Breach','Paris',113,2,44,'Failed'),(257,'Project Sentinel','New York',369,2,25,'Pending'),(258,'Oil Pipeline Sabotage','New York',5,2,19,'Completed'),(259,'Mission Nightfall','Vienna',36,2,29,'In Progress'),(260,'Cold City','London',923,2,32,'In Progress'),(261,'Operation Skyfall','Rome',710,2,23,'In Progress'),(262,'Operation Thunderball','Beijing',24,2,9,'In Progress'),(263,'Operation Tinker Tailor','Madrid',531,2,27,'Pending'),(264,'Operation Silent Night','Cape Town',112,2,9,'Failed'),(265,'The Higgins Case','Paris',724,2,9,'In Progress'),(266,'Operation Skyfall','New York',43,2,31,'Pending'),(267,'3XK Killer Chase','Dubai',917,2,9,'Failed'),(268,'Chimera Virus Recovery','Madrid',794,2,26,'In Progress'),(269,'Operation Salt and Pepper','Rio de Janeiro',183,2,8,'In Progress'),(270,'Spy Undercover','Chicago',455,2,14,'Completed'),(271,'Daughter Rescue','Toronto',384,2,13,'Failed'),(272,'Parallel Universe Bridge','Istanbul',972,2,20,'Pending'),(273,'Mission White Noise','Rio de Janeiro',263,2,9,'In Progress'),(274,'Project Quantum','Sydney',624,2,9,'Pending'),(275,'Casino Royale Sting','London',129,2,27,'In Progress'),(276,'Music Box Mystery','Dubai',27,2,9,'Completed'),(277,'Pelant Pursuit','Tokyo',649,2,42,'Failed'),(278,'Red October','Tokyo',830,2,15,'Failed'),(279,'Cybernauts Neutralization','Chicago',636,2,9,'Failed'),(280,'The Yin Yang Trilogy','Paris',420,2,9,'In Progress'),(281,'Rainbow Six Formation','Cape Town',166,2,30,'In Progress'),(282,'SSR Infiltration','Berlin',798,2,27,'In Progress'),(283,'3XK Killer Chase','Rome',459,2,9,'In Progress'),(284,'Anarchy 99 Infiltration','Rio de Janeiro',288,2,31,'Pending'),(285,'Arms Dealer Infiltration','Rome',949,2,18,'Failed'),(286,'Daughter Rescue','Tokyo',703,2,9,'In Progress'),(287,'Arms Dealer Infiltration','London',586,2,9,'Failed'),(288,'Casino Royale Sting','Chicago',243,2,8,'Completed'),(289,'Quantico Mole Hunt','Vienna',605,2,13,'Completed'),(290,'Section One Initiation','Beijing',642,2,42,'Pending'),(291,'Spy Undercover','Tokyo',492,2,9,'Failed'),(292,'Mission Nightfall','Prague',335,2,9,'In Progress'),(293,'Arms Dealer Infiltration','London',852,2,9,'In Progress'),(294,'Cold City','Buenos Aires',527,2,4,'Pending'),(295,'Mission Eclipse','Toronto',97,2,37,'Pending'),(296,'Teen Agent','Toronto',823,2,9,'In Progress'),(297,'Operation Skyfall','Rio de Janeiro',94,2,9,'Failed'),(298,'Hellfire Club Infiltration','Vienna',118,2,34,'In Progress'),(299,'The Acropolis Assignment','Madrid',53,2,38,'Completed'),(300,'Shibumi Extraction','Tokyo',201,2,1,'In Progress'),(301,'Samaritan Evasion','Madrid',380,2,9,'Pending'),(302,'Deep Cover','Prague',560,2,28,'Failed'),(303,'Operation Red Dawn','Buenos Aires',221,2,43,'In Progress'),(304,'Shibumi Extraction','Dubai',220,2,15,'In Progress'),(305,'Villanelle Pursuit','Istanbul',990,2,8,'In Progress'),(306,'Shadow Moses Incident','Rio de Janeiro',355,2,9,'Pending'),(307,'Deep Cover','Paris',944,2,4,'Pending'),(308,'Operation Thunderball','London',108,2,9,'Completed'),(309,'Operation Thunderbolt','Sydney',113,2,9,'In Progress'),(310,'Pelant Pursuit','Toronto',310,2,23,'In Progress'),(311,'Phoenix Foundation Crisis','Sydney',247,2,21,'Failed'),(312,'Operation Ghost Hunt','Dubai',940,2,13,'Failed'),(313,'Brideshead Revisited','Istanbul',239,2,16,'Failed'),(314,'Management Dismantling','Istanbul',949,2,18,'Failed'),(315,'Operation Shadowbox','Rome',440,2,21,'In Progress'),(316,'MTAC Security Breach','Sydney',538,2,26,'Completed'),(317,'Outcome Elimination','Chicago',993,2,36,'In Progress'),(318,'Wine Cellar Rendezvous','Beijing',930,2,12,'In Progress'),(319,'Project Quantum','Berlin',878,2,34,'Failed'),(320,'Operation Shadowbox','Buenos Aires',575,2,9,'Failed'),(321,'Rainbow Six Formation','Paris',878,2,9,'Pending'),(322,'Parallel Universe Bridge','Berlin',325,2,9,'Failed'),(323,'Port-to-Port Killer Hunt','Toronto',611,2,9,'In Progress'),(324,'Hellfire Club Infiltration','Madrid',772,2,41,'Failed'),(325,'Project Sentinel','Chicago',307,2,9,'Completed'),(326,'Mission Blackout','Prague',582,2,5,'Completed'),(327,'Operation Desert Scorpion','Rome',244,2,9,'Failed'),(328,'Samaritan Evasion','Rome',10,2,25,'In Progress'),(329,'KAOS Takedown','New York',92,2,34,'In Progress'),(330,'Deep Cover','Moscow',808,2,9,'Failed'),(331,'Alien Conspiracy Investigation','Cape Town',897,2,9,'Failed'),(332,'Project Nemesis','Moscow',67,2,30,'Failed'),(333,'Teen Agent','Istanbul',731,2,37,'Failed'),(334,'Operation Thunderball','Tokyo',760,2,9,'Failed'),(335,'Project Nemesis','Vienna',821,2,17,'In Progress'),(336,'Operation Golden Eye','Vienna',992,2,9,'Completed'),(337,'Ipcress File Recovery','Chicago',467,2,10,'In Progress'),(338,'Section One Initiation','Istanbul',394,2,9,'Completed'),(339,'Operation Tinker Tailor','Tokyo',117,2,16,'In Progress'),(340,'Operation Valkyrie','Madrid',562,2,40,'In Progress'),(341,'Mr. Monk Goes to the Asylum','Chicago',294,2,14,'In Progress'),(342,'MTAC Security Breach','New York',256,2,9,'In Progress'),(343,'Burn Notice Reversal','Vienna',853,2,9,'Pending'),(344,'Intersect Protection','New York',883,2,41,'Pending'),(345,'Project Quantum','Chicago',801,2,14,'In Progress'),(346,'Covert Affairs in Russia','Paris',529,2,12,'In Progress'),(347,'Management Dismantling','New York',53,2,31,'Completed'),(348,'Ipcress File Recovery','Cape Town',332,2,21,'Failed'),(349,'Shadow Moses Incident','Berlin',681,2,9,'In Progress'),(350,'Quantico Mole Hunt','Vienna',893,2,7,'Pending'),(351,'Operation Shadowbox','London',584,2,9,'Failed'),(352,'Management Dismantling','Dubai',865,2,11,'Pending'),(353,'Operation Ghost Hunt','Toronto',937,2,24,'In Progress'),(354,'Parallel Universe Bridge','Madrid',920,2,40,'Completed'),(355,'Deep Cover','Cape Town',218,2,13,'Failed'),(356,'Forensic Lab Lockdown','Prague',194,2,9,'Pending'),(357,'Mission Blackout','Chicago',206,2,21,'Pending'),(358,'Project Cobra','Sydney',77,2,9,'Pending'),(359,'Black Widow Ops','Los Angeles',516,2,26,'Failed'),(360,'Deep Cover','London',872,2,32,'Completed'),(361,'Mr. Monk Goes to the Asylum','Prague',513,2,20,'Failed'),(362,'Operation Skyfall','New York',439,2,8,'In Progress'),(363,'Phoenix Foundation Crisis','Rio de Janeiro',865,2,9,'Pending'),(364,'MTAC Security Breach','Sydney',736,2,24,'Completed'),(365,'Anarchy 99 Infiltration','Toronto',38,2,9,'Failed'),(366,'Mr. Monk Goes to the Asylum','Chicago',862,2,15,'Pending'),(367,'The Acropolis Assignment','Dubai',960,2,5,'In Progress'),(368,'Ipcress File Recovery','Dubai',140,2,40,'Failed'),(369,'Relevant Number Ops','Madrid',547,2,40,'In Progress'),(370,'Pantheon Take Down','Prague',877,2,30,'Pending'),(371,'Mission Nightfall','Berlin',309,2,9,'Failed'),(372,'Operation Silent Night','Moscow',538,2,33,'Failed'),(373,'Cold City','Madrid',517,2,42,'Failed'),(374,'Teen Agent','Buenos Aires',118,2,9,'In Progress'),(375,'U.N.C.L.E. Infiltration','Moscow',550,2,33,'Completed'),(376,'SSR Infiltration','Los Angeles',769,2,9,'In Progress'),(377,'Pantheon Take Down','Dubai',511,2,26,'Failed'),(378,'Treadstone Takedown','Chicago',723,2,17,'Pending'),(379,'Ghost Protocol','New York',338,2,9,'Pending'),(380,'Black Widow Ops','Rio de Janeiro',603,2,4,'In Progress'),(381,'Teen Agent','Sydney',912,2,9,'Completed'),(382,'Groovy Infiltration','New York',105,2,9,'In Progress'),(383,'Chimera Virus Recovery','Rome',179,2,15,'In Progress'),(384,'Operation Skyfall','Berlin',566,2,39,'Failed'),(385,'Intersect Protection','New York',97,2,38,'Pending'),(386,'Mission White Noise','Rome',447,2,9,'Failed'),(387,'The Istanbul Affair','Toronto',222,2,9,'Failed'),(388,'Forensic Lab Lockdown','Prague',84,2,6,'Failed'),(389,'Operation Skyfall','Beijing',503,2,10,'Completed'),(390,'Daughter Rescue','Buenos Aires',939,2,8,'Failed'),(391,'Operation Silent Night','Cape Town',148,2,7,'Failed'),(392,'Intersect Protection','Los Angeles',283,2,5,'In Progress'),(393,'Covert Affairs in Russia','Istanbul',93,2,9,'Failed'),(394,'3XK Killer Chase','Toronto',380,2,21,'In Progress'),(395,'Mission Nightfall','Paris',838,2,10,'Pending'),(396,'Covert Affairs in Russia','Buenos Aires',995,2,9,'Failed'),(397,'The Acropolis Assignment','Madrid',278,2,41,'Failed'),(398,'Quantico Mole Hunt','Los Angeles',70,2,5,'Failed'),(399,'Operation Salt and Pepper','New York',712,2,9,'In Progress'),(400,'Covert Affairs in Russia','Buenos Aires',841,2,41,'Failed'),(401,'Burn Notice Reversal','Rome',812,2,43,'Completed'),(402,'Operation Thunderbolt','Madrid',876,2,9,'Completed'),(403,'SSR Infiltration','Madrid',165,2,3,'In Progress'),(404,'Spy Undercover','Istanbul',885,2,37,'Failed'),(405,'Ipcress File Recovery','Rome',21,2,8,'In Progress'),(406,'Alien Conspiracy Investigation','Chicago',301,2,31,'In Progress'),(407,'Operation Red Dawn','Rio de Janeiro',927,2,25,'Failed'),(408,'Chimera Virus Recovery','Tokyo',48,2,41,'In Progress'),(409,'Operation Ghost Hunt','Prague',440,2,16,'In Progress'),(410,'Forensic Lab Lockdown','Paris',696,2,15,'Failed'),(411,'3XK Killer Chase','Cape Town',133,2,15,'In Progress'),(412,'U.N.C.L.E. Infiltration','Dubai',236,2,30,'In Progress'),(413,'Black Widow Ops','Beijing',500,2,13,'In Progress'),(414,'Operation Shadowbox','Cape Town',78,2,30,'In Progress'),(415,'Kingsman Recruitment','Madrid',667,2,29,'Completed'),(416,'Mission Nightfall','Chicago',679,2,9,'Failed'),(417,'Ghost Protocol','Los Angeles',646,2,40,'Completed'),(418,'Arms Dealer Infiltration','Tokyo',378,2,35,'In Progress'),(419,'Music Box Mystery','Tokyo',541,2,2,'In Progress'),(420,'Groovy Infiltration','Tokyo',387,2,9,'In Progress'),(421,'Mr. Monk Goes to the Asylum','Madrid',480,2,9,'Pending'),(422,'Music Box Mystery','Vienna',847,2,1,'In Progress'),(423,'SSR Infiltration','Rome',327,2,26,'Pending'),(424,'Project Phoenix','Dubai',801,2,36,'Failed'),(425,'Gormogon Investigation','Cape Town',792,2,22,'Pending'),(426,'Chimera Virus Recovery','Los Angeles',571,2,15,'Failed'),(427,'Rule 51 Enforcement','Chicago',532,2,36,'Completed'),(428,'Operation Red Dawn','London',324,2,9,'Failed'),(429,'Teen Agent','Vienna',520,2,9,'Completed'),(430,'Parallel Universe Bridge','Paris',221,2,9,'Failed'),(431,'Operation Salt and Pepper','Los Angeles',49,2,20,'In Progress'),(432,'Project Sentinel','Chicago',780,2,31,'Completed'),(433,'Operation Golden Eye','Rome',459,2,6,'Failed'),(434,'Relevant Number Ops','Rome',831,2,9,'Pending'),(435,'The Acropolis Assignment','London',717,2,29,'Pending'),(436,'Operation Ironclad','Dubai',661,2,9,'Completed'),(437,'Project Shadow','Dubai',735,2,13,'Failed'),(438,'Shibumi Extraction','Rio de Janeiro',479,2,9,'Completed'),(439,'Operation Golden Eye','Chicago',59,2,38,'Failed'),(440,'Arms Dealer Infiltration','Rome',214,2,21,'In Progress'),(441,'Operation Desert Scorpion','Rome',196,2,25,'Failed'),(442,'Operation Red Dawn','Prague',862,2,3,'Failed'),(443,'Brideshead Revisited','Los Angeles',280,2,12,'Failed'),(444,'Operation Shadowbox','Buenos Aires',993,2,9,'Failed'),(445,'Burn Notice Reversal','Moscow',375,2,9,'Completed'),(446,'Mr. Monk Goes to the Asylum','Paris',152,2,20,'In Progress'),(447,'Shibumi Extraction','London',15,2,9,'Failed'),(448,'Gormogon Investigation','Sydney',984,2,44,'Completed'),(449,'Treadstone Takedown','Rio de Janeiro',133,2,30,'In Progress'),(450,'Treadstone Takedown','New York',470,2,9,'In Progress'),(451,'Management Dismantling','Madrid',917,2,9,'Completed'),(452,'Brideshead Revisited','London',543,2,34,'Completed'),(453,'The Yin Yang Trilogy','Chicago',536,2,24,'Pending'),(454,'Phoenix Foundation Crisis','Chicago',399,2,2,'Failed'),(455,'Project Omega','Madrid',970,2,35,'Pending'),(456,'The Acropolis Assignment','Paris',924,2,9,'In Progress'),(457,'Shibumi Extraction','Dubai',590,2,11,'In Progress'),(458,'Red October','Sydney',664,2,36,'In Progress'),(459,'Anarchy 99 Infiltration','Paris',657,2,8,'Failed'),(460,'Operation Red Dawn','Madrid',322,2,9,'Failed'),(461,'Teen Agent','London',47,2,9,'In Progress'),(462,'Red October','London',613,2,41,'In Progress'),(463,'Black Widow Ops','Dubai',188,2,42,'In Progress'),(464,'Outcome Elimination','Cape Town',283,2,9,'In Progress'),(465,'Project Shadow','Cape Town',579,2,9,'In Progress'),(466,'Section One Initiation','Istanbul',722,2,36,'In Progress'),(467,'Cybernauts Neutralization','Toronto',823,2,17,'In Progress'),(468,'Anarchy 99 Infiltration','Los Angeles',728,2,37,'Pending'),(469,'Alien Conspiracy Investigation','London',413,2,29,'Failed'),(470,'Brideshead Revisited','Cape Town',772,2,44,'In Progress'),(471,'Operation Shadowbox','Sydney',553,2,27,'In Progress'),(472,'Ghost Protocol','Dubai',101,2,30,'Failed'),(473,'Forensic Lab Lockdown','Vienna',827,2,9,'Failed'),(474,'Port-to-Port Killer Hunt','Rio de Janeiro',382,2,3,'Failed'),(475,'Intersect Protection','Istanbul',71,2,9,'Pending'),(476,'MTAC Security Breach','Rio de Janeiro',323,2,29,'Failed'),(477,'Deep Cover','Buenos Aires',256,2,12,'Failed'),(478,'Relevant Number Ops','Vienna',174,2,14,'In Progress'),(479,'Operation Golden Eye','Rome',740,2,33,'Pending'),(480,'Operation Desert Scorpion','Prague',773,2,2,'Failed'),(481,'Project Christmas','Dubai',686,2,9,'In Progress'),(482,'Spy Undercover','Tokyo',386,2,9,'In Progress'),(483,'Port-to-Port Killer Hunt','Rio de Janeiro',250,2,41,'In Progress'),(484,'Operation Ironclad','Cape Town',32,2,10,'In Progress'),(485,'Covert Affairs in Russia','Beijing',874,2,36,'Failed'),(486,'Villanelle Pursuit','Istanbul',296,2,23,'Completed'),(487,'Operation Silent Night','Rome',439,2,9,'Failed'),(488,'Operation Ghost Hunt','Vienna',466,2,9,'Completed'),(489,'Operation Tinker Tailor','Paris',294,2,9,'Completed'),(490,'Nikki Heat Protection','Rio de Janeiro',189,2,9,'Completed'),(491,'Teen Agent','Los Angeles',650,2,9,'Failed'),(492,'Rainbow Six Formation','Rio de Janeiro',22,2,9,'Completed'),(493,'Phoenix Foundation Crisis','Beijing',301,2,9,'Failed'),(494,'Operation Mojito','Rome',431,2,9,'Failed'),(495,'Project Quantum','Dubai',670,2,5,'Completed'),(496,'Hellfire Club Infiltration','New York',523,2,35,'Failed'),(497,'Intersect Protection','Paris',144,2,27,'Failed'),(498,'Spy Undercover','Buenos Aires',677,2,9,'Failed'),(499,'The Golden Circle','Los Angeles',40,2,9,'Failed'),(500,'Casino Royale Sting','Cape Town',793,2,25,'Failed');
/*!40000 ALTER TABLE `mission` ENABLE KEYS */;
UNLOCK TABLES;

--
-- Table structure for table `security_clearance`
--

DROP TABLE IF EXISTS `security_clearance`;
/*!40101 SET @saved_cs_client     = @@character_set_client */;
/*!50503 SET character_set_client = utf8mb4 */;
CREATE TABLE `security_clearance` (
  `sc_id` int NOT NULL,
  `sc_level` varchar(100) DEFAULT NULL,
  `description` text,
  PRIMARY KEY (`sc_id`)
) ENGINE=InnoDB DEFAULT CHARSET=utf8mb4 COLLATE=utf8mb4_0900_ai_ci;
/*!40101 SET character_set_client = @saved_cs_client */;

--
-- Dumping data for table `security_clearance`
--

LOCK TABLES `security_clearance` WRITE;
/*!40000 ALTER TABLE `security_clearance` DISABLE KEYS */;
INSERT INTO `security_clearance` VALUES (1,'Confidential','Access to sensitive information that could cause minor damage if disclosed'),(2,'Secret','Access to information that could cause serious damage to national security if disclosed'),(3,'Top Secret','Access to information that could cause exceptionally grave damage to national security if disclosed'),(4,'Top Secret - SCI','Access to Top Secret information that is compartmentalized for specific projects or operations'),(5,'Restricted','Access to information that should not be freely available to the public'),(6,'Public Trust','Access to information that involves positions of significant public trust but is not classified');
/*!40000 ALTER TABLE `security_clearance` ENABLE KEYS */;
UNLOCK TABLES;

--
-- Table structure for table `skill`
--

DROP TABLE IF EXISTS `skill`;
/*!40101 SET @saved_cs_client     = @@character_set_client */;
/*!50503 SET character_set_client = utf8mb4 */;
CREATE TABLE `skill` (
  `skill_id` int NOT NULL,
  `skill_name` varchar(100) DEFAULT NULL,
  PRIMARY KEY (`skill_id`)
) ENGINE=InnoDB DEFAULT CHARSET=utf8mb4 COLLATE=utf8mb4_0900_ai_ci;
/*!40101 SET character_set_client = @saved_cs_client */;

--
-- Dumping data for table `skill`
--

LOCK TABLES `skill` WRITE;
/*!40000 ALTER TABLE `skill` DISABLE KEYS */;
INSERT INTO `skill` VALUES (1,'Counter-Surveillance'),(2,'Counterintelligence'),(3,'Athletics'),(4,'Deep Cover Maintenance'),(5,'Stealth'),(6,'Cyber Warfare'),(7,'Dead Drop Techniques'),(8,'Forgery'),(9,'Facial Recognition Evasion'),(10,'Deception Detection'),(11,'Interrogation'),(12,'Marksmanship'),(13,'Psychological Manipulation'),(14,'Covert Entry'),(15,'Social Engineering'),(16,'Improvised Explosives Detection'),(17,'Tactical Driving'),(18,'Signal Interception'),(19,'Underwater Operations'),(20,'Explosives'),(21,'Wilderness Survival'),(22,'Negotiation'),(23,'Micro Expression Reading'),(24,'Cryptography'),(25,'Acoustic Analysis'),(26,'Thermal Imaging Interpretation'),(27,'Eidetic Recall'),(28,'Hacking'),(29,'Digital Forensics'),(30,'Disguise'),(31,'Driving'),(32,'Improvised Weaponry'),(33,'Lip Reading'),(34,'Lockpicking'),(35,'Biometric Bypass'),(36,'Poison Resistance'),(37,'Threat Assessment'),(38,'Speed Reading'),(39,'Psychological Profiling'),(40,'Surveillance'),(41,'Parkour'),(42,'Escape Artistry'),(43,'Photographic Memory'),(44,'Reverse Engineering'),(45,'Asset Recruitment'),(46,'First Aid'),(47,'Languages'),(48,'Hand-to-Hand Combat'),(49,'Geopolitical Analysis'),(50,'Information Extraction'),(51,'Satellite Imagery Analysis'),(52,'Hostage Negotiation'),(53,'Chemical Warfare Defense'),(54,'Asset Management'),(55,'Strategy');
/*!40000 ALTER TABLE `skill` ENABLE KEYS */;
UNLOCK TABLES;

--
-- Table structure for table `skill_relationship`
--

DROP TABLE IF EXISTS `skill_relationship`;
/*!40101 SET @saved_cs_client     = @@character_set_client */;
/*!50503 SET character_set_client = utf8mb4 */;
CREATE TABLE `skill_relationship` (
  `agent_id` int NOT NULL,
  `skill_id` int NOT NULL,
  PRIMARY KEY (`agent_id`,`skill_id`),
  KEY `fk_skill` (`skill_id`),
  CONSTRAINT `fk_skill` FOREIGN KEY (`skill_id`) REFERENCES `skill` (`skill_id`),
  CONSTRAINT `fk_skill_agent` FOREIGN KEY (`agent_id`) REFERENCES `agent` (`agent_id`)
) ENGINE=InnoDB DEFAULT CHARSET=utf8mb4 COLLATE=utf8mb4_0900_ai_ci;
/*!40101 SET character_set_client = @saved_cs_client */;

--
-- Dumping data for table `skill_relationship`
--

LOCK TABLES `skill_relationship` WRITE;
/*!40000 ALTER TABLE `skill_relationship` DISABLE KEYS */;
INSERT INTO `skill_relationship` VALUES (2,1),(3,1),(9,1),(20,1),(25,1),(28,1),(37,1),(40,1),(46,1),(47,1),(48,1),(55,1),(66,1),(67,1),(74,1),(81,1),(82,1),(84,1),(86,1),(87,1),(91,1),(96,1),(101,1),(102,1),(104,1),(105,1),(108,1),(114,1),(117,1),(124,1),(127,1),(139,1),(143,1),(146,1),(149,1),(160,1),(163,1),(166,1),(180,1),(186,1),(189,1),(195,1),(199,1),(206,1),(210,1),(216,1),(217,1),(219,1),(220,1),(226,1),(227,1),(228,1),(229,1),(239,1),(241,1),(245,1),(259,1),(266,1),(267,1),(270,1),(273,1),(275,1),(277,1),(283,1),(287,1),(288,1),(289,1),(290,1),(297,1),(298,1),(299,1),(314,1),(315,1),(316,1),(323,1),(325,1),(338,1),(346,1),(350,1),(352,1),(369,1),(382,1),(383,1),(384,1),(386,1),(390,1),(395,1),(403,1),(406,1),(408,1),(413,1),(428,1),(434,1),(439,1),(446,1),(449,1),(453,1),(459,1),(470,1),(473,1),(475,1),(486,1),(487,1),(495,1),(500,1),(502,1),(504,1),(513,1),(515,1),(532,1),(542,1),(545,1),(550,1),(551,1),(555,1),(556,1),(559,1),(560,1),(566,1),(573,1),(574,1),(590,1),(593,1),(600,1),(601,1),(602,1),(613,1),(615,1),(617,1),(619,1),(630,1),(631,1),(637,1),(644,1),(660,1),(664,1),(669,1),(681,1),(691,1),(697,1),(699,1),(700,1),(702,1),(705,1),(707,1),(709,1),(712,1),(721,1),(723,1),(730,1),(731,1),(736,1),(741,1),(742,1),(748,1),(752,1),(764,1),(772,1),(782,1),(787,1),(794,1),(796,1),(808,1),(814,1),(821,1),(823,1),(836,1),(842,1),(846,1),(848,1),(850,1),(852,1),(858,1),(859,1),(865,1),(869,1),(877,1),(881,1),(906,1),(908,1),(909,1),(912,1),(915,1),(916,1),(927,1),(929,1),(933,1),(946,1),(950,1),(953,1),(958,1),(961,1),(969,1),(972,1),(983,1),(988,1),(994,1),(995,1),(998,1),(999,1),(4,2),(9,2),(15,2),(16,2),(19,2),(23,2),(24,2),(27,2),(35,2),(53,2),(59,2),(64,2),(67,2),(75,2),(77,2),(82,2),(83,2),(88,2),(92,2),(102,2),(103,2),(105,2),(111,2),(116,2),(124,2),(152,2),(154,2),(169,2),(170,2),(172,2),(182,2),(186,2),(197,2),(199,2),(205,2),(232,2),(236,2),(246,2),(253,2),(256,2),(258,2),(259,2),(260,2),(268,2),(271,2),(290,2),(292,2),(295,2),(297,2),(298,2),(299,2),(309,2),(318,2),(322,2),(327,2),(331,2),(341,2),(346,2),(348,2),(350,2),(352,2),(360,2),(361,2),(363,2),(368,2),(369,2),(371,2),(372,2),(380,2),(384,2),(387,2),(391,2),(412,2),(426,2),(430,2),(434,2),(455,2),(462,2),(463,2),(471,2),(474,2),(479,2),(481,2),(488,2),(491,2),(503,2),(504,2),(506,2),(507,2),(510,2),(512,2),(517,2),(528,2),(539,2),(561,2),(563,2),(564,2),(571,2),(573,2),(584,2),(588,2),(592,2),(600,2),(608,2),(611,2),(613,2),(619,2),(628,2),(630,2),(631,2),(640,2),(648,2),(652,2),(661,2),(662,2),(664,2),(665,2),(667,2),(668,2),(678,2),(681,2),(689,2),(703,2),(720,2),(721,2),(735,2),(736,2),(740,2),(747,2),(750,2),(753,2),(760,2),(770,2),(772,2),(773,2),(774,2),(778,2),(782,2),(788,2),(794,2),(799,2),(801,2),(811,2),(815,2),(818,2),(820,2),(824,2),(838,2),(841,2),(843,2),(849,2),(852,2),(868,2),(871,2),(876,2),(884,2),(886,2),(891,2),(892,2),(913,2),(915,2),(920,2),(928,2),(930,2),(931,2),(934,2),(939,2),(942,2),(952,2),(959,2),(972,2),(975,2),(977,2),(984,2),(986,2),(990,2),(994,2),(997,2),(999,2),(2,3),(8,3),(11,3),(19,3),(21,3),(28,3),(32,3),(39,3),(58,3),(59,3),(65,3),(69,3),(75,3),(81,3),(90,3),(95,3),(96,3),(97,3),(99,3),(112,3),(119,3),(121,3),(126,3),(128,3),(134,3),(138,3),(139,3),(143,3),(147,3),(149,3),(150,3),(154,3),(156,3),(158,3),(166,3),(169,3),(172,3),(174,3),(177,3),(178,3),(185,3),(189,3),(196,3),(197,3),(207,3),(210,3),(219,3),(225,3),(226,3),(231,3),(232,3),(237,3),(250,3),(251,3),(254,3),(260,3),(265,3),(272,3),(273,3),(278,3),(282,3),(283,3),(285,3),(292,3),(295,3),(302,3),(311,3),(320,3),(325,3),(326,3),(328,3),(334,3),(336,3),(352,3),(353,3),(357,3),(363,3),(372,3),(374,3),(387,3),(390,3),(391,3),(402,3),(403,3),(407,3),(416,3),(417,3),(418,3),(424,3),(427,3),(437,3),(450,3),(452,3),(461,3),(471,3),(476,3),(494,3),(500,3),(510,3),(511,3),(515,3),(519,3),(524,3),(525,3),(526,3),(529,3),(538,3),(546,3),(553,3),(562,3),(564,3),(570,3),(571,3),(574,3),(575,3),(580,3),(584,3),(609,3),(610,3),(619,3),(623,3),(633,3),(634,3),(639,3),(642,3),(643,3),(645,3),(653,3),(659,3),(682,3),(690,3),(691,3),(692,3),(696,3),(697,3),(702,3),(708,3),(709,3),(721,3),(731,3),(735,3),(737,3),(744,3),(749,3),(750,3),(762,3),(768,3),(773,3),(781,3),(788,3),(793,3),(796,3),(800,3),(810,3),(820,3),(849,3),(860,3),(861,3),(864,3),(866,3),(867,3),(869,3),(874,3),(884,3),(886,3),(894,3),(897,3),(899,3),(916,3),(919,3),(920,3),(922,3),(933,3),(936,3),(944,3),(952,3),(953,3),(959,3),(963,3),(965,3),(966,3),(971,3),(974,3),(976,3),(977,3),(979,3),(980,3),(983,3),(986,3),(990,3),(991,3),(998,3),(4,4),(5,4),(7,4),(10,4),(11,4),(17,4),(33,4),(38,4),(41,4),(42,4),(45,4),(49,4),(50,4),(52,4),(54,4),(67,4),(73,4),(75,4),(80,4),(95,4),(103,4),(105,4),(107,4),(110,4),(112,4),(116,4),(118,4),(123,4),(125,4),(126,4),(131,4),(132,4),(135,4),(144,4),(148,4),(153,4),(158,4),(164,4),(171,4),(177,4),(178,4),(179,4),(180,4),(187,4),(189,4),(193,4),(195,4),(200,4),(203,4),(205,4),(217,4),(218,4),(220,4),(221,4),(222,4),(225,4),(228,4),(231,4),(234,4),(247,4),(249,4),(254,4),(256,4),(261,4),(266,4),(267,4),(276,4),(282,4),(286,4),(288,4),(290,4),(296,4),(299,4),(301,4),(304,4),(310,4),(324,4),(347,4),(351,4),(353,4),(365,4),(366,4),(367,4),(370,4),(378,4),(382,4),(385,4),(387,4),(390,4),(391,4),(393,4),(399,4),(402,4),(417,4),(422,4),(425,4),(427,4),(434,4),(449,4),(450,4),(458,4),(459,4),(460,4),(461,4),(465,4),(467,4),(471,4),(475,4),(480,4),(483,4),(489,4),(490,4),(494,4),(495,4),(499,4),(504,4),(508,4),(511,4),(518,4),(520,4),(523,4),(524,4),(532,4),(533,4),(539,4),(543,4),(549,4),(551,4),(557,4),(565,4),(570,4),(572,4),(575,4),(579,4),(583,4),(588,4),(589,4),(597,4),(611,4),(616,4),(629,4),(630,4),(633,4),(641,4),(642,4),(643,4),(645,4),(647,4),(648,4),(652,4),(653,4),(661,4),(662,4),(663,4),(664,4),(671,4),(672,4),(675,4),(678,4),(683,4),(688,4),(689,4),(690,4),(691,4),(694,4),(695,4),(697,4),(699,4),(708,4),(713,4),(722,4),(725,4),(738,4),(742,4),(746,4),(747,4),(748,4),(749,4),(752,4),(753,4),(759,4),(778,4),(780,4),(781,4),(788,4),(796,4),(800,4),(802,4),(810,4),(823,4),(828,4),(837,4),(838,4),(839,4),(842,4),(846,4),(854,4),(857,4),(872,4),(874,4),(880,4),(889,4),(892,4),(896,4),(903,4),(905,4),(906,4),(907,4),(925,4),(926,4),(931,4),(935,4),(938,4),(941,4),(943,4),(949,4),(950,4),(955,4),(977,4),(985,4),(989,4),(994,4),(998,4),(2,5),(17,5),(25,5),(26,5),(33,5),(43,5),(55,5),(60,5),(62,5),(66,5),(70,5),(71,5),(80,5),(90,5),(92,5),(94,5),(98,5),(103,5),(105,5),(107,5),(109,5),(119,5),(123,5),(131,5),(138,5),(139,5),(140,5),(141,5),(142,5),(145,5),(151,5),(156,5),(157,5),(159,5),(163,5),(168,5),(170,5),(171,5),(176,5),(178,5),(181,5),(186,5),(188,5),(195,5),(203,5),(212,5),(215,5),(218,5),(220,5),(235,5),(236,5),(237,5),(240,5),(241,5),(251,5),(254,5),(256,5),(260,5),(263,5),(265,5),(268,5),(273,5),(274,5),(276,5),(278,5),(284,5),(286,5),(294,5),(296,5),(297,5),(302,5),(303,5),(305,5),(310,5),(311,5),(314,5),(315,5),(318,5),(321,5),(325,5),(328,5),(333,5),(334,5),(337,5),(341,5),(351,5),(355,5),(357,5),(364,5),(367,5),(377,5),(378,5),(389,5),(398,5),(401,5),(402,5),(408,5),(413,5),(417,5),(421,5),(427,5),(431,5),(432,5),(435,5),(444,5),(449,5),(452,5),(464,5),(468,5),(477,5),(485,5),(486,5),(490,5),(500,5),(505,5),(508,5),(514,5),(522,5),(528,5),(538,5),(539,5),(540,5),(544,5),(553,5),(557,5),(559,5),(566,5),(567,5),(576,5),(586,5),(587,5),(589,5),(601,5),(609,5),(614,5),(619,5),(624,5),(629,5),(632,5),(635,5),(644,5),(645,5),(658,5),(660,5),(668,5),(669,5),(672,5),(678,5),(693,5),(702,5),(708,5),(710,5),(713,5),(715,5),(736,5),(737,5),(742,5),(744,5),(749,5),(761,5),(763,5),(769,5),(772,5),(785,5),(787,5),(792,5),(793,5),(795,5),(797,5),(798,5),(808,5),(811,5),(814,5),(816,5),(817,5),(818,5),(819,5),(820,5),(824,5),(826,5),(829,5),(837,5),(859,5),(869,5),(884,5),(907,5),(911,5),(913,5),(916,5),(925,5),(930,5),(934,5),(935,5),(951,5),(954,5),(966,5),(977,5),(982,5),(985,5),(994,5),(995,5),(997,5),(4,6),(6,6),(19,6),(20,6),(25,6),(36,6),(41,6),(44,6),(45,6),(47,6),(48,6),(52,6),(53,6),(55,6),(57,6),(60,6),(61,6),(62,6),(65,6),(67,6),(69,6),(72,6),(73,6),(82,6),(83,6),(84,6),(89,6),(92,6),(99,6),(103,6),(105,6),(107,6),(115,6),(134,6),(139,6),(140,6),(145,6),(147,6),(148,6),(154,6),(161,6),(164,6),(166,6),(168,6),(172,6),(173,6),(183,6),(194,6),(196,6),(198,6),(201,6),(202,6),(211,6),(223,6),(228,6),(230,6),(236,6),(238,6),(249,6),(255,6),(256,6),(265,6),(271,6),(285,6),(286,6),(287,6),(298,6),(301,6),(305,6),(316,6),(321,6),(323,6),(325,6),(328,6),(330,6),(337,6),(338,6),(340,6),(349,6),(352,6),(356,6),(357,6),(358,6),(363,6),(364,6),(365,6),(367,6),(381,6),(382,6),(385,6),(387,6),(390,6),(395,6),(397,6),(398,6),(399,6),(400,6),(402,6),(403,6),(413,6),(414,6),(421,6),(424,6),(426,6),(434,6),(435,6),(437,6),(441,6),(454,6),(467,6),(483,6),(484,6),(485,6),(487,6),(507,6),(516,6),(522,6),(532,6),(543,6),(555,6),(556,6),(560,6),(562,6),(563,6),(575,6),(579,6),(580,6),(582,6),(586,6),(591,6),(596,6),(598,6),(599,6),(602,6),(603,6),(605,6),(615,6),(617,6),(618,6),(620,6),(646,6),(651,6),(652,6),(659,6),(666,6),(692,6),(703,6),(705,6),(723,6),(729,6),(734,6),(740,6),(743,6),(748,6),(755,6),(761,6),(763,6),(764,6),(765,6),(769,6),(772,6),(774,6),(780,6),(782,6),(785,6),(789,6),(791,6),(795,6),(799,6),(805,6),(814,6),(832,6),(835,6),(838,6),(839,6),(840,6),(844,6),(848,6),(855,6),(859,6),(864,6),(865,6),(868,6),(871,6),(879,6),(883,6),(888,6),(895,6),(898,6),(899,6),(903,6),(910,6),(915,6),(916,6),(920,6),(928,6),(930,6),(943,6),(945,6),(954,6),(957,6),(963,6),(971,6),(973,6),(976,6),(980,6),(985,6),(986,6),(989,6),(992,6),(997,6),(1,7),(2,7),(8,7),(10,7),(13,7),(15,7),(34,7),(35,7),(44,7),(51,7),(53,7),(54,7),(72,7),(76,7),(78,7),(82,7),(84,7),(94,7),(96,7),(105,7),(106,7),(130,7),(133,7),(137,7),(138,7),(142,7),(158,7),(165,7),(167,7),(176,7),(177,7),(178,7),(180,7),(190,7),(194,7),(199,7),(200,7),(204,7),(208,7),(211,7),(215,7),(216,7),(221,7),(229,7),(241,7),(251,7),(253,7),(254,7),(263,7),(267,7),(274,7),(280,7),(284,7),(290,7),(292,7),(309,7),(316,7),(319,7),(322,7),(332,7),(334,7),(336,7),(341,7),(345,7),(351,7),(353,7),(356,7),(363,7),(373,7),(379,7),(382,7),(397,7),(404,7),(407,7),(410,7),(418,7),(420,7),(422,7),(427,7),(428,7),(437,7),(438,7),(439,7),(450,7),(453,7),(457,7),(460,7),(462,7),(463,7),(465,7),(471,7),(472,7),(474,7),(477,7),(486,7),(496,7),(502,7),(504,7),(508,7),(511,7),(518,7),(536,7),(537,7),(540,7),(544,7),(548,7),(555,7),(556,7),(565,7),(566,7),(574,7),(576,7),(584,7),(596,7),(600,7),(604,7),(606,7),(608,7),(611,7),(614,7),(622,7),(633,7),(634,7),(636,7),(638,7),(641,7),(646,7),(653,7),(654,7),(660,7),(662,7),(667,7),(677,7),(678,7),(679,7),(682,7),(684,7),(693,7),(697,7),(698,7),(702,7),(705,7),(722,7),(724,7),(725,7),(729,7),(730,7),(736,7),(739,7),(742,7),(746,7),(747,7),(749,7),(752,7),(755,7),(756,7),(758,7),(761,7),(762,7),(766,7),(771,7),(774,7),(775,7),(777,7),(780,7),(788,7),(798,7),(800,7),(801,7),(807,7),(819,7),(821,7),(824,7),(838,7),(840,7),(849,7),(855,7),(858,7),(860,7),(862,7),(866,7),(869,7),(872,7),(885,7),(891,7),(893,7),(894,7),(899,7),(902,7),(911,7),(912,7),(920,7),(925,7),(927,7),(928,7),(929,7),(930,7),(932,7),(936,7),(940,7),(967,7),(970,7),(971,7),(980,7),(986,7),(991,7),(994,7),(996,7),(21,8),(23,8),(25,8),(26,8),(32,8),(39,8),(40,8),(46,8),(47,8),(52,8),(54,8),(68,8),(77,8),(80,8),(81,8),(90,8),(91,8),(96,8),(107,8),(114,8),(115,8),(119,8),(124,8),(125,8),(126,8),(129,8),(132,8),(142,8),(145,8),(151,8),(155,8),(158,8),(161,8),(166,8),(170,8),(171,8),(172,8),(173,8),(175,8),(176,8),(186,8),(187,8),(196,8),(198,8),(208,8),(214,8),(220,8),(221,8),(237,8),(241,8),(245,8),(246,8),(248,8),(250,8),(285,8),(289,8),(299,8),(304,8),(310,8),(315,8),(319,8),(322,8),(325,8),(327,8),(334,8),(335,8),(343,8),(348,8),(351,8),(358,8),(359,8),(362,8),(363,8),(372,8),(373,8),(377,8),(379,8),(380,8),(385,8),(386,8),(387,8),(396,8),(398,8),(402,8),(412,8),(422,8),(434,8),(435,8),(437,8),(440,8),(445,8),(469,8),(471,8),(479,8),(480,8),(484,8),(486,8),(488,8),(491,8),(495,8),(518,8),(520,8),(526,8),(527,8),(528,8),(532,8),(534,8),(556,8),(563,8),(566,8),(573,8),(579,8),(583,8),(590,8),(591,8),(594,8),(596,8),(611,8),(616,8),(628,8),(629,8),(636,8),(644,8),(649,8),(655,8),(658,8),(666,8),(667,8),(668,8),(669,8),(675,8),(676,8),(678,8),(680,8),(690,8),(695,8),(696,8),(708,8),(712,8),(716,8),(726,8),(732,8),(733,8),(743,8),(756,8),(769,8),(775,8),(787,8),(789,8),(790,8),(796,8),(802,8),(803,8),(814,8),(821,8),(822,8),(832,8),(834,8),(835,8),(838,8),(844,8),(849,8),(852,8),(854,8),(863,8),(868,8),(872,8),(875,8),(885,8),(887,8),(889,8),(894,8),(899,8),(903,8),(909,8),(912,8),(913,8),(918,8),(922,8),(923,8),(925,8),(928,8),(933,8),(945,8),(946,8),(959,8),(964,8),(965,8),(966,8),(967,8),(971,8),(976,8),(984,8),(985,8),(987,8),(997,8),(9,9),(14,9),(21,9),(23,9),(30,9),(39,9),(43,9),(52,9),(54,9),(66,9),(74,9),(78,9),(80,9),(84,9),(86,9),(91,9),(93,9),(99,9),(101,9),(109,9),(118,9),(128,9),(131,9),(137,9),(140,9),(143,9),(144,9),(149,9),(159,9),(161,9),(162,9),(168,9),(169,9),(172,9),(175,9),(179,9),(180,9),(187,9),(189,9),(204,9),(207,9),(208,9),(210,9),(211,9),(213,9),(215,9),(221,9),(226,9),(233,9),(235,9),(240,9),(242,9),(243,9),(244,9),(252,9),(254,9),(261,9),(270,9),(271,9),(280,9),(281,9),(283,9),(284,9),(285,9),(288,9),(289,9),(298,9),(301,9),(304,9),(307,9),(310,9),(320,9),(322,9),(323,9),(324,9),(326,9),(327,9),(328,9),(342,9),(344,9),(346,9),(371,9),(378,9),(380,9),(391,9),(392,9),(395,9),(396,9),(403,9),(404,9),(406,9),(411,9),(414,9),(416,9),(420,9),(424,9),(425,9),(427,9),(435,9),(436,9),(438,9),(439,9),(470,9),(473,9),(474,9),(482,9),(483,9),(484,9),(488,9),(489,9),(492,9),(493,9),(503,9),(506,9),(507,9),(516,9),(521,9),(522,9),(523,9),(525,9),(533,9),(537,9),(540,9),(542,9),(549,9),(561,9),(563,9),(570,9),(572,9),(579,9),(585,9),(586,9),(587,9),(588,9),(593,9),(595,9),(603,9),(604,9),(605,9),(630,9),(636,9),(638,9),(640,9),(651,9),(652,9),(653,9),(655,9),(661,9),(666,9),(671,9),(677,9),(682,9),(687,9),(696,9),(701,9),(713,9),(719,9),(721,9),(723,9),(740,9),(741,9),(760,9),(761,9),(764,9),(768,9),(773,9),(775,9),(782,9),(783,9),(786,9),(788,9),(802,9),(805,9),(807,9),(808,9),(810,9),(813,9),(819,9),(834,9),(840,9),(841,9),(845,9),(846,9),(847,9),(849,9),(850,9),(862,9),(868,9),(876,9),(878,9),(881,9),(882,9),(884,9),(887,9),(890,9),(892,9),(896,9),(903,9),(906,9),(917,9),(931,9),(945,9),(947,9),(951,9),(954,9),(955,9),(958,9),(970,9),(972,9),(976,9),(988,9),(991,9),(994,9),(997,9),(7,10),(8,10),(9,10),(15,10),(19,10),(20,10),(22,10),(26,10),(28,10),(30,10),(37,10),(41,10),(48,10),(52,10),(53,10),(56,10),(57,10),(59,10),(63,10),(66,10),(78,10),(82,10),(87,10),(89,10),(92,10),(94,10),(99,10),(104,10),(106,10),(111,10),(117,10),(122,10),(130,10),(136,10),(141,10),(148,10),(149,10),(154,10),(166,10),(170,10),(172,10),(178,10),(188,10),(189,10),(193,10),(195,10),(203,10),(209,10),(220,10),(221,10),(227,10),(229,10),(235,10),(240,10),(248,10),(253,10),(258,10),(261,10),(262,10),(273,10),(283,10),(284,10),(285,10),(287,10),(288,10),(290,10),(305,10),(315,10),(321,10),(327,10),(329,10),(335,10),(342,10),(343,10),(351,10),(356,10),(364,10),(365,10),(367,10),(373,10),(374,10),(378,10),(391,10),(402,10),(404,10),(405,10),(407,10),(408,10),(409,10),(410,10),(416,10),(418,10),(419,10),(421,10),(424,10),(426,10),(428,10),(434,10),(439,10),(447,10),(454,10),(459,10),(472,10),(474,10),(479,10),(487,10),(488,10),(499,10),(523,10),(528,10),(537,10),(539,10),(546,10),(552,10),(567,10),(572,10),(580,10),(581,10),(584,10),(588,10),(591,10),(593,10),(595,10),(596,10),(597,10),(601,10),(608,10),(609,10),(619,10),(624,10),(625,10),(627,10),(628,10),(634,10),(635,10),(638,10),(641,10),(651,10),(652,10),(666,10),(674,10),(702,10),(707,10),(721,10),(724,10),(739,10),(743,10),(750,10),(754,10),(757,10),(773,10),(774,10),(775,10),(779,10),(783,10),(785,10),(789,10),(791,10),(798,10),(803,10),(806,10),(807,10),(810,10),(812,10),(823,10),(826,10),(828,10),(831,10),(842,10),(843,10),(849,10),(851,10),(854,10),(855,10),(858,10),(860,10),(863,10),(865,10),(870,10),(880,10),(887,10),(897,10),(901,10),(902,10),(903,10),(904,10),(909,10),(920,10),(923,10),(924,10),(926,10),(930,10),(939,10),(949,10),(950,10),(955,10),(956,10),(962,10),(967,10),(970,10),(971,10),(981,10),(983,10),(986,10),(987,10),(990,10),(994,10),(999,10),(2,11),(3,11),(8,11),(9,11),(12,11),(19,11),(21,11),(26,11),(29,11),(30,11),(35,11),(39,11),(41,11),(44,11),(45,11),(58,11),(62,11),(69,11),(74,11),(76,11),(82,11),(84,11),(85,11),(89,11),(93,11),(94,11),(100,11),(107,11),(113,11),(121,11),(137,11),(139,11),(140,11),(143,11),(144,11),(153,11),(165,11),(166,11),(177,11),(180,11),(183,11),(186,11),(195,11),(226,11),(230,11),(240,11),(256,11),(258,11),(266,11),(268,11),(271,11),(276,11),(282,11),(286,11),(288,11),(293,11),(294,11),(295,11),(297,11),(299,11),(300,11),(302,11),(319,11),(326,11),(334,11),(341,11),(346,11),(347,11),(351,11),(356,11),(370,11),(375,11),(384,11),(393,11),(403,11),(406,11),(407,11),(410,11),(412,11),(418,11),(451,11),(454,11),(458,11),(461,11),(465,11),(469,11),(471,11),(472,11),(477,11),(480,11),(485,11),(487,11),(490,11),(491,11),(494,11),(501,11),(510,11),(511,11),(514,11),(517,11),(519,11),(527,11),(532,11),(536,11),(545,11),(546,11),(547,11),(550,11),(560,11),(567,11),(569,11),(578,11),(582,11),(584,11),(585,11),(586,11),(594,11),(604,11),(605,11),(606,11),(610,11),(611,11),(621,11),(628,11),(630,11),(632,11),(647,11),(650,11),(675,11),(676,11),(683,11),(685,11),(686,11),(698,11),(699,11),(701,11),(704,11),(708,11),(711,11),(718,11),(719,11),(731,11),(752,11),(755,11),(757,11),(759,11),(764,11),(766,11),(775,11),(783,11),(789,11),(790,11),(792,11),(795,11),(797,11),(801,11),(804,11),(805,11),(806,11),(813,11),(830,11),(832,11),(838,11),(853,11),(858,11),(863,11),(887,11),(895,11),(902,11),(904,11),(908,11),(909,11),(911,11),(918,11),(928,11),(930,11),(940,11),(942,11),(949,11),(952,11),(957,11),(959,11),(960,11),(961,11),(966,11),(967,11),(977,11),(980,11),(983,11),(992,11),(995,11),(997,11),(1,12),(3,12),(6,12),(12,12),(15,12),(16,12),(18,12),(19,12),(23,12),(27,12),(38,12),(39,12),(54,12),(56,12),(57,12),(60,12),(62,12),(68,12),(74,12),(76,12),(82,12),(84,12),(89,12),(93,12),(101,12),(105,12),(106,12),(107,12),(111,12),(116,12),(132,12),(133,12),(135,12),(141,12),(146,12),(147,12),(150,12),(152,12),(157,12),(158,12),(164,12),(165,12),(172,12),(173,12),(175,12),(178,12),(179,12),(198,12),(199,12),(200,12),(209,12),(210,12),(218,12),(221,12),(224,12),(228,12),(231,12),(240,12),(259,12),(262,12),(263,12),(264,12),(265,12),(269,12),(272,12),(273,12),(274,12),(278,12),(285,12),(286,12),(287,12),(291,12),(293,12),(298,12),(302,12),(306,12),(308,12),(311,12),(312,12),(316,12),(320,12),(321,12),(324,12),(325,12),(330,12),(332,12),(333,12),(344,12),(348,12),(349,12),(350,12),(358,12),(362,12),(363,12),(367,12),(369,12),(375,12),(392,12),(402,12),(408,12),(409,12),(413,12),(420,12),(422,12),(424,12),(426,12),(448,12),(454,12),(456,12),(461,12),(468,12),(469,12),(472,12),(480,12),(486,12),(489,12),(490,12),(493,12),(494,12),(497,12),(498,12),(505,12),(510,12),(519,12),(525,12),(526,12),(528,12),(534,12),(541,12),(544,12),(545,12),(556,12),(564,12),(566,12),(574,12),(581,12),(591,12),(593,12),(595,12),(597,12),(602,12),(603,12),(622,12),(623,12),(626,12),(631,12),(638,12),(640,12),(648,12),(652,12),(653,12),(657,12),(667,12),(670,12),(685,12),(690,12),(700,12),(703,12),(709,12),(711,12),(716,12),(719,12),(725,12),(726,12),(730,12),(731,12),(741,12),(743,12),(751,12),(754,12),(761,12),(775,12),(776,12),(779,12),(783,12),(785,12),(794,12),(798,12),(807,12),(808,12),(809,12),(822,12),(828,12),(834,12),(835,12),(848,12),(850,12),(851,12),(853,12),(857,12),(859,12),(860,12),(863,12),(869,12),(873,12),(874,12),(878,12),(882,12),(891,12),(896,12),(897,12),(900,12),(905,12),(907,12),(910,12),(912,12),(920,12),(925,12),(931,12),(934,12),(935,12),(941,12),(946,12),(949,12),(955,12),(960,12),(969,12),(974,12),(991,12),(998,12),(5,13),(13,13),(16,13),(26,13),(29,13),(35,13),(36,13),(42,13),(46,13),(54,13),(60,13),(67,13),(81,13),(85,13),(98,13),(102,13),(103,13),(105,13),(120,13),(123,13),(134,13),(137,13),(138,13),(139,13),(145,13),(147,13),(148,13),(154,13),(155,13),(180,13),(184,13),(196,13),(205,13),(207,13),(211,13),(214,13),(217,13),(220,13),(221,13),(223,13),(224,13),(225,13),(233,13),(235,13),(244,13),(248,13),(251,13),(258,13),(261,13),(262,13),(273,13),(275,13),(279,13),(280,13),(286,13),(290,13),(291,13),(300,13),(303,13),(311,13),(319,13),(325,13),(340,13),(360,13),(370,13),(376,13),(378,13),(381,13),(382,13),(384,13),(386,13),(389,13),(395,13),(399,13),(403,13),(406,13),(408,13),(409,13),(411,13),(417,13),(420,13),(421,13),(429,13),(433,13),(435,13),(446,13),(449,13),(453,13),(456,13),(469,13),(476,13),(479,13),(494,13),(500,13),(511,13),(515,13),(517,13),(523,13),(525,13),(526,13),(542,13),(543,13),(544,13),(546,13),(548,13),(558,13),(564,13),(571,13),(573,13),(574,13),(575,13),(576,13),(586,13),(590,13),(591,13),(593,13),(595,13),(605,13),(609,13),(611,13),(619,13),(630,13),(631,13),(636,13),(638,13),(639,13),(643,13),(644,13),(650,13),(653,13),(655,13),(656,13),(660,13),(661,13),(667,13),(669,13),(671,13),(678,13),(679,13),(682,13),(686,13),(694,13),(704,13),(707,13),(710,13),(711,13),(714,13),(725,13),(726,13),(730,13),(749,13),(751,13),(758,13),(762,13),(769,13),(773,13),(784,13),(785,13),(786,13),(787,13),(789,13),(790,13),(794,13),(799,13),(800,13),(803,13),(807,13),(808,13),(810,13),(811,13),(815,13),(816,13),(818,13),(820,13),(823,13),(827,13),(840,13),(842,13),(846,13),(857,13),(870,13),(876,13),(880,13),(883,13),(889,13),(891,13),(896,13),(903,13),(907,13),(910,13),(915,13),(919,13),(921,13),(922,13),(944,13),(951,13),(953,13),(964,13),(968,13),(970,13),(976,13),(978,13),(981,13),(988,13),(7,14),(9,14),(11,14),(16,14),(17,14),(36,14),(51,14),(52,14),(53,14),(56,14),(59,14),(60,14),(68,14),(69,14),(72,14),(76,14),(82,14),(88,14),(90,14),(107,14),(109,14),(111,14),(113,14),(114,14),(132,14),(140,14),(141,14),(149,14),(160,14),(163,14),(166,14),(175,14),(176,14),(185,14),(186,14),(188,14),(189,14),(194,14),(199,14),(200,14),(201,14),(218,14),(220,14),(222,14),(230,14),(231,14),(232,14),(238,14),(245,14),(247,14),(254,14),(259,14),(265,14),(269,14),(274,14),(277,14),(280,14),(281,14),(290,14),(303,14),(314,14),(317,14),(325,14),(335,14),(337,14),(341,14),(343,14),(346,14),(352,14),(353,14),(362,14),(363,14),(367,14),(372,14),(373,14),(374,14),(378,14),(386,14),(391,14),(403,14),(406,14),(414,14),(421,14),(432,14),(433,14),(440,14),(445,14),(453,14),(458,14),(460,14),(467,14),(471,14),(472,14),(475,14),(484,14),(488,14),(492,14),(511,14),(540,14),(545,14),(570,14),(571,14),(572,14),(574,14),(578,14),(579,14),(584,14),(588,14),(591,14),(596,14),(604,14),(606,14),(613,14),(615,14),(633,14),(636,14),(639,14),(641,14),(642,14),(657,14),(664,14),(669,14),(670,14),(671,14),(681,14),(683,14),(687,14),(689,14),(692,14),(717,14),(719,14),(723,14),(726,14),(727,14),(730,14),(731,14),(732,14),(735,14),(741,14),(750,14),(758,14),(759,14),(761,14),(768,14),(776,14),(777,14),(783,14),(787,14),(789,14),(799,14),(805,14),(810,14),(811,14),(812,14),(815,14),(818,14),(823,14),(827,14),(837,14),(841,14),(842,14),(845,14),(847,14),(849,14),(851,14),(853,14),(856,14),(861,14),(871,14),(873,14),(879,14),(884,14),(891,14),(895,14),(896,14),(903,14),(922,14),(934,14),(937,14),(943,14),(952,14),(954,14),(958,14),(972,14),(973,14),(976,14),(977,14),(985,14),(989,14),(996,14),(1000,14),(2,15),(8,15),(10,15),(12,15),(15,15),(17,15),(20,15),(22,15),(30,15),(33,15),(34,15),(36,15),(37,15),(41,15),(43,15),(46,15),(56,15),(57,15),(62,15),(63,15),(64,15),(68,15),(70,15),(74,15),(82,15),(85,15),(88,15),(94,15),(95,15),(101,15),(105,15),(110,15),(116,15),(133,15),(138,15),(139,15),(140,15),(141,15),(143,15),(146,15),(149,15),(151,15),(153,15),(155,15),(160,15),(165,15),(171,15),(178,15),(180,15),(182,15),(201,15),(204,15),(237,15),(238,15),(240,15),(243,15),(252,15),(261,15),(264,15),(270,15),(273,15),(279,15),(281,15),(284,15),(291,15),(294,15),(302,15),(307,15),(309,15),(311,15),(315,15),(319,15),(325,15),(336,15),(337,15),(339,15),(342,15),(350,15),(353,15),(354,15),(357,15),(369,15),(374,15),(377,15),(381,15),(395,15),(400,15),(404,15),(411,15),(412,15),(422,15),(434,15),(435,15),(439,15),(440,15),(446,15),(450,15),(453,15),(457,15),(465,15),(467,15),(481,15),(482,15),(486,15),(487,15),(494,15),(500,15),(504,15),(505,15),(506,15),(513,15),(515,15),(517,15),(520,15),(522,15),(531,15),(540,15),(551,15),(559,15),(561,15),(579,15),(583,15),(590,15),(602,15),(604,15),(605,15),(607,15),(612,15),(614,15),(615,15),(617,15),(621,15),(622,15),(634,15),(649,15),(659,15),(663,15),(664,15),(671,15),(673,15),(676,15),(680,15),(682,15),(690,15),(692,15),(697,15),(703,15),(705,15),(710,15),(711,15),(712,15),(713,15),(720,15),(725,15),(726,15),(739,15),(745,15),(749,15),(752,15),(763,15),(765,15),(766,15),(767,15),(775,15),(782,15),(787,15),(788,15),(789,15),(808,15),(819,15),(834,15),(838,15),(851,15),(852,15),(854,15),(855,15),(856,15),(860,15),(861,15),(867,15),(868,15),(873,15),(893,15),(895,15),(900,15),(903,15),(904,15),(913,15),(915,15),(917,15),(922,15),(929,15),(932,15),(936,15),(937,15),(938,15),(939,15),(953,15),(959,15),(960,15),(965,15),(967,15),(968,15),(973,15),(981,15),(985,15),(986,15),(993,15),(994,15),(995,15),(997,15),(3,16),(25,16),(26,16),(33,16),(35,16),(42,16),(49,16),(53,16),(55,16),(65,16),(66,16),(69,16),(71,16),(72,16),(82,16),(85,16),(88,16),(95,16),(102,16),(108,16),(113,16),(115,16),(119,16),(123,16),(124,16),(127,16),(129,16),(133,16),(143,16),(146,16),(152,16),(159,16),(160,16),(172,16),(175,16),(176,16),(183,16),(186,16),(190,16),(193,16),(195,16),(199,16),(203,16),(206,16),(212,16),(214,16),(229,16),(230,16),(238,16),(243,16),(245,16),(246,16),(247,16),(250,16),(251,16),(257,16),(261,16),(264,16),(265,16),(270,16),(274,16),(287,16),(290,16),(291,16),(295,16),(300,16),(303,16),(304,16),(324,16),(330,16),(343,16),(352,16),(359,16),(360,16),(366,16),(368,16),(370,16),(376,16),(384,16),(392,16),(401,16),(410,16),(414,16),(416,16),(420,16),(423,16),(429,16),(437,16),(446,16),(454,16),(455,16),(462,16),(463,16),(470,16),(473,16),(474,16),(475,16),(476,16),(480,16),(486,16),(487,16),(493,16),(498,16),(503,16),(506,16),(517,16),(520,16),(533,16),(541,16),(542,16),(543,16),(548,16),(550,16),(569,16),(570,16),(574,16),(576,16),(578,16),(580,16),(585,16),(586,16),(589,16),(593,16),(595,16),(602,16),(603,16),(618,16),(619,16),(630,16),(633,16),(634,16),(639,16),(644,16),(664,16),(668,16),(671,16),(681,16),(684,16),(686,16),(688,16),(689,16),(691,16),(695,16),(700,16),(702,16),(710,16),(712,16),(725,16),(732,16),(741,16),(743,16),(748,16),(751,16),(760,16),(765,16),(772,16),(781,16),(786,16),(788,16),(790,16),(791,16),(801,16),(807,16),(810,16),(811,16),(817,16),(819,16),(829,16),(840,16),(841,16),(845,16),(846,16),(850,16),(851,16),(858,16),(860,16),(868,16),(871,16),(872,16),(874,16),(878,16),(889,16),(890,16),(919,16),(923,16),(924,16),(930,16),(938,16),(950,16),(952,16),(955,16),(956,16),(966,16),(969,16),(982,16),(988,16),(993,16),(996,16),(1,17),(19,17),(20,17),(30,17),(31,17),(35,17),(43,17),(49,17),(63,17),(82,17),(83,17),(84,17),(92,17),(93,17),(94,17),(102,17),(104,17),(107,17),(108,17),(128,17),(130,17),(135,17),(143,17),(153,17),(157,17),(158,17),(179,17),(180,17),(188,17),(189,17),(191,17),(204,17),(205,17),(213,17),(221,17),(222,17),(227,17),(236,17),(242,17),(243,17),(252,17),(254,17),(261,17),(262,17),(263,17),(279,17),(287,17),(288,17),(309,17),(313,17),(327,17),(328,17),(334,17),(337,17),(338,17),(340,17),(343,17),(346,17),(348,17),(361,17),(362,17),(368,17),(370,17),(378,17),(381,17),(389,17),(393,17),(395,17),(400,17),(402,17),(406,17),(407,17),(410,17),(415,17),(417,17),(422,17),(436,17),(437,17),(442,17),(452,17),(456,17),(471,17),(473,17),(481,17),(485,17),(486,17),(497,17),(502,17),(505,17),(507,17),(510,17),(511,17),(515,17),(516,17),(525,17),(548,17),(557,17),(560,17),(564,17),(569,17),(571,17),(580,17),(586,17),(588,17),(591,17),(595,17),(604,17),(605,17),(606,17),(609,17),(614,17),(615,17),(621,17),(630,17),(632,17),(633,17),(639,17),(641,17),(645,17),(650,17),(652,17),(667,17),(690,17),(692,17),(693,17),(694,17),(695,17),(698,17),(701,17),(703,17),(705,17),(709,17),(713,17),(720,17),(722,17),(726,17),(729,17),(743,17),(745,17),(746,17),(747,17),(748,17),(749,17),(750,17),(760,17),(772,17),(773,17),(774,17),(775,17),(782,17),(784,17),(786,17),(787,17),(790,17),(791,17),(801,17),(803,17),(810,17),(811,17),(815,17),(819,17),(821,17),(823,17),(825,17),(830,17),(834,17),(836,17),(839,17),(843,17),(846,17),(850,17),(853,17),(859,17),(861,17),(862,17),(863,17),(865,17),(875,17),(880,17),(884,17),(891,17),(896,17),(905,17),(916,17),(922,17),(923,17),(936,17),(951,17),(958,17),(973,17),(975,17),(979,17),(985,17),(986,17),(988,17),(989,17),(995,17),(1,18),(2,18),(3,18),(16,18),(20,18),(23,18),(32,18),(35,18),(39,18),(42,18),(46,18),(52,18),(54,18),(57,18),(71,18),(73,18),(80,18),(88,18),(91,18),(94,18),(95,18),(97,18),(98,18),(100,18),(103,18),(114,18),(116,18),(119,18),(143,18),(144,18),(149,18),(155,18),(164,18),(165,18),(166,18),(170,18),(171,18),(179,18),(188,18),(191,18),(195,18),(198,18),(202,18),(213,18),(223,18),(228,18),(231,18),(241,18),(242,18),(243,18),(248,18),(264,18),(274,18),(283,18),(286,18),(287,18),(293,18),(297,18),(300,18),(301,18),(303,18),(304,18),(309,18),(317,18),(322,18),(327,18),(328,18),(331,18),(335,18),(345,18),(352,18),(354,18),(360,18),(362,18),(373,18),(376,18),(380,18),(390,18),(395,18),(397,18),(403,18),(407,18),(412,18),(430,18),(432,18),(435,18),(441,18),(446,18),(450,18),(453,18),(465,18),(487,18),(489,18),(490,18),(497,18),(504,18),(508,18),(510,18),(513,18),(516,18),(525,18),(529,18),(531,18),(539,18),(540,18),(541,18),(558,18),(566,18),(569,18),(571,18),(577,18),(584,18),(593,18),(594,18),(599,18),(600,18),(614,18),(628,18),(645,18),(650,18),(651,18),(653,18),(658,18),(663,18),(673,18),(682,18),(683,18),(690,18),(692,18),(700,18),(708,18),(709,18),(712,18),(714,18),(719,18),(723,18),(734,18),(744,18),(748,18),(754,18),(755,18),(758,18),(759,18),(761,18),(766,18),(767,18),(773,18),(775,18),(779,18),(785,18),(789,18),(791,18),(796,18),(799,18),(801,18),(804,18),(807,18),(811,18),(813,18),(816,18),(821,18),(824,18),(828,18),(832,18),(836,18),(837,18),(848,18),(852,18),(857,18),(860,18),(866,18),(867,18),(880,18),(884,18),(885,18),(892,18),(903,18),(913,18),(914,18),(916,18),(918,18),(921,18),(924,18),(926,18),(928,18),(940,18),(944,18),(946,18),(947,18),(949,18),(955,18),(956,18),(960,18),(965,18),(967,18),(969,18),(970,18),(973,18),(977,18),(983,18),(987,18),(988,18),(992,18),(993,18),(995,18),(4,19),(10,19),(15,19),(21,19),(29,19),(36,19),(45,19),(50,19),(58,19),(61,19),(62,19),(63,19),(71,19),(72,19),(73,19),(84,19),(86,19),(89,19),(92,19),(93,19),(94,19),(102,19),(109,19),(116,19),(120,19),(121,19),(140,19),(141,19),(148,19),(154,19),(156,19),(161,19),(163,19),(172,19),(184,19),(186,19),(190,19),(201,19),(204,19),(209,19),(215,19),(221,19),(224,19),(236,19),(246,19),(247,19),(260,19),(267,19),(281,19),(282,19),(294,19),(299,19),(302,19),(311,19),(313,19),(317,19),(328,19),(329,19),(333,19),(349,19),(355,19),(359,19),(379,19),(387,19),(399,19),(400,19),(406,19),(411,19),(412,19),(414,19),(418,19),(432,19),(433,19),(434,19),(439,19),(449,19),(459,19),(461,19),(463,19),(474,19),(476,19),(477,19),(484,19),(489,19),(491,19),(496,19),(498,19),(504,19),(511,19),(512,19),(525,19),(527,19),(528,19),(534,19),(535,19),(547,19),(548,19),(551,19),(557,19),(564,19),(565,19),(568,19),(575,19),(581,19),(587,19),(603,19),(610,19),(615,19),(619,19),(620,19),(627,19),(629,19),(641,19),(642,19),(643,19),(648,19),(661,19),(672,19),(675,19),(689,19),(698,19),(711,19),(714,19),(719,19),(721,19),(725,19),(729,19),(730,19),(734,19),(736,19),(739,19),(740,19),(741,19),(745,19),(755,19),(767,19),(774,19),(778,19),(781,19),(792,19),(798,19),(804,19),(809,19),(810,19),(812,19),(817,19),(821,19),(825,19),(831,19),(838,19),(840,19),(843,19),(845,19),(848,19),(850,19),(864,19),(870,19),(871,19),(874,19),(883,19),(893,19),(895,19),(908,19),(910,19),(913,19),(914,19),(925,19),(932,19),(938,19),(939,19),(941,19),(948,19),(961,19),(962,19),(963,19),(970,19),(979,19),(985,19),(992,19),(2,20),(5,20),(11,20),(12,20),(19,20),(21,20),(25,20),(26,20),(27,20),(32,20),(36,20),(37,20),(40,20),(46,20),(52,20),(59,20),(74,20),(78,20),(79,20),(83,20),(84,20),(95,20),(98,20),(103,20),(109,20),(115,20),(118,20),(130,20),(132,20),(133,20),(134,20),(135,20),(138,20),(146,20),(154,20),(158,20),(167,20),(169,20),(181,20),(187,20),(188,20),(192,20),(197,20),(203,20),(209,20),(210,20),(216,20),(218,20),(219,20),(233,20),(241,20),(242,20),(249,20),(251,20),(252,20),(255,20),(263,20),(270,20),(271,20),(276,20),(289,20),(292,20),(298,20),(307,20),(309,20),(313,20),(314,20),(315,20),(321,20),(325,20),(328,20),(329,20),(331,20),(335,20),(338,20),(350,20),(354,20),(360,20),(361,20),(365,20),(370,20),(371,20),(378,20),(379,20),(387,20),(391,20),(405,20),(407,20),(408,20),(411,20),(421,20),(425,20),(426,20),(435,20),(436,20),(437,20),(464,20),(478,20),(483,20),(484,20),(485,20),(487,20),(491,20),(495,20),(499,20),(506,20),(514,20),(520,20),(526,20),(532,20),(542,20),(560,20),(567,20),(572,20),(573,20),(575,20),(576,20),(581,20),(613,20),(615,20),(616,20),(618,20),(619,20),(626,20),(627,20),(631,20),(634,20),(635,20),(639,20),(649,20),(651,20),(663,20),(668,20),(670,20),(671,20),(674,20),(677,20),(690,20),(695,20),(698,20),(699,20),(715,20),(717,20),(727,20),(728,20),(730,20),(731,20),(734,20),(752,20),(756,20),(758,20),(768,20),(779,20),(783,20),(791,20),(792,20),(798,20),(799,20),(805,20),(816,20),(824,20),(832,20),(834,20),(836,20),(837,20),(850,20),(851,20),(852,20),(859,20),(861,20),(869,20),(870,20),(874,20),(875,20),(887,20),(890,20),(896,20),(897,20),(898,20),(900,20),(904,20),(910,20),(912,20),(915,20),(917,20),(919,20),(924,20),(926,20),(928,20),(934,20),(935,20),(936,20),(944,20),(948,20),(956,20),(961,20),(967,20),(968,20),(969,20),(977,20),(991,20),(998,20),(1000,20),(13,21),(17,21),(18,21),(21,21),(25,21),(26,21),(27,21),(28,21),(32,21),(44,21),(60,21),(65,21),(73,21),(77,21),(82,21),(83,21),(88,21),(96,21),(107,21),(112,21),(125,21),(131,21),(136,21),(139,21),(140,21),(152,21),(157,21),(172,21),(177,21),(182,21),(188,21),(191,21),(192,21),(198,21),(200,21),(203,21),(208,21),(210,21),(217,21),(218,21),(222,21),(229,21),(233,21),(239,21),(242,21),(244,21),(249,21),(256,21),(257,21),(260,21),(271,21),(274,21),(284,21),(285,21),(286,21),(293,21),(301,21),(302,21),(307,21),(308,21),(310,21),(311,21),(324,21),(329,21),(330,21),(336,21),(342,21),(343,21),(348,21),(353,21),(356,21),(362,21),(376,21),(378,21),(379,21),(383,21),(385,21),(396,21),(404,21),(413,21),(415,21),(421,21),(428,21),(430,21),(437,21),(438,21),(445,21),(448,21),(449,21),(451,21),(455,21),(462,21),(471,21),(472,21),(483,21),(490,21),(492,21),(497,21),(498,21),(502,21),(506,21),(509,21),(519,21),(521,21),(526,21),(528,21),(531,21),(541,21),(542,21),(544,21),(547,21),(550,21),(551,21),(552,21),(556,21),(559,21),(570,21),(571,21),(572,21),(574,21),(575,21),(580,21),(585,21),(586,21),(593,21),(598,21),(605,21),(611,21),(613,21),(619,21),(623,21),(624,21),(628,21),(631,21),(634,21),(645,21),(655,21),(656,21),(657,21),(659,21),(703,21),(704,21),(705,21),(713,21),(738,21),(745,21),(752,21),(753,21),(758,21),(760,21),(769,21),(777,21),(779,21),(784,21),(787,21),(799,21),(803,21),(807,21),(808,21),(812,21),(819,21),(820,21),(823,21),(828,21),(830,21),(833,21),(841,21),(848,21),(851,21),(852,21),(853,21),(854,21),(868,21),(871,21),(873,21),(919,21),(941,21),(947,21),(957,21),(960,21),(968,21),(973,21),(985,21),(990,21),(995,21),(2,22),(12,22),(29,22),(32,22),(34,22),(39,22),(48,22),(52,22),(62,22),(65,22),(67,22),(75,22),(81,22),(94,22),(96,22),(101,22),(105,22),(111,22),(128,22),(129,22),(130,22),(136,22),(139,22),(142,22),(145,22),(149,22),(151,22),(152,22),(153,22),(159,22),(165,22),(168,22),(170,22),(174,22),(176,22),(191,22),(204,22),(206,22),(207,22),(215,22),(216,22),(219,22),(222,22),(225,22),(234,22),(237,22),(239,22),(246,22),(248,22),(251,22),(252,22),(258,22),(260,22),(263,22),(264,22),(265,22),(268,22),(273,22),(280,22),(282,22),(293,22),(304,22),(305,22),(308,22),(309,22),(312,22),(316,22),(318,22),(322,22),(323,22),(324,22),(333,22),(340,22),(344,22),(345,22),(350,22),(358,22),(362,22),(370,22),(371,22),(380,22),(386,22),(389,22),(399,22),(408,22),(410,22),(418,22),(420,22),(422,22),(424,22),(426,22),(431,22),(450,22),(454,22),(455,22),(458,22),(463,22),(468,22),(473,22),(485,22),(493,22),(495,22),(499,22),(504,22),(510,22),(511,22),(517,22),(528,22),(534,22),(537,22),(539,22),(545,22),(558,22),(568,22),(570,22),(571,22),(582,22),(592,22),(599,22),(608,22),(614,22),(615,22),(616,22),(617,22),(618,22),(620,22),(625,22),(629,22),(635,22),(638,22),(641,22),(660,22),(669,22),(679,22),(681,22),(687,22),(698,22),(710,22),(719,22),(721,22),(724,22),(725,22),(727,22),(732,22),(735,22),(758,22),(767,22),(768,22),(784,22),(789,22),(799,22),(802,22),(806,22),(807,22),(809,22),(814,22),(815,22),(818,22),(828,22),(833,22),(837,22),(842,22),(852,22),(856,22),(861,22),(865,22),(884,22),(886,22),(888,22),(893,22),(896,22),(898,22),(902,22),(918,22),(922,22),(927,22),(931,22),(933,22),(934,22),(936,22),(946,22),(968,22),(972,22),(973,22),(975,22),(982,22),(983,22),(986,22),(1000,22),(12,23),(27,23),(29,23),(35,23),(37,23),(40,23),(43,23),(46,23),(56,23),(57,23),(80,23),(84,23),(85,23),(87,23),(88,23),(91,23),(107,23),(112,23),(126,23),(140,23),(145,23),(149,23),(156,23),(160,23),(161,23),(164,23),(165,23),(167,23),(168,23),(172,23),(175,23),(178,23),(179,23),(187,23),(189,23),(191,23),(194,23),(212,23),(215,23),(216,23),(219,23),(226,23),(233,23),(236,23),(242,23),(244,23),(245,23),(254,23),(257,23),(262,23),(273,23),(284,23),(291,23),(293,23),(296,23),(297,23),(307,23),(309,23),(311,23),(316,23),(324,23),(327,23),(329,23),(339,23),(344,23),(345,23),(349,23),(354,23),(358,23),(360,23),(364,23),(366,23),(378,23),(387,23),(394,23),(396,23),(404,23),(405,23),(410,23),(412,23),(414,23),(424,23),(432,23),(434,23),(436,23),(440,23),(448,23),(451,23),(456,23),(459,23),(460,23),(462,23),(469,23),(475,23),(482,23),(485,23),(498,23),(502,23),(508,23),(513,23),(516,23),(518,23),(528,23),(539,23),(553,23),(559,23),(580,23),(583,23),(594,23),(598,23),(603,23),(605,23),(610,23),(611,23),(614,23),(619,23),(622,23),(628,23),(630,23),(631,23),(634,23),(637,23),(660,23),(670,23),(671,23),(674,23),(675,23),(688,23),(690,23),(692,23),(694,23),(696,23),(698,23),(704,23),(707,23),(708,23),(710,23),(711,23),(717,23),(718,23),(723,23),(741,23),(742,23),(749,23),(751,23),(757,23),(760,23),(765,23),(767,23),(774,23),(777,23),(782,23),(785,23),(786,23),(794,23),(805,23),(809,23),(811,23),(819,23),(824,23),(830,23),(833,23),(842,23),(848,23),(853,23),(854,23),(857,23),(862,23),(878,23),(897,23),(898,23),(923,23),(925,23),(927,23),(928,23),(943,23),(953,23),(954,23),(964,23),(969,23),(973,23),(985,23),(990,23),(998,23),(4,24),(12,24),(14,24),(15,24),(25,24),(28,24),(41,24),(42,24),(48,24),(50,24),(51,24),(64,24),(66,24),(68,24),(77,24),(83,24),(90,24),(93,24),(98,24),(103,24),(112,24),(113,24),(114,24),(120,24),(121,24),(122,24),(123,24),(126,24),(128,24),(129,24),(133,24),(136,24),(147,24),(148,24),(150,24),(155,24),(158,24),(167,24),(170,24),(176,24),(177,24),(179,24),(183,24),(185,24),(186,24),(188,24),(197,24),(205,24),(213,24),(218,24),(222,24),(224,24),(225,24),(229,24),(234,24),(240,24),(241,24),(243,24),(251,24),(252,24),(254,24),(257,24),(260,24),(268,24),(269,24),(275,24),(276,24),(277,24),(294,24),(296,24),(299,24),(308,24),(312,24),(316,24),(323,24),(329,24),(338,24),(341,24),(342,24),(345,24),(346,24),(352,24),(353,24),(355,24),(361,24),(367,24),(368,24),(381,24),(383,24),(387,24),(391,24),(396,24),(398,24),(402,24),(410,24),(414,24),(418,24),(424,24),(432,24),(433,24),(436,24),(439,24),(441,24),(453,24),(467,24),(478,24),(481,24),(489,24),(490,24),(504,24),(506,24),(509,24),(515,24),(519,24),(529,24),(534,24),(535,24),(541,24),(551,24),(554,24),(555,24),(559,24),(572,24),(575,24),(579,24),(580,24),(595,24),(598,24),(608,24),(609,24),(610,24),(624,24),(629,24),(631,24),(635,24),(639,24),(643,24),(649,24),(653,24),(664,24),(665,24),(667,24),(674,24),(683,24),(689,24),(690,24),(701,24),(709,24),(710,24),(711,24),(712,24),(715,24),(716,24),(721,24),(724,24),(729,24),(733,24),(734,24),(743,24),(755,24),(757,24),(759,24),(762,24),(765,24),(766,24),(771,24),(772,24),(775,24),(789,24),(797,24),(799,24),(803,24),(804,24),(806,24),(809,24),(813,24),(818,24),(824,24),(830,24),(836,24),(837,24),(840,24),(853,24),(857,24),(874,24),(886,24),(897,24),(901,24),(906,24),(908,24),(923,24),(930,24),(931,24),(944,24),(951,24),(952,24),(954,24),(956,24),(973,24),(978,24),(987,24),(991,24),(16,25),(22,25),(26,25),(37,25),(40,25),(63,25),(65,25),(79,25),(88,25),(90,25),(98,25),(101,25),(105,25),(107,25),(108,25),(112,25),(113,25),(118,25),(122,25),(124,25),(125,25),(127,25),(133,25),(142,25),(145,25),(146,25),(148,25),(156,25),(158,25),(168,25),(171,25),(174,25),(176,25),(178,25),(181,25),(187,25),(191,25),(201,25),(213,25),(220,25),(224,25),(237,25),(243,25),(249,25),(256,25),(263,25),(271,25),(273,25),(275,25),(281,25),(294,25),(297,25),(302,25),(304,25),(317,25),(326,25),(331,25),(344,25),(347,25),(356,25),(357,25),(359,25),(368,25),(372,25),(377,25),(388,25),(389,25),(397,25),(398,25),(399,25),(401,25),(403,25),(404,25),(409,25),(410,25),(421,25),(431,25),(432,25),(438,25),(440,25),(448,25),(452,25),(459,25),(461,25),(463,25),(465,25),(466,25),(470,25),(472,25),(473,25),(474,25),(475,25),(479,25),(487,25),(491,25),(492,25),(503,25),(505,25),(508,25),(509,25),(513,25),(515,25),(517,25),(522,25),(525,25),(554,25),(560,25),(564,25),(571,25),(573,25),(576,25),(577,25),(579,25),(580,25),(584,25),(585,25),(589,25),(592,25),(595,25),(601,25),(602,25),(612,25),(613,25),(616,25),(619,25),(620,25),(623,25),(637,25),(641,25),(653,25),(655,25),(659,25),(662,25),(674,25),(677,25),(679,25),(680,25),(689,25),(695,25),(696,25),(700,25),(705,25),(711,25),(712,25),(718,25),(721,25),(722,25),(723,25),(725,25),(726,25),(728,25),(736,25),(742,25),(751,25),(752,25),(755,25),(758,25),(765,25),(775,25),(777,25),(778,25),(782,25),(789,25),(791,25),(794,25),(803,25),(805,25),(806,25),(807,25),(811,25),(812,25),(813,25),(816,25),(818,25),(819,25),(820,25),(822,25),(824,25),(831,25),(832,25),(836,25),(843,25),(845,25),(847,25),(850,25),(853,25),(856,25),(860,25),(863,25),(875,25),(891,25),(904,25),(909,25),(914,25),(915,25),(925,25),(927,25),(928,25),(932,25),(938,25),(941,25),(951,25),(963,25),(977,25),(988,25),(993,25),(995,25),(998,25),(12,26),(17,26),(21,26),(25,26),(26,26),(31,26),(34,26),(39,26),(44,26),(57,26),(58,26),(59,26),(62,26),(64,26),(68,26),(76,26),(89,26),(93,26),(94,26),(100,26),(103,26),(104,26),(106,26),(119,26),(127,26),(137,26),(138,26),(141,26),(146,26),(149,26),(152,26),(154,26),(155,26),(162,26),(168,26),(169,26),(180,26),(181,26),(184,26),(186,26),(189,26),(191,26),(193,26),(198,26),(209,26),(210,26),(215,26),(219,26),(221,26),(222,26),(231,26),(232,26),(233,26),(239,26),(245,26),(250,26),(251,26),(252,26),(255,26),(261,26),(262,26),(265,26),(271,26),(275,26),(278,26),(282,26),(287,26),(299,26),(300,26),(301,26),(304,26),(313,26),(315,26),(329,26),(333,26),(334,26),(340,26),(346,26),(350,26),(357,26),(358,26),(372,26),(383,26),(385,26),(386,26),(397,26),(424,26),(426,26),(428,26),(449,26),(450,26),(454,26),(457,26),(461,26),(467,26),(470,26),(471,26),(472,26),(473,26),(478,26),(479,26),(483,26),(485,26),(495,26),(496,26),(501,26),(515,26),(516,26),(520,26),(521,26),(545,26),(546,26),(548,26),(553,26),(554,26),(565,26),(577,26),(578,26),(582,26),(583,26),(588,26),(592,26),(598,26),(600,26),(604,26),(611,26),(629,26),(643,26),(647,26),(648,26),(649,26),(653,26),(660,26),(675,26),(694,26),(696,26),(704,26),(705,26),(712,26),(714,26),(730,26),(738,26),(750,26),(752,26),(757,26),(770,26),(774,26),(778,26),(779,26),(781,26),(792,26),(801,26),(805,26),(815,26),(829,26),(832,26),(836,26),(837,26),(839,26),(847,26),(849,26),(853,26),(856,26),(860,26),(873,26),(876,26),(880,26),(894,26),(909,26),(912,26),(919,26),(924,26),(926,26),(934,26),(935,26),(936,26),(940,26),(944,26),(950,26),(968,26),(973,26),(975,26),(978,26),(982,26),(985,26),(998,26),(1,27),(5,27),(7,27),(14,27),(16,27),(17,27),(18,27),(22,27),(23,27),(41,27),(44,27),(56,27),(62,27),(81,27),(91,27),(93,27),(103,27),(118,27),(122,27),(123,27),(137,27),(141,27),(165,27),(167,27),(180,27),(183,27),(192,27),(194,27),(195,27),(196,27),(202,27),(213,27),(218,27),(219,27),(235,27),(237,27),(252,27),(253,27),(256,27),(258,27),(264,27),(271,27),(280,27),(281,27),(283,27),(285,27),(300,27),(302,27),(303,27),(305,27),(309,27),(317,27),(325,27),(331,27),(333,27),(335,27),(336,27),(338,27),(346,27),(355,27),(364,27),(366,27),(369,27),(377,27),(380,27),(382,27),(385,27),(386,27),(387,27),(389,27),(392,27),(400,27),(402,27),(407,27),(410,27),(416,27),(426,27),(429,27),(431,27),(432,27),(443,27),(451,27),(455,27),(461,27),(470,27),(476,27),(480,27),(484,27),(486,27),(487,27),(490,27),(496,27),(497,27),(505,27),(508,27),(509,27),(511,27),(514,27),(516,27),(521,27),(525,27),(526,27),(537,27),(552,27),(564,27),(565,27),(583,27),(587,27),(588,27),(596,27),(620,27),(623,27),(625,27),(627,27),(628,27),(636,27),(641,27),(646,27),(647,27),(648,27),(656,27),(658,27),(660,27),(663,27),(667,27),(677,27),(682,27),(683,27),(685,27),(686,27),(691,27),(693,27),(696,27),(704,27),(705,27),(711,27),(714,27),(717,27),(718,27),(728,27),(729,27),(733,27),(736,27),(743,27),(746,27),(747,27),(751,27),(754,27),(755,27),(757,27),(761,27),(766,27),(771,27),(773,27),(774,27),(778,27),(785,27),(788,27),(794,27),(798,27),(806,27),(811,27),(815,27),(819,27),(822,27),(823,27),(827,27),(830,27),(831,27),(835,27),(839,27),(845,27),(848,27),(851,27),(853,27),(857,27),(859,27),(862,27),(887,27),(889,27),(890,27),(892,27),(907,27),(911,27),(920,27),(921,27),(923,27),(925,27),(933,27),(938,27),(939,27),(956,27),(972,27),(973,27),(977,27),(978,27),(985,27),(990,27),(993,27),(998,27),(1000,27),(5,28),(7,28),(15,28),(20,28),(26,28),(33,28),(35,28),(44,28),(45,28),(50,28),(51,28),(53,28),(57,28),(69,28),(82,28),(84,28),(92,28),(94,28),(101,28),(104,28),(105,28),(106,28),(120,28),(125,28),(140,28),(141,28),(145,28),(157,28),(165,28),(168,28),(182,28),(183,28),(190,28),(195,28),(199,28),(204,28),(219,28),(222,28),(228,28),(232,28),(233,28),(236,28),(239,28),(241,28),(242,28),(243,28),(255,28),(256,28),(261,28),(262,28),(264,28),(272,28),(273,28),(282,28),(287,28),(291,28),(293,28),(294,28),(298,28),(301,28),(302,28),(306,28),(310,28),(313,28),(323,28),(328,28),(339,28),(344,28),(348,28),(351,28),(352,28),(358,28),(360,28),(370,28),(371,28),(378,28),(381,28),(385,28),(387,28),(388,28),(394,28),(402,28),(410,28),(412,28),(415,28),(419,28),(421,28),(423,28),(424,28),(432,28),(433,28),(438,28),(442,28),(451,28),(457,28),(473,28),(474,28),(482,28),(486,28),(494,28),(499,28),(501,28),(503,28),(504,28),(506,28),(508,28),(519,28),(523,28),(534,28),(539,28),(543,28),(551,28),(552,28),(565,28),(567,28),(570,28),(572,28),(581,28),(585,28),(588,28),(591,28),(593,28),(609,28),(612,28),(623,28),(628,28),(629,28),(631,28),(632,28),(646,28),(651,28),(653,28),(654,28),(662,28),(669,28),(671,28),(682,28),(686,28),(688,28),(689,28),(690,28),(693,28),(694,28),(698,28),(699,28),(708,28),(709,28),(725,28),(730,28),(732,28),(734,28),(738,28),(743,28),(745,28),(746,28),(748,28),(750,28),(756,28),(759,28),(763,28),(766,28),(770,28),(774,28),(785,28),(790,28),(800,28),(801,28),(802,28),(803,28),(804,28),(806,28),(808,28),(810,28),(811,28),(816,28),(823,28),(827,28),(836,28),(838,28),(842,28),(851,28),(862,28),(863,28),(868,28),(869,28),(871,28),(877,28),(878,28),(881,28),(882,28),(886,28),(887,28),(888,28),(891,28),(892,28),(899,28),(901,28),(902,28),(904,28),(909,28),(911,28),(919,28),(921,28),(925,28),(929,28),(930,28),(935,28),(937,28),(955,28),(967,28),(979,28),(984,28),(985,28),(987,28),(988,28),(990,28),(992,28),(994,28),(995,28),(996,28),(997,28),(3,29),(6,29),(9,29),(27,29),(34,29),(47,29),(54,29),(58,29),(60,29),(63,29),(67,29),(77,29),(86,29),(91,29),(92,29),(99,29),(113,29),(119,29),(127,29),(133,29),(136,29),(141,29),(151,29),(153,29),(162,29),(164,29),(171,29),(182,29),(185,29),(186,29),(189,29),(211,29),(212,29),(218,29),(237,29),(238,29),(239,29),(244,29),(248,29),(256,29),(263,29),(271,29),(273,29),(276,29),(282,29),(293,29),(308,29),(309,29),(311,29),(314,29),(319,29),(323,29),(332,29),(333,29),(336,29),(337,29),(343,29),(345,29),(371,29),(373,29),(378,29),(381,29),(396,29),(406,29),(408,29),(409,29),(420,29),(421,29),(422,29),(425,29),(435,29),(436,29),(438,29),(439,29),(449,29),(450,29),(466,29),(469,29),(471,29),(473,29),(474,29),(475,29),(478,29),(480,29),(481,29),(482,29),(483,29),(485,29),(490,29),(506,29),(507,29),(509,29),(516,29),(517,29),(519,29),(521,29),(527,29),(533,29),(534,29),(543,29),(544,29),(547,29),(563,29),(564,29),(567,29),(583,29),(589,29),(591,29),(593,29),(597,29),(602,29),(607,29),(626,29),(629,29),(637,29),(645,29),(649,29),(660,29),(661,29),(663,29),(666,29),(669,29),(670,29),(677,29),(678,29),(682,29),(686,29),(688,29),(701,29),(707,29),(712,29),(715,29),(730,29),(732,29),(735,29),(746,29),(747,29),(748,29),(750,29),(753,29),(758,29),(779,29),(781,29),(786,29),(791,29),(797,29),(802,29),(809,29),(811,29),(813,29),(815,29),(818,29),(820,29),(822,29),(827,29),(837,29),(839,29),(842,29),(844,29),(850,29),(852,29),(862,29),(864,29),(869,29),(876,29),(882,29),(884,29),(888,29),(897,29),(899,29),(915,29),(916,29),(919,29),(924,29),(926,29),(928,29),(930,29),(932,29),(938,29),(940,29),(946,29),(953,29),(962,29),(963,29),(975,29),(983,29),(986,29),(989,29),(994,29),(995,29),(997,29),(999,29),(1000,29),(1,30),(11,30),(15,30),(17,30),(22,30),(24,30),(48,30),(50,30),(52,30),(56,30),(75,30),(86,30),(95,30),(110,30),(115,30),(124,30),(129,30),(135,30),(138,30),(139,30),(141,30),(145,30),(151,30),(152,30),(158,30),(161,30),(162,30),(164,30),(171,30),(178,30),(182,30),(183,30),(189,30),(190,30),(191,30),(204,30),(216,30),(225,30),(229,30),(230,30),(233,30),(242,30),(245,30),(250,30),(253,30),(255,30),(259,30),(263,30),(268,30),(272,30),(278,30),(288,30),(298,30),(304,30),(305,30),(307,30),(317,30),(323,30),(344,30),(351,30),(357,30),(361,30),(365,30),(367,30),(386,30),(392,30),(399,30),(406,30),(410,30),(411,30),(414,30),(423,30),(424,30),(427,30),(436,30),(438,30),(442,30),(444,30),(452,30),(463,30),(465,30),(467,30),(479,30),(485,30),(491,30),(494,30),(496,30),(498,30),(511,30),(514,30),(523,30),(529,30),(539,30),(546,30),(553,30),(554,30),(557,30),(565,30),(571,30),(572,30),(577,30),(580,30),(581,30),(591,30),(593,30),(598,30),(599,30),(600,30),(602,30),(603,30),(622,30),(623,30),(624,30),(625,30),(628,30),(634,30),(636,30),(643,30),(644,30),(667,30),(670,30),(685,30),(690,30),(692,30),(693,30),(713,30),(715,30),(722,30),(727,30),(733,30),(735,30),(740,30),(748,30),(751,30),(754,30),(769,30),(770,30),(772,30),(781,30),(782,30),(788,30),(793,30),(794,30),(799,30),(805,30),(806,30),(807,30),(816,30),(826,30),(848,30),(849,30),(857,30),(862,30),(865,30),(876,30),(877,30),(878,30),(889,30),(891,30),(893,30),(907,30),(911,30),(914,30),(920,30),(921,30),(930,30),(931,30),(935,30),(938,30),(942,30),(946,30),(955,30),(957,30),(958,30),(960,30),(966,30),(967,30),(975,30),(976,30),(977,30),(997,30),(999,30),(7,31),(21,31),(22,31),(25,31),(35,31),(41,31),(47,31),(55,31),(57,31),(77,31),(89,31),(93,31),(102,31),(103,31),(106,31),(115,31),(119,31),(120,31),(129,31),(134,31),(136,31),(145,31),(152,31),(176,31),(178,31),(184,31),(189,31),(193,31),(198,31),(201,31),(202,31),(204,31),(206,31),(208,31),(213,31),(216,31),(224,31),(230,31),(232,31),(242,31),(250,31),(253,31),(256,31),(263,31),(269,31),(283,31),(286,31),(290,31),(294,31),(297,31),(303,31),(308,31),(315,31),(323,31),(327,31),(336,31),(340,31),(347,31),(348,31),(351,31),(355,31),(360,31),(362,31),(369,31),(374,31),(381,31),(386,31),(392,31),(404,31),(408,31),(419,31),(421,31),(422,31),(424,31),(428,31),(429,31),(443,31),(445,31),(448,31),(451,31),(453,31),(455,31),(461,31),(463,31),(465,31),(467,31),(475,31),(476,31),(485,31),(488,31),(491,31),(496,31),(498,31),(501,31),(502,31),(511,31),(514,31),(517,31),(523,31),(528,31),(529,31),(534,31),(545,31),(546,31),(552,31),(555,31),(560,31),(571,31),(572,31),(578,31),(579,31),(588,31),(590,31),(600,31),(609,31),(610,31),(611,31),(615,31),(620,31),(621,31),(623,31),(633,31),(636,31),(643,31),(647,31),(655,31),(657,31),(658,31),(663,31),(674,31),(675,31),(676,31),(679,31),(680,31),(681,31),(688,31),(689,31),(691,31),(702,31),(710,31),(715,31),(720,31),(725,31),(726,31),(737,31),(740,31),(750,31),(756,31),(758,31),(759,31),(766,31),(768,31),(774,31),(775,31),(779,31),(793,31),(806,31),(819,31),(823,31),(829,31),(834,31),(853,31),(854,31),(855,31),(862,31),(865,31),(868,31),(900,31),(907,31),(916,31),(919,31),(926,31),(928,31),(932,31),(943,31),(944,31),(947,31),(951,31),(953,31),(954,31),(956,31),(968,31),(972,31),(978,31),(983,31),(990,31),(993,31),(994,31),(996,31),(1,32),(3,32),(9,32),(11,32),(16,32),(17,32),(21,32),(22,32),(23,32),(26,32),(30,32),(31,32),(38,32),(43,32),(45,32),(63,32),(72,32),(86,32),(88,32),(104,32),(111,32),(124,32),(132,32),(138,32),(141,32),(144,32),(153,32),(154,32),(156,32),(166,32),(169,32),(186,32),(211,32),(220,32),(222,32),(228,32),(235,32),(240,32),(241,32),(258,32),(277,32),(282,32),(293,32),(295,32),(300,32),(302,32),(303,32),(310,32),(312,32),(316,32),(317,32),(318,32),(320,32),(329,32),(330,32),(337,32),(339,32),(348,32),(351,32),(367,32),(368,32),(371,32),(374,32),(376,32),(378,32),(380,32),(381,32),(384,32),(385,32),(388,32),(390,32),(396,32),(407,32),(411,32),(418,32),(420,32),(423,32),(430,32),(435,32),(443,32),(448,32),(464,32),(472,32),(473,32),(477,32),(479,32),(481,32),(483,32),(489,32),(493,32),(497,32),(503,32),(505,32),(507,32),(508,32),(512,32),(513,32),(517,32),(520,32),(526,32),(528,32),(530,32),(543,32),(546,32),(549,32),(551,32),(562,32),(565,32),(574,32),(575,32),(581,32),(590,32),(600,32),(604,32),(605,32),(611,32),(617,32),(620,32),(626,32),(628,32),(632,32),(638,32),(651,32),(660,32),(665,32),(667,32),(668,32),(687,32),(701,32),(711,32),(719,32),(722,32),(729,32),(735,32),(740,32),(750,32),(752,32),(753,32),(755,32),(760,32),(763,32),(764,32),(777,32),(782,32),(785,32),(789,32),(792,32),(797,32),(798,32),(816,32),(818,32),(825,32),(829,32),(833,32),(838,32),(839,32),(855,32),(859,32),(860,32),(861,32),(863,32),(868,32),(872,32),(877,32),(879,32),(883,32),(884,32),(885,32),(886,32),(891,32),(894,32),(905,32),(909,32),(916,32),(933,32),(935,32),(936,32),(938,32),(940,32),(947,32),(950,32),(952,32),(956,32),(960,32),(961,32),(962,32),(963,32),(968,32),(971,32),(974,32),(978,32),(979,32),(982,32),(985,32),(987,32),(995,32),(996,32),(7,33),(10,33),(17,33),(28,33),(39,33),(52,33),(55,33),(58,33),(62,33),(64,33),(65,33),(75,33),(76,33),(83,33),(85,33),(88,33),(89,33),(97,33),(106,33),(109,33),(116,33),(122,33),(129,33),(134,33),(135,33),(149,33),(150,33),(161,33),(165,33),(170,33),(173,33),(184,33),(186,33),(189,33),(199,33),(207,33),(212,33),(213,33),(215,33),(217,33),(224,33),(229,33),(248,33),(259,33),(268,33),(278,33),(279,33),(284,33),(285,33),(287,33),(293,33),(299,33),(300,33),(306,33),(307,33),(308,33),(313,33),(314,33),(315,33),(333,33),(335,33),(338,33),(340,33),(344,33),(347,33),(352,33),(354,33),(359,33),(360,33),(361,33),(366,33),(369,33),(376,33),(386,33),(399,33),(403,33),(415,33),(417,33),(421,33),(438,33),(456,33),(460,33),(465,33),(482,33),(483,33),(492,33),(502,33),(504,33),(506,33),(508,33),(519,33),(526,33),(529,33),(538,33),(540,33),(562,33),(576,33),(584,33),(605,33),(607,33),(610,33),(612,33),(618,33),(625,33),(627,33),(641,33),(645,33),(653,33),(665,33),(666,33),(668,33),(670,33),(673,33),(674,33),(683,33),(689,33),(702,33),(704,33),(715,33),(717,33),(719,33),(720,33),(730,33),(731,33),(732,33),(743,33),(744,33),(750,33),(772,33),(776,33),(777,33),(784,33),(786,33),(787,33),(793,33),(805,33),(809,33),(813,33),(817,33),(824,33),(828,33),(833,33),(839,33),(841,33),(848,33),(850,33),(851,33),(857,33),(873,33),(878,33),(885,33),(891,33),(902,33),(907,33),(909,33),(910,33),(912,33),(928,33),(932,33),(933,33),(939,33),(941,33),(946,33),(951,33),(957,33),(960,33),(965,33),(968,33),(981,33),(983,33),(4,34),(10,34),(11,34),(12,34),(13,34),(14,34),(15,34),(21,34),(23,34),(25,34),(31,34),(32,34),(33,34),(35,34),(36,34),(38,34),(39,34),(40,34),(47,34),(49,34),(59,34),(60,34),(61,34),(66,34),(70,34),(71,34),(78,34),(81,34),(95,34),(96,34),(106,34),(112,34),(122,34),(128,34),(135,34),(136,34),(139,34),(144,34),(150,34),(154,34),(157,34),(159,34),(160,34),(166,34),(168,34),(172,34),(191,34),(193,34),(197,34),(200,34),(216,34),(217,34),(228,34),(229,34),(246,34),(253,34),(259,34),(260,34),(262,34),(266,34),(268,34),(272,34),(289,34),(296,34),(305,34),(319,34),(323,34),(325,34),(326,34),(333,34),(334,34),(338,34),(351,34),(355,34),(362,34),(363,34),(364,34),(367,34),(372,34),(373,34),(380,34),(392,34),(399,34),(401,34),(404,34),(406,34),(412,34),(423,34),(428,34),(430,34),(432,34),(437,34),(439,34),(441,34),(442,34),(443,34),(447,34),(448,34),(454,34),(461,34),(463,34),(465,34),(477,34),(485,34),(499,34),(503,34),(506,34),(515,34),(516,34),(554,34),(558,34),(563,34),(564,34),(567,34),(568,34),(573,34),(577,34),(578,34),(580,34),(584,34),(589,34),(590,34),(593,34),(598,34),(602,34),(606,34),(608,34),(612,34),(617,34),(620,34),(626,34),(630,34),(639,34),(643,34),(648,34),(655,34),(664,34),(677,34),(678,34),(679,34),(692,34),(696,34),(708,34),(713,34),(715,34),(718,34),(719,34),(722,34),(729,34),(732,34),(733,34),(735,34),(742,34),(759,34),(770,34),(780,34),(783,34),(787,34),(788,34),(790,34),(791,34),(795,34),(803,34),(814,34),(819,34),(833,34),(836,34),(837,34),(843,34),(847,34),(854,34),(858,34),(863,34),(882,34),(883,34),(884,34),(886,34),(887,34),(891,34),(898,34),(900,34),(903,34),(919,34),(925,34),(928,34),(929,34),(931,34),(938,34),(939,34),(941,34),(942,34),(943,34),(944,34),(948,34),(950,34),(955,34),(957,34),(967,34),(974,34),(981,34),(984,34),(10,35),(13,35),(15,35),(18,35),(21,35),(27,35),(29,35),(34,35),(46,35),(54,35),(56,35),(59,35),(67,35),(69,35),(73,35),(76,35),(80,35),(88,35),(96,35),(101,35),(103,35),(104,35),(111,35),(113,35),(117,35),(120,35),(125,35),(127,35),(131,35),(134,35),(135,35),(155,35),(161,35),(169,35),(172,35),(177,35),(178,35),(186,35),(189,35),(190,35),(194,35),(197,35),(209,35),(212,35),(223,35),(226,35),(232,35),(233,35),(235,35),(237,35),(242,35),(246,35),(253,35),(254,35),(264,35),(270,35),(289,35),(292,35),(294,35),(296,35),(299,35),(302,35),(307,35),(316,35),(317,35),(320,35),(321,35),(323,35),(325,35),(326,35),(330,35),(333,35),(337,35),(346,35),(358,35),(360,35),(364,35),(366,35),(376,35),(378,35),(379,35),(390,35),(396,35),(398,35),(402,35),(405,35),(416,35),(419,35),(422,35),(423,35),(425,35),(428,35),(460,35),(463,35),(466,35),(469,35),(470,35),(471,35),(472,35),(498,35),(501,35),(503,35),(504,35),(507,35),(509,35),(519,35),(532,35),(536,35),(540,35),(541,35),(542,35),(545,35),(547,35),(549,35),(550,35),(554,35),(559,35),(565,35),(568,35),(571,35),(573,35),(576,35),(585,35),(586,35),(590,35),(602,35),(604,35),(615,35),(617,35),(634,35),(640,35),(645,35),(673,35),(680,35),(681,35),(685,35),(686,35),(689,35),(692,35),(695,35),(696,35),(700,35),(709,35),(712,35),(714,35),(716,35),(718,35),(722,35),(726,35),(727,35),(728,35),(730,35),(731,35),(742,35),(745,35),(747,35),(757,35),(768,35),(788,35),(797,35),(809,35),(817,35),(821,35),(823,35),(827,35),(829,35),(830,35),(833,35),(834,35),(842,35),(858,35),(868,35),(869,35),(875,35),(879,35),(899,35),(901,35),(911,35),(912,35),(913,35),(919,35),(921,35),(929,35),(930,35),(935,35),(936,35),(937,35),(943,35),(945,35),(946,35),(954,35),(958,35),(961,35),(966,35),(968,35),(970,35),(971,35),(982,35),(990,35),(994,35),(1,36),(7,36),(13,36),(14,36),(15,36),(19,36),(20,36),(23,36),(24,36),(30,36),(31,36),(33,36),(44,36),(50,36),(52,36),(53,36),(58,36),(66,36),(67,36),(71,36),(81,36),(83,36),(86,36),(89,36),(92,36),(99,36),(100,36),(102,36),(103,36),(104,36),(110,36),(115,36),(117,36),(119,36),(121,36),(127,36),(131,36),(146,36),(147,36),(150,36),(151,36),(161,36),(164,36),(165,36),(181,36),(189,36),(191,36),(193,36),(194,36),(198,36),(201,36),(222,36),(240,36),(245,36),(246,36),(249,36),(252,36),(257,36),(258,36),(260,36),(271,36),(287,36),(290,36),(292,36),(298,36),(299,36),(304,36),(307,36),(314,36),(322,36),(327,36),(337,36),(344,36),(348,36),(349,36),(357,36),(358,36),(373,36),(382,36),(385,36),(387,36),(390,36),(391,36),(398,36),(404,36),(405,36),(408,36),(412,36),(414,36),(419,36),(421,36),(422,36),(424,36),(425,36),(426,36),(433,36),(444,36),(450,36),(459,36),(461,36),(463,36),(486,36),(500,36),(501,36),(503,36),(504,36),(508,36),(509,36),(510,36),(517,36),(526,36),(530,36),(533,36),(536,36),(537,36),(568,36),(574,36),(577,36),(579,36),(591,36),(596,36),(602,36),(608,36),(612,36),(618,36),(633,36),(636,36),(641,36),(647,36),(673,36),(681,36),(688,36),(698,36),(709,36),(712,36),(716,36),(718,36),(719,36),(720,36),(722,36),(727,36),(735,36),(737,36),(747,36),(751,36),(761,36),(763,36),(766,36),(767,36),(773,36),(787,36),(789,36),(791,36),(792,36),(799,36),(802,36),(804,36),(806,36),(813,36),(817,36),(826,36),(827,36),(841,36),(842,36),(844,36),(849,36),(852,36),(857,36),(867,36),(873,36),(874,36),(879,36),(881,36),(887,36),(888,36),(896,36),(900,36),(902,36),(907,36),(909,36),(915,36),(920,36),(929,36),(930,36),(935,36),(942,36),(944,36),(953,36),(955,36),(957,36),(962,36),(986,36),(987,36),(989,36),(991,36),(995,36),(996,36),(997,36),(1,37),(5,37),(8,37),(12,37),(14,37),(16,37),(20,37),(24,37),(25,37),(29,37),(30,37),(39,37),(44,37),(46,37),(51,37),(55,37),(59,37),(62,37),(74,37),(94,37),(98,37),(102,37),(104,37),(108,37),(110,37),(111,37),(119,37),(127,37),(129,37),(133,37),(145,37),(148,37),(149,37),(154,37),(160,37),(161,37),(162,37),(170,37),(177,37),(181,37),(183,37),(186,37),(196,37),(202,37),(205,37),(212,37),(215,37),(221,37),(222,37),(227,37),(233,37),(242,37),(248,37),(250,37),(259,37),(268,37),(272,37),(274,37),(279,37),(282,37),(283,37),(292,37),(293,37),(296,37),(297,37),(299,37),(300,37),(301,37),(302,37),(303,37),(309,37),(318,37),(319,37),(324,37),(326,37),(331,37),(339,37),(341,37),(343,37),(346,37),(356,37),(357,37),(362,37),(364,37),(365,37),(374,37),(384,37),(391,37),(401,37),(403,37),(405,37),(409,37),(419,37),(420,37),(422,37),(424,37),(431,37),(432,37),(438,37),(441,37),(447,37),(449,37),(450,37),(451,37),(462,37),(464,37),(468,37),(482,37),(485,37),(486,37),(494,37),(498,37),(502,37),(505,37),(509,37),(517,37),(520,37),(524,37),(525,37),(528,37),(534,37),(542,37),(544,37),(546,37),(552,37),(553,37),(563,37),(564,37),(570,37),(571,37),(572,37),(576,37),(577,37),(586,37),(595,37),(597,37),(599,37),(603,37),(605,37),(608,37),(615,37),(618,37),(622,37),(629,37),(644,37),(645,37),(648,37),(650,37),(652,37),(659,37),(660,37),(661,37),(665,37),(667,37),(670,37),(676,37),(682,37),(689,37),(696,37),(700,37),(703,37),(706,37),(708,37),(709,37),(711,37),(713,37),(714,37),(719,37),(722,37),(725,37),(734,37),(750,37),(759,37),(760,37),(774,37),(777,37),(778,37),(782,37),(790,37),(791,37),(794,37),(796,37),(803,37),(806,37),(811,37),(819,37),(823,37),(829,37),(849,37),(852,37),(869,37),(878,37),(879,37),(900,37),(901,37),(908,37),(928,37),(935,37),(936,37),(942,37),(949,37),(953,37),(957,37),(960,37),(963,37),(966,37),(984,37),(990,37),(994,37),(2,38),(8,38),(17,38),(18,38),(33,38),(39,38),(44,38),(47,38),(49,38),(52,38),(65,38),(67,38),(77,38),(80,38),(97,38),(104,38),(111,38),(113,38),(116,38),(142,38),(144,38),(146,38),(150,38),(161,38),(168,38),(172,38),(174,38),(179,38),(182,38),(194,38),(201,38),(203,38),(204,38),(206,38),(211,38),(216,38),(241,38),(243,38),(245,38),(248,38),(250,38),(253,38),(255,38),(257,38),(261,38),(263,38),(265,38),(268,38),(269,38),(274,38),(281,38),(289,38),(291,38),(296,38),(298,38),(300,38),(305,38),(306,38),(307,38),(308,38),(311,38),(313,38),(316,38),(320,38),(321,38),(330,38),(331,38),(334,38),(336,38),(340,38),(342,38),(343,38),(344,38),(348,38),(352,38),(368,38),(370,38),(371,38),(386,38),(390,38),(395,38),(397,38),(402,38),(403,38),(405,38),(421,38),(424,38),(430,38),(444,38),(447,38),(448,38),(451,38),(454,38),(455,38),(464,38),(465,38),(469,38),(472,38),(498,38),(502,38),(504,38),(505,38),(519,38),(537,38),(544,38),(546,38),(551,38),(556,38),(560,38),(562,38),(565,38),(571,38),(575,38),(579,38),(580,38),(613,38),(616,38),(620,38),(625,38),(627,38),(643,38),(644,38),(653,38),(665,38),(674,38),(675,38),(679,38),(680,38),(695,38),(697,38),(699,38),(703,38),(713,38),(714,38),(721,38),(725,38),(728,38),(730,38),(731,38),(732,38),(745,38),(747,38),(756,38),(769,38),(771,38),(774,38),(775,38),(778,38),(783,38),(786,38),(797,38),(798,38),(800,38),(807,38),(820,38),(821,38),(824,38),(835,38),(840,38),(842,38),(861,38),(862,38),(864,38),(872,38),(874,38),(881,38),(889,38),(891,38),(908,38),(909,38),(917,38),(924,38),(925,38),(926,38),(930,38),(933,38),(934,38),(954,38),(960,38),(963,38),(967,38),(969,38),(978,38),(981,38),(984,38),(987,38),(991,38),(997,38),(1000,38),(2,39),(4,39),(8,39),(10,39),(21,39),(29,39),(38,39),(42,39),(59,39),(69,39),(72,39),(77,39),(89,39),(92,39),(93,39),(110,39),(111,39),(112,39),(117,39),(124,39),(129,39),(139,39),(146,39),(147,39),(150,39),(154,39),(157,39),(160,39),(163,39),(164,39),(166,39),(167,39),(168,39),(173,39),(175,39),(178,39),(179,39),(185,39),(190,39),(195,39),(200,39),(212,39),(214,39),(220,39),(221,39),(222,39),(226,39),(228,39),(236,39),(239,39),(245,39),(248,39),(250,39),(252,39),(258,39),(263,39),(265,39),(267,39),(270,39),(274,39),(283,39),(296,39),(299,39),(302,39),(304,39),(306,39),(330,39),(332,39),(335,39),(336,39),(338,39),(339,39),(346,39),(358,39),(381,39),(395,39),(400,39),(407,39),(413,39),(416,39),(419,39),(425,39),(426,39),(429,39),(435,39),(441,39),(449,39),(450,39),(477,39),(483,39),(491,39),(495,39),(508,39),(509,39),(512,39),(514,39),(516,39),(518,39),(523,39),(529,39),(533,39),(539,39),(543,39),(545,39),(552,39),(559,39),(561,39),(570,39),(579,39),(582,39),(587,39),(588,39),(597,39),(599,39),(604,39),(609,39),(612,39),(633,39),(637,39),(640,39),(650,39),(656,39),(657,39),(659,39),(660,39),(662,39),(664,39),(671,39),(676,39),(679,39),(687,39),(690,39),(693,39),(697,39),(706,39),(715,39),(730,39),(732,39),(735,39),(743,39),(746,39),(749,39),(757,39),(763,39),(766,39),(768,39),(781,39),(783,39),(784,39),(788,39),(799,39),(802,39),(806,39),(807,39),(808,39),(810,39),(811,39),(815,39),(817,39),(821,39),(827,39),(833,39),(843,39),(851,39),(853,39),(857,39),(868,39),(870,39),(872,39),(874,39),(878,39),(879,39),(884,39),(885,39),(898,39),(902,39),(911,39),(912,39),(917,39),(919,39),(932,39),(939,39),(946,39),(948,39),(951,39),(954,39),(955,39),(960,39),(961,39),(962,39),(965,39),(967,39),(973,39),(975,39),(977,39),(979,39),(985,39),(988,39),(993,39),(998,39),(10,40),(21,40),(22,40),(24,40),(27,40),(28,40),(30,40),(39,40),(43,40),(46,40),(52,40),(53,40),(54,40),(57,40),(64,40),(65,40),(66,40),(68,40),(74,40),(79,40),(82,40),(84,40),(85,40),(86,40),(89,40),(95,40),(98,40),(99,40),(104,40),(107,40),(109,40),(125,40),(129,40),(132,40),(140,40),(148,40),(155,40),(159,40),(161,40),(166,40),(171,40),(181,40),(183,40),(192,40),(195,40),(203,40),(205,40),(210,40),(214,40),(219,40),(220,40),(221,40),(223,40),(225,40),(229,40),(232,40),(239,40),(240,40),(252,40),(253,40),(265,40),(274,40),(287,40),(290,40),(293,40),(295,40),(298,40),(302,40),(309,40),(317,40),(321,40),(323,40),(326,40),(327,40),(331,40),(341,40),(342,40),(344,40),(347,40),(353,40),(355,40),(356,40),(358,40),(371,40),(372,40),(376,40),(383,40),(387,40),(394,40),(395,40),(398,40),(400,40),(404,40),(408,40),(410,40),(434,40),(435,40),(439,40),(440,40),(441,40),(458,40),(464,40),(465,40),(470,40),(471,40),(477,40),(480,40),(482,40),(485,40),(486,40),(498,40),(501,40),(509,40),(512,40),(515,40),(525,40),(526,40),(527,40),(541,40),(544,40),(547,40),(550,40),(552,40),(555,40),(557,40),(561,40),(580,40),(583,40),(585,40),(589,40),(590,40),(596,40),(597,40),(598,40),(600,40),(604,40),(619,40),(629,40),(637,40),(640,40),(645,40),(647,40),(648,40),(649,40),(651,40),(657,40),(658,40),(672,40),(683,40),(689,40),(694,40),(698,40),(717,40),(722,40),(723,40),(732,40),(737,40),(747,40),(748,40),(752,40),(757,40),(777,40),(780,40),(783,40),(786,40),(788,40),(795,40),(800,40),(804,40),(807,40),(816,40),(817,40),(831,40),(839,40),(846,40),(860,40),(861,40),(878,40),(881,40),(885,40),(889,40),(890,40),(908,40),(909,40),(914,40),(926,40),(935,40),(942,40),(944,40),(950,40),(951,40),(962,40),(963,40),(965,40),(990,40),(993,40),(994,40),(999,40),(1,41),(7,41),(9,41),(10,41),(12,41),(14,41),(17,41),(18,41),(24,41),(35,41),(45,41),(59,41),(61,41),(63,41),(71,41),(84,41),(86,41),(88,41),(93,41),(94,41),(96,41),(97,41),(98,41),(109,41),(143,41),(146,41),(147,41),(148,41),(152,41),(155,41),(160,41),(165,41),(170,41),(184,41),(202,41),(218,41),(226,41),(228,41),(230,41),(231,41),(235,41),(236,41),(244,41),(250,41),(253,41),(255,41),(259,41),(265,41),(268,41),(269,41),(272,41),(273,41),(281,41),(283,41),(286,41),(297,41),(303,41),(305,41),(307,41),(308,41),(310,41),(320,41),(326,41),(330,41),(336,41),(338,41),(350,41),(352,41),(354,41),(366,41),(367,41),(373,41),(376,41),(386,41),(387,41),(391,41),(393,41),(395,41),(404,41),(406,41),(420,41),(427,41),(432,41),(436,41),(439,41),(443,41),(445,41),(449,41),(450,41),(452,41),(459,41),(474,41),(477,41),(485,41),(486,41),(517,41),(526,41),(528,41),(532,41),(542,41),(543,41),(544,41),(546,41),(551,41),(557,41),(567,41),(574,41),(577,41),(595,41),(596,41),(602,41),(603,41),(605,41),(610,41),(615,41),(638,41),(645,41),(650,41),(658,41),(659,41),(663,41),(672,41),(676,41),(683,41),(692,41),(702,41),(708,41),(709,41),(726,41),(738,41),(745,41),(747,41),(751,41),(755,41),(761,41),(762,41),(765,41),(768,41),(788,41),(790,41),(805,41),(808,41),(810,41),(812,41),(820,41),(821,41),(822,41),(823,41),(826,41),(829,41),(830,41),(836,41),(841,41),(857,41),(858,41),(866,41),(868,41),(870,41),(887,41),(888,41),(891,41),(892,41),(897,41),(900,41),(901,41),(905,41),(906,41),(908,41),(913,41),(916,41),(918,41),(925,41),(934,41),(937,41),(940,41),(948,41),(950,41),(964,41),(966,41),(969,41),(976,41),(982,41),(986,41),(988,41),(989,41),(18,42),(33,42),(38,42),(39,42),(48,42),(50,42),(53,42),(55,42),(70,42),(76,42),(79,42),(81,42),(85,42),(86,42),(88,42),(94,42),(102,42),(106,42),(109,42),(119,42),(122,42),(126,42),(129,42),(140,42),(150,42),(155,42),(168,42),(170,42),(171,42),(175,42),(176,42),(190,42),(200,42),(206,42),(207,42),(213,42),(218,42),(222,42),(232,42),(234,42),(250,42),(254,42),(264,42),(265,42),(273,42),(284,42),(289,42),(290,42),(299,42),(306,42),(315,42),(317,42),(326,42),(331,42),(333,42),(334,42),(337,42),(343,42),(348,42),(350,42),(354,42),(356,42),(357,42),(361,42),(366,42),(372,42),(380,42),(382,42),(395,42),(399,42),(400,42),(403,42),(404,42),(409,42),(413,42),(419,42),(421,42),(422,42),(435,42),(436,42),(454,42),(456,42),(457,42),(465,42),(476,42),(480,42),(495,42),(497,42),(499,42),(508,42),(519,42),(522,42),(544,42),(548,42),(552,42),(554,42),(556,42),(559,42),(560,42),(567,42),(570,42),(574,42),(577,42),(581,42),(589,42),(591,42),(593,42),(602,42),(609,42),(617,42),(623,42),(628,42),(629,42),(635,42),(636,42),(645,42),(651,42),(652,42),(654,42),(655,42),(665,42),(670,42),(673,42),(674,42),(676,42),(694,42),(699,42),(700,42),(703,42),(710,42),(714,42),(717,42),(722,42),(725,42),(736,42),(738,42),(741,42),(742,42),(746,42),(747,42),(749,42),(750,42),(758,42),(764,42),(768,42),(786,42),(791,42),(798,42),(802,42),(804,42),(814,42),(819,42),(827,42),(831,42),(836,42),(842,42),(847,42),(851,42),(868,42),(871,42),(874,42),(878,42),(879,42),(881,42),(885,42),(890,42),(898,42),(905,42),(911,42),(913,42),(914,42),(921,42),(934,42),(946,42),(952,42),(956,42),(960,42),(962,42),(964,42),(974,42),(989,42),(997,42),(8,43),(17,43),(21,43),(24,43),(34,43),(39,43),(54,43),(60,43),(61,43),(65,43),(75,43),(80,43),(85,43),(90,43),(101,43),(106,43),(112,43),(120,43),(122,43),(127,43),(130,43),(132,43),(134,43),(139,43),(140,43),(143,43),(144,43),(148,43),(156,43),(157,43),(159,43),(161,43),(164,43),(165,43),(167,43),(175,43),(176,43),(177,43),(184,43),(185,43),(186,43),(188,43),(198,43),(205,43),(207,43),(212,43),(214,43),(219,43),(222,43),(234,43),(236,43),(240,43),(241,43),(242,43),(247,43),(249,43),(255,43),(256,43),(258,43),(265,43),(270,43),(271,43),(273,43),(279,43),(282,43),(283,43),(284,43),(286,43),(288,43),(294,43),(299,43),(303,43),(305,43),(315,43),(320,43),(323,43),(326,43),(327,43),(328,43),(334,43),(335,43),(346,43),(351,43),(353,43),(354,43),(363,43),(379,43),(395,43),(396,43),(398,43),(406,43),(415,43),(416,43),(420,43),(425,43),(427,43),(428,43),(442,43),(444,43),(446,43),(451,43),(456,43),(458,43),(461,43),(474,43),(475,43),(477,43),(479,43),(481,43),(484,43),(492,43),(506,43),(509,43),(512,43),(517,43),(528,43),(529,43),(536,43),(538,43),(544,43),(550,43),(552,43),(554,43),(557,43),(558,43),(565,43),(567,43),(571,43),(578,43),(579,43),(580,43),(582,43),(583,43),(585,43),(592,43),(595,43),(604,43),(620,43),(621,43),(639,43),(645,43),(646,43),(653,43),(657,43),(661,43),(662,43),(670,43),(677,43),(678,43),(684,43),(687,43),(690,43),(691,43),(693,43),(696,43),(701,43),(706,43),(712,43),(721,43),(728,43),(731,43),(747,43),(759,43),(761,43),(768,43),(775,43),(787,43),(789,43),(791,43),(793,43),(799,43),(802,43),(813,43),(814,43),(817,43),(818,43),(823,43),(825,43),(836,43),(841,43),(843,43),(850,43),(861,43),(863,43),(864,43),(865,43),(866,43),(867,43),(875,43),(877,43),(886,43),(890,43),(891,43),(892,43),(901,43),(906,43),(907,43),(917,43),(918,43),(926,43),(932,43),(936,43),(941,43),(952,43),(955,43),(970,43),(973,43),(975,43),(981,43),(989,43),(992,43),(5,44),(15,44),(16,44),(24,44),(27,44),(35,44),(40,44),(42,44),(46,44),(47,44),(49,44),(51,44),(53,44),(55,44),(57,44),(61,44),(68,44),(72,44),(75,44),(83,44),(88,44),(89,44),(90,44),(92,44),(95,44),(100,44),(118,44),(119,44),(120,44),(131,44),(144,44),(146,44),(149,44),(150,44),(153,44),(154,44),(155,44),(165,44),(168,44),(170,44),(171,44),(173,44),(177,44),(179,44),(180,44),(181,44),(186,44),(189,44),(190,44),(198,44),(199,44),(200,44),(210,44),(212,44),(217,44),(222,44),(229,44),(239,44),(243,44),(245,44),(254,44),(270,44),(272,44),(273,44),(274,44),(275,44),(282,44),(283,44),(287,44),(290,44),(300,44),(304,44),(309,44),(310,44),(312,44),(319,44),(330,44),(332,44),(334,44),(338,44),(341,44),(351,44),(352,44),(353,44),(362,44),(365,44),(368,44),(369,44),(374,44),(376,44),(388,44),(390,44),(394,44),(395,44),(400,44),(419,44),(420,44),(421,44),(423,44),(432,44),(435,44),(448,44),(456,44),(472,44),(486,44),(487,44),(495,44),(497,44),(500,44),(501,44),(508,44),(512,44),(517,44),(518,44),(526,44),(533,44),(534,44),(541,44),(544,44),(546,44),(547,44),(553,44),(558,44),(559,44),(566,44),(567,44),(568,44),(573,44),(576,44),(577,44),(580,44),(583,44),(585,44),(586,44),(588,44),(598,44),(604,44),(606,44),(607,44),(609,44),(613,44),(615,44),(616,44),(618,44),(621,44),(627,44),(631,44),(639,44),(645,44),(647,44),(649,44),(664,44),(667,44),(672,44),(673,44),(674,44),(690,44),(693,44),(701,44),(702,44),(706,44),(716,44),(719,44),(723,44),(726,44),(728,44),(730,44),(735,44),(739,44),(740,44),(743,44),(746,44),(762,44),(764,44),(777,44),(780,44),(787,44),(790,44),(793,44),(795,44),(798,44),(804,44),(805,44),(811,44),(815,44),(819,44),(821,44),(828,44),(847,44),(849,44),(855,44),(873,44),(883,44),(890,44),(900,44),(905,44),(910,44),(918,44),(923,44),(925,44),(934,44),(948,44),(950,44),(951,44),(952,44),(953,44),(965,44),(970,44),(971,44),(977,44),(983,44),(985,44),(988,44),(990,44),(991,44),(6,45),(7,45),(19,45),(24,45),(25,45),(29,45),(33,45),(39,45),(41,45),(49,45),(56,45),(62,45),(72,45),(74,45),(77,45),(79,45),(82,45),(83,45),(88,45),(94,45),(95,45),(99,45),(103,45),(104,45),(106,45),(110,45),(112,45),(115,45),(120,45),(127,45),(128,45),(141,45),(143,45),(155,45),(158,45),(167,45),(172,45),(181,45),(184,45),(190,45),(200,45),(207,45),(208,45),(210,45),(219,45),(230,45),(233,45),(241,45),(252,45),(254,45),(261,45),(277,45),(288,45),(298,45),(301,45),(324,45),(328,45),(330,45),(331,45),(333,45),(336,45),(341,45),(350,45),(360,45),(364,45),(374,45),(375,45),(377,45),(379,45),(399,45),(401,45),(402,45),(409,45),(411,45),(415,45),(417,45),(422,45),(430,45),(441,45),(443,45),(447,45),(450,45),(452,45),(459,45),(461,45),(463,45),(466,45),(474,45),(475,45),(477,45),(484,45),(489,45),(492,45),(496,45),(499,45),(510,45),(514,45),(516,45),(531,45),(544,45),(546,45),(551,45),(553,45),(555,45),(568,45),(570,45),(573,45),(584,45),(586,45),(595,45),(597,45),(601,45),(603,45),(604,45),(610,45),(622,45),(624,45),(625,45),(628,45),(636,45),(645,45),(646,45),(647,45),(654,45),(655,45),(668,45),(675,45),(697,45),(702,45),(705,45),(711,45),(715,45),(720,45),(721,45),(725,45),(730,45),(732,45),(735,45),(737,45),(739,45),(742,45),(745,45),(746,45),(750,45),(752,45),(760,45),(762,45),(767,45),(776,45),(778,45),(779,45),(798,45),(799,45),(802,45),(805,45),(806,45),(823,45),(829,45),(834,45),(839,45),(848,45),(853,45),(859,45),(862,45),(866,45),(867,45),(872,45),(874,45),(878,45),(880,45),(881,45),(895,45),(900,45),(917,45),(920,45),(927,45),(929,45),(933,45),(937,45),(952,45),(954,45),(955,45),(960,45),(964,45),(972,45),(977,45),(978,45),(979,45),(988,45),(989,45),(993,45),(996,45),(997,45),(999,45),(9,46),(18,46),(19,46),(20,46),(24,46),(27,46),(31,46),(39,46),(42,46),(43,46),(49,46),(51,46),(53,46),(54,46),(57,46),(58,46),(62,46),(67,46),(69,46),(71,46),(78,46),(79,46),(83,46),(88,46),(89,46),(95,46),(96,46),(113,46),(115,46),(118,46),(120,46),(126,46),(128,46),(141,46),(142,46),(145,46),(155,46),(156,46),(163,46),(174,46),(181,46),(182,46),(183,46),(186,46),(187,46),(188,46),(190,46),(192,46),(194,46),(199,46),(202,46),(206,46),(212,46),(214,46),(215,46),(222,46),(232,46),(237,46),(239,46),(240,46),(241,46),(249,46),(252,46),(256,46),(265,46),(282,46),(286,46),(294,46),(299,46),(306,46),(309,46),(310,46),(320,46),(323,46),(331,46),(346,46),(349,46),(356,46),(361,46),(368,46),(369,46),(370,46),(371,46),(378,46),(382,46),(389,46),(394,46),(398,46),(405,46),(407,46),(415,46),(432,46),(434,46),(441,46),(442,46),(443,46),(462,46),(480,46),(484,46),(487,46),(495,46),(496,46),(497,46),(500,46),(506,46),(508,46),(514,46),(521,46),(526,46),(534,46),(537,46),(548,46),(550,46),(573,46),(576,46),(578,46),(579,46),(584,46),(590,46),(594,46),(608,46),(611,46),(631,46),(632,46),(635,46),(637,46),(646,46),(662,46),(663,46),(671,46),(674,46),(685,46),(699,46),(718,46),(722,46),(730,46),(739,46),(750,46),(756,46),(764,46),(777,46),(781,46),(787,46),(794,46),(804,46),(811,46),(813,46),(830,46),(833,46),(835,46),(838,46),(842,46),(845,46),(846,46),(847,46),(856,46),(860,46),(870,46),(873,46),(882,46),(883,46),(887,46),(889,46),(890,46),(900,46),(912,46),(913,46),(914,46),(917,46),(919,46),(926,46),(927,46),(936,46),(941,46),(953,46),(957,46),(960,46),(966,46),(968,46),(972,46),(980,46),(992,46),(11,47),(14,47),(15,47),(20,47),(22,47),(24,47),(27,47),(52,47),(53,47),(62,47),(65,47),(71,47),(72,47),(74,47),(76,47),(81,47),(82,47),(89,47),(94,47),(97,47),(98,47),(114,47),(119,47),(120,47),(123,47),(137,47),(147,47),(160,47),(164,47),(168,47),(169,47),(170,47),(178,47),(187,47),(226,47),(227,47),(229,47),(234,47),(237,47),(238,47),(240,47),(242,47),(245,47),(248,47),(249,47),(258,47),(259,47),(263,47),(270,47),(272,47),(275,47),(277,47),(278,47),(279,47),(281,47),(282,47),(283,47),(284,47),(290,47),(294,47),(296,47),(297,47),(307,47),(316,47),(324,47),(325,47),(340,47),(344,47),(349,47),(354,47),(363,47),(364,47),(367,47),(374,47),(375,47),(377,47),(379,47),(389,47),(394,47),(398,47),(408,47),(413,47),(415,47),(432,47),(436,47),(443,47),(445,47),(447,47),(456,47),(465,47),(467,47),(473,47),(475,47),(479,47),(483,47),(484,47),(491,47),(492,47),(496,47),(500,47),(502,47),(503,47),(511,47),(513,47),(522,47),(523,47),(532,47),(534,47),(543,47),(547,47),(550,47),(557,47),(566,47),(567,47),(570,47),(573,47),(574,47),(580,47),(590,47),(591,47),(599,47),(603,47),(612,47),(618,47),(621,47),(627,47),(628,47),(634,47),(640,47),(641,47),(654,47),(659,47),(663,47),(664,47),(666,47),(675,47),(676,47),(678,47),(679,47),(682,47),(684,47),(692,47),(694,47),(697,47),(702,47),(712,47),(714,47),(722,47),(725,47),(731,47),(741,47),(742,47),(743,47),(745,47),(750,47),(759,47),(761,47),(762,47),(772,47),(781,47),(791,47),(796,47),(802,47),(825,47),(829,47),(831,47),(835,47),(838,47),(841,47),(844,47),(845,47),(855,47),(863,47),(873,47),(876,47),(878,47),(879,47),(880,47),(886,47),(897,47),(898,47),(910,47),(913,47),(914,47),(920,47),(935,47),(947,47),(948,47),(950,47),(955,47),(957,47),(975,47),(977,47),(981,47),(987,47),(993,47),(995,47),(998,47),(999,47),(1,48),(3,48),(13,48),(18,48),(21,48),(23,48),(25,48),(27,48),(32,48),(50,48),(53,48),(54,48),(64,48),(68,48),(73,48),(78,48),(79,48),(80,48),(81,48),(89,48),(115,48),(116,48),(118,48),(158,48),(165,48),(168,48),(169,48),(171,48),(175,48),(179,48),(180,48),(184,48),(191,48),(201,48),(202,48),(220,48),(221,48),(223,48),(225,48),(232,48),(233,48),(235,48),(246,48),(251,48),(254,48),(267,48),(271,48),(272,48),(278,48),(281,48),(285,48),(287,48),(288,48),(289,48),(292,48),(299,48),(313,48),(317,48),(320,48),(345,48),(355,48),(357,48),(369,48),(377,48),(378,48),(390,48),(391,48),(392,48),(404,48),(405,48),(406,48),(418,48),(428,48),(432,48),(435,48),(439,48),(444,48),(447,48),(450,48),(457,48),(459,48),(464,48),(467,48),(469,48),(476,48),(477,48),(484,48),(485,48),(492,48),(495,48),(496,48),(500,48),(522,48),(536,48),(539,48),(542,48),(544,48),(547,48),(552,48),(553,48),(558,48),(561,48),(565,48),(567,48),(568,48),(580,48),(582,48),(584,48),(587,48),(589,48),(590,48),(592,48),(594,48),(601,48),(602,48),(608,48),(609,48),(613,48),(616,48),(627,48),(636,48),(650,48),(651,48),(652,48),(653,48),(659,48),(671,48),(691,48),(692,48),(696,48),(698,48),(702,48),(707,48),(711,48),(713,48),(730,48),(732,48),(735,48),(738,48),(743,48),(750,48),(754,48),(764,48),(773,48),(778,48),(786,48),(788,48),(792,48),(793,48),(798,48),(800,48),(801,48),(804,48),(809,48),(810,48),(818,48),(828,48),(832,48),(834,48),(841,48),(845,48),(847,48),(849,48),(856,48),(866,48),(877,48),(879,48),(884,48),(892,48),(896,48),(898,48),(900,48),(901,48),(912,48),(913,48),(915,48),(919,48),(945,48),(949,48),(950,48),(960,48),(968,48),(977,48),(979,48),(994,48),(1000,48),(15,49),(22,49),(28,49),(31,49),(32,49),(37,49),(40,49),(60,49),(64,49),(66,49),(72,49),(73,49),(84,49),(91,49),(94,49),(97,49),(111,49),(113,49),(122,49),(125,49),(128,49),(130,49),(131,49),(135,49),(144,49),(147,49),(153,49),(162,49),(163,49),(167,49),(172,49),(173,49),(174,49),(176,49),(179,49),(189,49),(191,49),(194,49),(199,49),(212,49),(214,49),(215,49),(216,49),(221,49),(227,49),(235,49),(236,49),(239,49),(241,49),(243,49),(244,49),(249,49),(258,49),(260,49),(271,49),(273,49),(275,49),(280,49),(285,49),(287,49),(294,49),(298,49),(300,49),(304,49),(309,49),(310,49),(311,49),(313,49),(314,49),(330,49),(334,49),(345,49),(351,49),(357,49),(365,49),(366,49),(369,49),(370,49),(376,49),(392,49),(403,49),(412,49),(413,49),(419,49),(420,49),(428,49),(435,49),(454,49),(455,49),(456,49),(457,49),(480,49),(483,49),(502,49),(505,49),(506,49),(509,49),(512,49),(521,49),(531,49),(539,49),(540,49),(542,49),(543,49),(545,49),(554,49),(555,49),(565,49),(567,49),(573,49),(575,49),(577,49),(580,49),(587,49),(590,49),(592,49),(596,49),(604,49),(605,49),(614,49),(615,49),(618,49),(621,49),(622,49),(634,49),(636,49),(639,49),(641,49),(642,49),(647,49),(649,49),(650,49),(652,49),(653,49),(658,49),(668,49),(674,49),(675,49),(679,49),(681,49),(687,49),(691,49),(695,49),(701,49),(712,49),(716,49),(718,49),(721,49),(731,49),(739,49),(741,49),(760,49),(765,49),(771,49),(776,49),(777,49),(778,49),(781,49),(785,49),(789,49),(796,49),(800,49),(806,49),(808,49),(811,49),(815,49),(822,49),(828,49),(831,49),(835,49),(838,49),(842,49),(850,49),(852,49),(861,49),(866,49),(870,49),(875,49),(876,49),(880,49),(881,49),(887,49),(891,49),(892,49),(894,49),(896,49),(908,49),(911,49),(913,49),(914,49),(920,49),(921,49),(929,49),(930,49),(933,49),(935,49),(938,49),(939,49),(941,49),(947,49),(948,49),(953,49),(955,49),(960,49),(969,49),(970,49),(972,49),(976,49),(977,49),(979,49),(986,49),(996,49),(1000,49),(2,50),(5,50),(9,50),(13,50),(14,50),(15,50),(24,50),(26,50),(29,50),(34,50),(36,50),(45,50),(52,50),(57,50),(59,50),(61,50),(65,50),(71,50),(72,50),(79,50),(85,50),(96,50),(97,50),(99,50),(102,50),(106,50),(110,50),(112,50),(116,50),(127,50),(129,50),(131,50),(136,50),(141,50),(145,50),(154,50),(169,50),(176,50),(183,50),(188,50),(198,50),(203,50),(205,50),(212,50),(219,50),(238,50),(241,50),(262,50),(264,50),(267,50),(268,50),(269,50),(278,50),(279,50),(280,50),(287,50),(288,50),(292,50),(293,50),(295,50),(301,50),(303,50),(307,50),(311,50),(322,50),(327,50),(328,50),(329,50),(337,50),(339,50),(351,50),(353,50),(354,50),(357,50),(358,50),(360,50),(367,50),(370,50),(371,50),(378,50),(389,50),(393,50),(397,50),(400,50),(407,50),(410,50),(413,50),(423,50),(425,50),(435,50),(439,50),(445,50),(447,50),(457,50),(460,50),(472,50),(474,50),(480,50),(483,50),(490,50),(492,50),(501,50),(503,50),(511,50),(514,50),(518,50),(528,50),(547,50),(553,50),(568,50),(570,50),(579,50),(597,50),(601,50),(611,50),(630,50),(633,50),(636,50),(642,50),(648,50),(649,50),(666,50),(675,50),(685,50),(696,50),(697,50),(698,50),(699,50),(700,50),(702,50),(707,50),(722,50),(725,50),(741,50),(743,50),(746,50),(751,50),(753,50),(756,50),(760,50),(771,50),(773,50),(774,50),(775,50),(779,50),(782,50),(784,50),(785,50),(790,50),(801,50),(803,50),(811,50),(813,50),(814,50),(815,50),(817,50),(820,50),(823,50),(825,50),(826,50),(827,50),(830,50),(832,50),(833,50),(834,50),(836,50),(841,50),(845,50),(850,50),(853,50),(857,50),(860,50),(863,50),(869,50),(870,50),(872,50),(876,50),(877,50),(881,50),(883,50),(884,50),(885,50),(893,50),(908,50),(921,50),(922,50),(923,50),(926,50),(931,50),(936,50),(939,50),(955,50),(963,50),(968,50),(974,50),(989,50),(999,50),(5,51),(7,51),(13,51),(18,51),(22,51),(24,51),(26,51),(33,51),(35,51),(36,51),(40,51),(45,51),(50,51),(54,51),(56,51),(63,51),(70,51),(73,51),(77,51),(80,51),(86,51),(113,51),(122,51),(138,51),(140,51),(143,51),(144,51),(145,51),(153,51),(162,51),(167,51),(170,51),(171,51),(180,51),(182,51),(187,51),(190,51),(195,51),(198,51),(199,51),(208,51),(211,51),(215,51),(228,51),(243,51),(244,51),(248,51),(249,51),(250,51),(261,51),(263,51),(268,51),(269,51),(274,51),(282,51),(286,51),(310,51),(314,51),(323,51),(324,51),(330,51),(334,51),(335,51),(349,51),(364,51),(365,51),(369,51),(370,51),(371,51),(373,51),(374,51),(377,51),(382,51),(386,51),(388,51),(396,51),(415,51),(420,51),(427,51),(430,51),(440,51),(444,51),(446,51),(450,51),(459,51),(465,51),(470,51),(473,51),(475,51),(491,51),(493,51),(494,51),(505,51),(513,51),(525,51),(534,51),(536,51),(537,51),(540,51),(541,51),(556,51),(567,51),(574,51),(575,51),(576,51),(586,51),(590,51),(594,51),(596,51),(606,51),(617,51),(618,51),(629,51),(631,51),(639,51),(642,51),(645,51),(651,51),(652,51),(664,51),(667,51),(670,51),(673,51),(674,51),(679,51),(683,51),(690,51),(691,51),(693,51),(695,51),(705,51),(715,51),(717,51),(719,51),(722,51),(725,51),(729,51),(740,51),(753,51),(759,51),(760,51),(763,51),(764,51),(765,51),(766,51),(775,51),(777,51),(793,51),(796,51),(799,51),(800,51),(804,51),(805,51),(809,51),(820,51),(823,51),(825,51),(828,51),(835,51),(840,51),(841,51),(847,51),(848,51),(853,51),(856,51),(859,51),(860,51),(863,51),(867,51),(869,51),(871,51),(878,51),(882,51),(885,51),(889,51),(895,51),(901,51),(906,51),(908,51),(920,51),(923,51),(925,51),(927,51),(934,51),(937,51),(938,51),(953,51),(954,51),(957,51),(972,51),(983,51),(986,51),(993,51),(997,51),(1000,51),(10,52),(12,52),(17,52),(27,52),(40,52),(43,52),(46,52),(47,52),(51,52),(55,52),(59,52),(65,52),(68,52),(70,52),(71,52),(88,52),(98,52),(103,52),(112,52),(128,52),(143,52),(150,52),(160,52),(166,52),(175,52),(177,52),(183,52),(189,52),(192,52),(194,52),(195,52),(214,52),(220,52),(233,52),(238,52),(243,52),(245,52),(250,52),(251,52),(254,52),(262,52),(264,52),(270,52),(273,52),(275,52),(284,52),(287,52),(293,52),(302,52),(308,52),(313,52),(316,52),(320,52),(321,52),(322,52),(325,52),(335,52),(347,52),(351,52),(352,52),(363,52),(364,52),(365,52),(367,52),(371,52),(377,52),(380,52),(384,52),(392,52),(394,52),(395,52),(402,52),(403,52),(414,52),(418,52),(420,52),(421,52),(427,52),(435,52),(440,52),(441,52),(443,52),(448,52),(457,52),(462,52),(463,52),(466,52),(479,52),(484,52),(487,52),(504,52),(519,52),(522,52),(523,52),(524,52),(526,52),(528,52),(534,52),(543,52),(545,52),(546,52),(552,52),(554,52),(557,52),(558,52),(565,52),(569,52),(573,52),(574,52),(577,52),(599,52),(600,52),(601,52),(602,52),(610,52),(619,52),(620,52),(622,52),(624,52),(630,52),(631,52),(640,52),(647,52),(650,52),(656,52),(658,52),(664,52),(668,52),(673,52),(674,52),(675,52),(680,52),(681,52),(684,52),(695,52),(705,52),(711,52),(721,52),(734,52),(736,52),(739,52),(750,52),(755,52),(756,52),(757,52),(780,52),(792,52),(795,52),(803,52),(814,52),(822,52),(823,52),(827,52),(834,52),(835,52),(836,52),(839,52),(840,52),(845,52),(847,52),(849,52),(850,52),(851,52),(856,52),(860,52),(865,52),(867,52),(869,52),(876,52),(881,52),(887,52),(893,52),(894,52),(899,52),(902,52),(904,52),(916,52),(922,52),(923,52),(934,52),(937,52),(956,52),(977,52),(980,52),(983,52),(986,52),(990,52),(11,53),(17,53),(20,53),(27,53),(34,53),(45,53),(50,53),(57,53),(68,53),(70,53),(83,53),(93,53),(98,53),(108,53),(112,53),(119,53),(122,53),(134,53),(135,53),(137,53),(138,53),(139,53),(141,53),(145,53),(148,53),(152,53),(154,53),(156,53),(160,53),(163,53),(167,53),(172,53),(174,53),(195,53),(201,53),(206,53),(211,53),(214,53),(236,53),(237,53),(246,53),(249,53),(250,53),(253,53),(254,53),(256,53),(258,53),(263,53),(268,53),(276,53),(283,53),(285,53),(286,53),(287,53),(291,53),(296,53),(297,53),(298,53),(302,53),(304,53),(305,53),(307,53),(312,53),(318,53),(319,53),(323,53),(326,53),(347,53),(349,53),(352,53),(357,53),(359,53),(363,53),(370,53),(375,53),(403,53),(404,53),(405,53),(414,53),(420,53),(422,53),(423,53),(427,53),(428,53),(431,53),(434,53),(435,53),(442,53),(445,53),(448,53),(455,53),(457,53),(468,53),(469,53),(477,53),(478,53),(480,53),(484,53),(489,53),(498,53),(503,53),(505,53),(510,53),(521,53),(523,53),(532,53),(538,53),(540,53),(541,53),(547,53),(553,53),(555,53),(570,53),(573,53),(575,53),(578,53),(583,53),(584,53),(585,53),(594,53),(595,53),(597,53),(610,53),(612,53),(615,53),(616,53),(617,53),(618,53),(619,53),(626,53),(629,53),(633,53),(648,53),(651,53),(655,53),(656,53),(662,53),(664,53),(665,53),(667,53),(676,53),(680,53),(686,53),(696,53),(705,53),(707,53),(708,53),(710,53),(716,53),(717,53),(721,53),(737,53),(744,53),(746,53),(753,53),(756,53),(764,53),(765,53),(768,53),(769,53),(772,53),(773,53),(774,53),(776,53),(778,53),(781,53),(788,53),(789,53),(795,53),(799,53),(800,53),(808,53),(811,53),(815,53),(826,53),(827,53),(835,53),(854,53),(865,53),(877,53),(880,53),(889,53),(902,53),(924,53),(937,53),(944,53),(948,53),(949,53),(950,53),(955,53),(957,53),(958,53),(975,53),(979,53),(982,53),(986,53),(996,53),(999,53),(13,54),(15,54),(23,54),(27,54),(37,54),(46,54),(54,54),(55,54),(59,54),(61,54),(63,54),(73,54),(86,54),(89,54),(90,54),(95,54),(103,54),(104,54),(105,54),(108,54),(115,54),(121,54),(131,54),(135,54),(138,54),(142,54),(146,54),(150,54),(177,54),(184,54),(196,54),(197,54),(200,54),(211,54),(217,54),(220,54),(247,54),(255,54),(266,54),(267,54),(268,54),(269,54),(277,54),(283,54),(294,54),(299,54),(300,54),(305,54),(306,54),(314,54),(319,54),(323,54),(326,54),(332,54),(336,54),(338,54),(360,54),(371,54),(372,54),(375,54),(382,54),(395,54),(396,54),(398,54),(405,54),(406,54),(409,54),(411,54),(415,54),(418,54),(419,54),(421,54),(431,54),(434,54),(439,54),(441,54),(442,54),(443,54),(449,54),(450,54),(451,54),(458,54),(459,54),(460,54),(463,54),(470,54),(473,54),(474,54),(483,54),(496,54),(502,54),(505,54),(510,54),(514,54),(518,54),(531,54),(538,54),(546,54),(550,54),(551,54),(553,54),(557,54),(558,54),(569,54),(571,54),(575,54),(578,54),(598,54),(599,54),(600,54),(602,54),(605,54),(613,54),(614,54),(621,54),(623,54),(633,54),(641,54),(645,54),(650,54),(651,54),(653,54),(660,54),(673,54),(687,54),(690,54),(693,54),(694,54),(700,54),(702,54),(703,54),(710,54),(711,54),(712,54),(718,54),(719,54),(721,54),(727,54),(732,54),(734,54),(736,54),(737,54),(743,54),(749,54),(759,54),(761,54),(763,54),(768,54),(781,54),(782,54),(783,54),(787,54),(795,54),(801,54),(809,54),(818,54),(836,54),(842,54),(843,54),(844,54),(846,54),(849,54),(856,54),(863,54),(864,54),(867,54),(869,54),(873,54),(876,54),(877,54),(884,54),(887,54),(906,54),(925,54),(928,54),(935,54),(942,54),(944,54),(950,54),(961,54),(962,54),(966,54),(967,54),(974,54),(975,54),(978,54),(981,54),(987,54),(990,54),(994,54),(997,54),(999,54),(3,55),(4,55),(7,55),(10,55),(15,55),(31,55),(33,55),(42,55),(44,55),(50,55),(56,55),(60,55),(65,55),(67,55),(72,55),(75,55),(80,55),(88,55),(89,55),(91,55),(101,55),(103,55),(108,55),(112,55),(113,55),(125,55),(129,55),(134,55),(142,55),(150,55),(156,55),(159,55),(163,55),(170,55),(179,55),(187,55),(193,55),(205,55),(206,55),(207,55),(216,55),(220,55),(221,55),(227,55),(233,55),(236,55),(240,55),(251,55),(259,55),(267,55),(272,55),(278,55),(280,55),(282,55),(291,55),(293,55),(297,55),(303,55),(305,55),(308,55),(314,55),(318,55),(327,55),(328,55),(330,55),(338,55),(339,55),(346,55),(349,55),(355,55),(358,55),(366,55),(371,55),(372,55),(380,55),(385,55),(387,55),(388,55),(399,55),(413,55),(414,55),(418,55),(431,55),(433,55),(434,55),(435,55),(444,55),(449,55),(453,55),(454,55),(465,55),(476,55),(478,55),(487,55),(488,55),(491,55),(502,55),(515,55),(518,55),(526,55),(536,55),(541,55),(543,55),(545,55),(555,55),(567,55),(591,55),(595,55),(598,55),(601,55),(604,55),(605,55),(610,55),(613,55),(615,55),(616,55),(617,55),(624,55),(625,55),(630,55),(631,55),(633,55),(637,55),(638,55),(654,55),(659,55),(664,55),(676,55),(680,55),(686,55),(699,55),(704,55),(706,55),(714,55),(716,55),(717,55),(719,55),(722,55),(723,55),(725,55),(726,55),(731,55),(733,55),(734,55),(735,55),(743,55),(754,55),(759,55),(761,55),(766,55),(767,55),(774,55),(775,55),(779,55),(784,55),(790,55),(796,55),(803,55),(806,55),(827,55),(831,55),(836,55),(841,55),(842,55),(844,55),(850,55),(854,55),(856,55),(867,55),(871,55),(879,55),(892,55),(894,55),(898,55),(904,55),(908,55),(910,55),(911,55),(921,55),(922,55),(925,55),(933,55),(936,55),(945,55),(952,55),(957,55),(961,55),(971,55),(976,55),(979,55),(984,55),(990,55),(995,55),(1000,55);
/*!40000 ALTER TABLE `skill_relationship` ENABLE KEYS */;
UNLOCK TABLES;

--
-- Table structure for table `team`
--

DROP TABLE IF EXISTS `team`;
/*!40101 SET @saved_cs_client     = @@character_set_client */;
/*!50503 SET character_set_client = utf8mb4 */;
CREATE TABLE `team` (
  `team_id` int NOT NULL,
  `team_name` varchar(100) DEFAULT NULL,
  `meeting_frequency` varchar(50) DEFAULT NULL,
  PRIMARY KEY (`team_id`)
) ENGINE=InnoDB DEFAULT CHARSET=utf8mb4 COLLATE=utf8mb4_0900_ai_ci;
/*!40101 SET character_set_client = @saved_cs_client */;

--
-- Dumping data for table `team`
--

LOCK TABLES `team` WRITE;
/*!40000 ALTER TABLE `team` DISABLE KEYS */;
INSERT INTO `team` VALUES (1,'Hydra Network','Monthly'),(2,'Labyrinth Group','Monthly'),(3,'Charlie Team','Annually'),(4,'Cipher Squad','Monthly'),(5,'Cerberus Unit','Monthly'),(6,'Chimera Syndicate','Annually'),(7,'Phantom Unit','Monthly'),(8,'Foxtrot Team','Monthly'),(9,'Vanguard Squad','Annually'),(10,'Obsidian Cell','Monthly'),(11,'Avalon Initiative','Monthly'),(12,'Prometheus Team','Annually'),(13,'Spectre Cell','Monthly'),(14,'Golf Team','Monthly'),(15,'Omega Division','Annually'),(16,'India Team','Monthly'),(17,'Enigma Operatives','Monthly'),(18,'Vortex Ensemble','Annually'),(19,'Zenith Crew','Monthly'),(20,'Horizon Crew','Monthly'),(21,'Phoenix Contingent','Annually'),(22,'Specter Division','Monthly'),(23,'Polaris Division','Monthly'),(24,'Juliet Team','Annually'),(25,'Delta Team','Monthly'),(26,'Sentinel Unit','Monthly'),(27,'Team Biafra','Annually'),(28,'Echo Team','Monthly'),(29,'Titan Taskforce','Monthly'),(30,'Eclipse Ensemble','Annually'),(31,'Shadow Operatives','Monthly'),(32,'Nebula Operatives','Monthly'),(33,'Alpha Team','Annually'),(34,'Bravo Team','Monthly'),(35,'Aegis Collective','Monthly'),(36,'November Team','Annually'),(37,'Tempest Squad','Monthly'),(38,'Nexus Group','Monthly'),(39,'Erebus Contingent','Annually'),(40,'Helios Taskforce','Monthly'),(41,'Mike Team','Monthly'),(42,'Lima Team','Annually'),(43,'Mirage Detachment','Monthly'),(44,'Oscar Team','Monthly');
/*!40000 ALTER TABLE `team` ENABLE KEYS */;
UNLOCK TABLES;

--
-- Table structure for table `team_relationship`
--

DROP TABLE IF EXISTS `team_relationship`;
/*!40101 SET @saved_cs_client     = @@character_set_client */;
/*!50503 SET character_set_client = utf8mb4 */;
CREATE TABLE `team_relationship` (
  `agent_id` int NOT NULL,
  `team_id` int NOT NULL,
  PRIMARY KEY (`agent_id`,`team_id`),
  KEY `fk_team` (`team_id`),
  CONSTRAINT `fk_team` FOREIGN KEY (`team_id`) REFERENCES `team` (`team_id`),
  CONSTRAINT `fk_team_agent` FOREIGN KEY (`agent_id`) REFERENCES `agent` (`agent_id`)
) ENGINE=InnoDB DEFAULT CHARSET=utf8mb4 COLLATE=utf8mb4_0900_ai_ci;
/*!40101 SET character_set_client = @saved_cs_client */;

--
-- Dumping data for table `team_relationship`
--

LOCK TABLES `team_relationship` WRITE;
/*!40000 ALTER TABLE `team_relationship` DISABLE KEYS */;
INSERT INTO `team_relationship` VALUES (1,1),(6,1),(8,1),(16,1),(19,1),(27,1),(38,1),(47,1),(48,1),(64,1),(67,1),(75,1),(138,1),(151,1),(155,1),(157,1),(179,1),(182,1),(183,1),(219,1),(221,1),(242,1),(254,1),(256,1),(259,1),(264,1),(277,1),(287,1),(295,1),(299,1),(310,1),(314,1),(338,1),(348,1),(352,1),(354,1),(356,1),(359,1),(363,1),(364,1),(378,1),(400,1),(405,1),(408,1),(417,1),(424,1),(428,1),(429,1),(432,1),(435,1),(438,1),(447,1),(450,1),(451,1),(452,1),(453,1),(469,1),(476,1),(478,1),(496,1),(515,1),(522,1),(526,1),(537,1),(545,1),(548,1),(558,1),(568,1),(573,1),(574,1),(576,1),(591,1),(593,1),(602,1),(604,1),(608,1),(614,1),(619,1),(625,1),(628,1),(650,1),(656,1),(659,1),(664,1),(669,1),(691,1),(700,1),(726,1),(731,1),(733,1),(742,1),(754,1),(769,1),(780,1),(782,1),(784,1),(797,1),(841,1),(842,1),(844,1),(859,1),(874,1),(880,1),(884,1),(926,1),(927,1),(928,1),(938,1),(944,1),(948,1),(954,1),(957,1),(958,1),(960,1),(976,1),(980,1),(985,1),(988,1),(11,2),(39,2),(45,2),(54,2),(58,2),(70,2),(75,2),(84,2),(96,2),(119,2),(123,2),(127,2),(131,2),(132,2),(148,2),(152,2),(155,2),(156,2),(174,2),(182,2),(185,2),(189,2),(191,2),(197,2),(209,2),(214,2),(222,2),(226,2),(233,2),(235,2),(238,2),(250,2),(303,2),(314,2),(322,2),(324,2),(338,2),(342,2),(346,2),(386,2),(395,2),(397,2),(408,2),(421,2),(422,2),(436,2),(437,2),(442,2),(447,2),(458,2),(464,2),(475,2),(477,2),(481,2),(482,2),(487,2),(492,2),(512,2),(514,2),(524,2),(563,2),(566,2),(584,2),(590,2),(603,2),(651,2),(663,2),(669,2),(674,2),(690,2),(693,2),(705,2),(723,2),(730,2),(744,2),(746,2),(767,2),(791,2),(804,2),(832,2),(838,2),(840,2),(890,2),(891,2),(900,2),(913,2),(917,2),(945,2),(948,2),(966,2),(971,2),(983,2),(5,3),(12,3),(26,3),(40,3),(57,3),(63,3),(89,3),(94,3),(98,3),(99,3),(103,3),(110,3),(115,3),(121,3),(134,3),(135,3),(153,3),(175,3),(179,3),(183,3),(196,3),(202,3),(213,3),(215,3),(234,3),(236,3),(246,3),(255,3),(264,3),(276,3),(308,3),(316,3),(321,3),(325,3),(326,3),(359,3),(370,3),(373,3),(381,3),(386,3),(397,3),(427,3),(453,3),(461,3),(472,3),(482,3),(489,3),(491,3),(493,3),(499,3),(500,3),(511,3),(518,3),(527,3),(553,3),(564,3),(574,3),(587,3),(591,3),(598,3),(606,3),(615,3),(624,3),(639,3),(648,3),(664,3),(665,3),(669,3),(690,3),(691,3),(701,3),(707,3),(715,3),(725,3),(726,3),(739,3),(748,3),(763,3),(772,3),(775,3),(792,3),(797,3),(806,3),(812,3),(817,3),(827,3),(833,3),(843,3),(846,3),(847,3),(852,3),(885,3),(888,3),(905,3),(907,3),(924,3),(973,3),(976,3),(978,3),(980,3),(9,4),(13,4),(40,4),(44,4),(50,4),(52,4),(64,4),(77,4),(101,4),(104,4),(124,4),(140,4),(143,4),(147,4),(155,4),(178,4),(197,4),(208,4),(209,4),(220,4),(227,4),(229,4),(232,4),(246,4),(254,4),(270,4),(274,4),(280,4),(289,4),(297,4),(298,4),(353,4),(365,4),(367,4),(372,4),(374,4),(377,4),(382,4),(394,4),(395,4),(404,4),(419,4),(421,4),(443,4),(450,4),(453,4),(455,4),(466,4),(483,4),(486,4),(488,4),(495,4),(497,4),(507,4),(509,4),(512,4),(513,4),(533,4),(534,4),(552,4),(561,4),(569,4),(584,4),(594,4),(638,4),(663,4),(682,4),(688,4),(694,4),(703,4),(710,4),(725,4),(726,4),(738,4),(739,4),(742,4),(744,4),(771,4),(789,4),(794,4),(816,4),(817,4),(818,4),(856,4),(863,4),(876,4),(878,4),(886,4),(890,4),(911,4),(919,4),(923,4),(933,4),(950,4),(4,5),(5,5),(6,5),(17,5),(39,5),(42,5),(43,5),(45,5),(57,5),(70,5),(73,5),(84,5),(85,5),(91,5),(96,5),(99,5),(111,5),(144,5),(148,5),(154,5),(171,5),(178,5),(199,5),(208,5),(229,5),(266,5),(268,5),(276,5),(284,5),(285,5),(291,5),(331,5),(336,5),(337,5),(342,5),(348,5),(350,5),(352,5),(374,5),(401,5),(404,5),(408,5),(413,5),(430,5),(463,5),(465,5),(471,5),(484,5),(488,5),(490,5),(501,5),(506,5),(509,5),(510,5),(520,5),(545,5),(552,5),(560,5),(573,5),(601,5),(624,5),(628,5),(631,5),(633,5),(641,5),(656,5),(658,5),(670,5),(681,5),(687,5),(695,5),(717,5),(725,5),(729,5),(741,5),(745,5),(747,5),(766,5),(772,5),(790,5),(807,5),(825,5),(827,5),(837,5),(840,5),(848,5),(860,5),(893,5),(898,5),(904,5),(911,5),(915,5),(933,5),(944,5),(945,5),(951,5),(953,5),(963,5),(975,5),(989,5),(23,6),(37,6),(63,6),(66,6),(70,6),(77,6),(102,6),(110,6),(111,6),(182,6),(199,6),(200,6),(216,6),(225,6),(227,6),(233,6),(237,6),(242,6),(243,6),(255,6),(275,6),(300,6),(303,6),(313,6),(316,6),(320,6),(326,6),(328,6),(341,6),(350,6),(356,6),(359,6),(374,6),(382,6),(383,6),(393,6),(421,6),(429,6),(438,6),(448,6),(469,6),(489,6),(498,6),(511,6),(514,6),(518,6),(529,6),(543,6),(574,6),(576,6),(593,6),(594,6),(596,6),(656,6),(665,6),(669,6),(672,6),(681,6),(683,6),(685,6),(701,6),(705,6),(710,6),(714,6),(715,6),(722,6),(729,6),(735,6),(737,6),(755,6),(761,6),(763,6),(788,6),(790,6),(793,6),(794,6),(798,6),(805,6),(822,6),(830,6),(831,6),(832,6),(834,6),(840,6),(845,6),(852,6),(854,6),(865,6),(877,6),(892,6),(910,6),(912,6),(927,6),(933,6),(935,6),(936,6),(938,6),(942,6),(968,6),(972,6),(976,6),(985,6),(997,6),(998,6),(1,7),(6,7),(12,7),(14,7),(33,7),(50,7),(79,7),(84,7),(86,7),(99,7),(101,7),(125,7),(128,7),(130,7),(133,7),(145,7),(146,7),(164,7),(167,7),(175,7),(179,7),(186,7),(187,7),(191,7),(194,7),(224,7),(253,7),(264,7),(265,7),(278,7),(282,7),(296,7),(299,7),(303,7),(308,7),(311,7),(318,7),(328,7),(329,7),(360,7),(377,7),(384,7),(392,7),(400,7),(408,7),(412,7),(418,7),(421,7),(425,7),(427,7),(437,7),(447,7),(458,7),(462,7),(465,7),(472,7),(478,7),(492,7),(517,7),(521,7),(532,7),(553,7),(577,7),(600,7),(606,7),(609,7),(611,7),(622,7),(654,7),(656,7),(661,7),(685,7),(686,7),(688,7),(694,7),(708,7),(724,7),(729,7),(737,7),(750,7),(756,7),(765,7),(771,7),(773,7),(794,7),(796,7),(860,7),(880,7),(884,7),(886,7),(891,7),(901,7),(902,7),(903,7),(919,7),(947,7),(951,7),(960,7),(963,7),(966,7),(969,7),(973,7),(974,7),(975,7),(982,7),(998,7),(1,8),(5,8),(6,8),(8,8),(22,8),(27,8),(31,8),(40,8),(47,8),(55,8),(69,8),(79,8),(120,8),(134,8),(153,8),(157,8),(171,8),(176,8),(189,8),(192,8),(195,8),(196,8),(208,8),(212,8),(223,8),(259,8),(272,8),(282,8),(325,8),(331,8),(363,8),(380,8),(387,8),(403,8),(415,8),(421,8),(424,8),(428,8),(472,8),(474,8),(482,8),(496,8),(518,8),(526,8),(548,8),(560,8),(568,8),(569,8),(599,8),(603,8),(616,8),(619,8),(623,8),(642,8),(645,8),(648,8),(650,8),(652,8),(659,8),(669,8),(679,8),(681,8),(694,8),(704,8),(705,8),(719,8),(721,8),(732,8),(754,8),(756,8),(766,8),(767,8),(776,8),(786,8),(828,8),(859,8),(872,8),(876,8),(885,8),(893,8),(905,8),(908,8),(921,8),(933,8),(945,8),(960,8),(982,8),(987,8),(993,8),(16,9),(58,9),(71,9),(78,9),(83,9),(92,9),(99,9),(127,9),(129,9),(139,9),(148,9),(151,9),(177,9),(182,9),(183,9),(187,9),(189,9),(192,9),(195,9),(204,9),(218,9),(238,9),(242,9),(251,9),(267,9),(270,9),(281,9),(296,9),(310,9),(311,9),(315,9),(331,9),(339,9),(357,9),(364,9),(365,9),(367,9),(368,9),(378,9),(387,9),(392,9),(400,9),(401,9),(413,9),(427,9),(438,9),(441,9),(462,9),(466,9),(469,9),(473,9),(478,9),(479,9),(485,9),(498,9),(505,9),(511,9),(512,9),(515,9),(518,9),(519,9),(542,9),(553,9),(557,9),(563,9),(579,9),(596,9),(600,9),(622,9),(623,9),(632,9),(643,9),(652,9),(665,9),(666,9),(671,9),(713,9),(725,9),(739,9),(744,9),(749,9),(764,9),(765,9),(772,9),(783,9),(786,9),(795,9),(797,9),(798,9),(800,9),(802,9),(819,9),(825,9),(827,9),(842,9),(845,9),(849,9),(857,9),(866,9),(873,9),(883,9),(887,9),(901,9),(909,9),(912,9),(923,9),(924,9),(942,9),(946,9),(982,9),(989,9),(1,10),(24,10),(36,10),(39,10),(90,10),(100,10),(109,10),(117,10),(131,10),(143,10),(149,10),(155,10),(160,10),(161,10),(164,10),(169,10),(179,10),(191,10),(211,10),(217,10),(223,10),(225,10),(250,10),(257,10),(265,10),(276,10),(278,10),(284,10),(287,10),(296,10),(297,10),(304,10),(339,10),(342,10),(350,10),(373,10),(379,10),(380,10),(393,10),(404,10),(427,10),(428,10),(429,10),(449,10),(467,10),(475,10),(503,10),(508,10),(539,10),(579,10),(588,10),(589,10),(594,10),(597,10),(610,10),(613,10),(625,10),(630,10),(646,10),(651,10),(654,10),(657,10),(674,10),(688,10),(691,10),(696,10),(732,10),(745,10),(784,10),(794,10),(800,10),(815,10),(832,10),(843,10),(849,10),(866,10),(881,10),(888,10),(895,10),(904,10),(910,10),(927,10),(954,10),(958,10),(963,10),(982,10),(984,10),(2,11),(4,11),(17,11),(33,11),(43,11),(48,11),(50,11),(59,11),(62,11),(77,11),(85,11),(89,11),(92,11),(129,11),(139,11),(142,11),(144,11),(149,11),(150,11),(158,11),(174,11),(175,11),(200,11),(209,11),(215,11),(220,11),(224,11),(229,11),(238,11),(250,11),(258,11),(265,11),(270,11),(286,11),(293,11),(296,11),(302,11),(303,11),(306,11),(311,11),(312,11),(321,11),(323,11),(335,11),(348,11),(360,11),(365,11),(366,11),(370,11),(373,11),(377,11),(380,11),(389,11),(392,11),(436,11),(442,11),(444,11),(447,11),(462,11),(477,11),(479,11),(484,11),(485,11),(507,11),(523,11),(546,11),(552,11),(555,11),(566,11),(583,11),(603,11),(615,11),(616,11),(628,11),(632,11),(637,11),(666,11),(672,11),(676,11),(681,11),(684,11),(686,11),(688,11),(713,11),(722,11),(728,11),(732,11),(741,11),(744,11),(748,11),(763,11),(768,11),(797,11),(803,11),(855,11),(863,11),(867,11),(873,11),(877,11),(886,11),(910,11),(923,11),(930,11),(939,11),(954,11),(964,11),(984,11),(12,12),(13,12),(16,12),(22,12),(23,12),(32,12),(56,12),(69,12),(74,12),(75,12),(83,12),(93,12),(96,12),(106,12),(123,12),(132,12),(150,12),(161,12),(167,12),(171,12),(178,12),(180,12),(182,12),(197,12),(201,12),(217,12),(242,12),(256,12),(261,12),(274,12),(279,12),(280,12),(304,12),(305,12),(320,12),(334,12),(340,12),(351,12),(352,12),(353,12),(375,12),(378,12),(385,12),(387,12),(408,12),(438,12),(442,12),(452,12),(455,12),(474,12),(487,12),(504,12),(518,12),(522,12),(532,12),(534,12),(538,12),(542,12),(551,12),(561,12),(562,12),(568,12),(579,12),(582,12),(586,12),(600,12),(616,12),(649,12),(660,12),(662,12),(680,12),(681,12),(694,12),(702,12),(716,12),(717,12),(724,12),(725,12),(733,12),(745,12),(780,12),(792,12),(793,12),(796,12),(815,12),(825,12),(836,12),(838,12),(851,12),(854,12),(869,12),(871,12),(872,12),(883,12),(903,12),(908,12),(909,12),(914,12),(941,12),(949,12),(954,12),(958,12),(960,12),(970,12),(971,12),(975,12),(992,12),(995,12),(999,12),(1,13),(2,13),(3,13),(5,13),(24,13),(29,13),(30,13),(49,13),(62,13),(65,13),(81,13),(90,13),(102,13),(108,13),(114,13),(124,13),(128,13),(135,13),(138,13),(152,13),(154,13),(172,13),(175,13),(187,13),(196,13),(211,13),(219,13),(250,13),(288,13),(290,13),(291,13),(297,13),(301,13),(309,13),(310,13),(315,13),(348,13),(353,13),(355,13),(372,13),(392,13),(394,13),(399,13),(432,13),(437,13),(448,13),(455,13),(464,13),(482,13),(536,13),(542,13),(544,13),(576,13),(589,13),(597,13),(599,13),(612,13),(615,13),(616,13),(629,13),(648,13),(651,13),(659,13),(674,13),(694,13),(714,13),(715,13),(719,13),(720,13),(722,13),(750,13),(762,13),(764,13),(768,13),(770,13),(774,13),(781,13),(792,13),(797,13),(804,13),(805,13),(806,13),(808,13),(817,13),(821,13),(828,13),(833,13),(837,13),(840,13),(854,13),(855,13),(863,13),(870,13),(873,13),(879,13),(882,13),(883,13),(887,13),(891,13),(904,13),(911,13),(914,13),(916,13),(941,13),(945,13),(958,13),(960,13),(962,13),(963,13),(965,13),(1000,13),(1,14),(7,14),(16,14),(24,14),(38,14),(66,14),(72,14),(75,14),(84,14),(97,14),(98,14),(102,14),(105,14),(109,14),(110,14),(120,14),(129,14),(146,14),(167,14),(172,14),(173,14),(205,14),(215,14),(233,14),(236,14),(246,14),(254,14),(283,14),(293,14),(328,14),(357,14),(365,14),(374,14),(407,14),(415,14),(422,14),(446,14),(466,14),(468,14),(470,14),(476,14),(483,14),(514,14),(515,14),(517,14),(529,14),(533,14),(541,14),(559,14),(560,14),(562,14),(571,14),(572,14),(602,14),(607,14),(612,14),(622,14),(631,14),(635,14),(640,14),(648,14),(661,14),(675,14),(678,14),(687,14),(701,14),(705,14),(710,14),(724,14),(737,14),(739,14),(741,14),(743,14),(759,14),(760,14),(769,14),(773,14),(786,14),(787,14),(802,14),(807,14),(811,14),(820,14),(821,14),(840,14),(842,14),(882,14),(887,14),(905,14),(909,14),(913,14),(923,14),(928,14),(933,14),(937,14),(953,14),(971,14),(974,14),(978,14),(991,14),(997,14),(34,15),(44,15),(50,15),(63,15),(73,15),(75,15),(83,15),(105,15),(126,15),(135,15),(148,15),(157,15),(161,15),(168,15),(180,15),(184,15),(185,15),(189,15),(191,15),(199,15),(204,15),(212,15),(216,15),(220,15),(235,15),(251,15),(265,15),(271,15),(291,15),(330,15),(340,15),(344,15),(350,15),(356,15),(370,15),(385,15),(409,15),(414,15),(423,15),(437,15),(443,15),(462,15),(467,15),(469,15),(498,15),(501,15),(505,15),(506,15),(510,15),(522,15),(531,15),(548,15),(551,15),(554,15),(557,15),(569,15),(576,15),(584,15),(585,15),(595,15),(603,15),(604,15),(609,15),(621,15),(622,15),(638,15),(647,15),(648,15),(649,15),(654,15),(669,15),(673,15),(679,15),(686,15),(706,15),(716,15),(723,15),(739,15),(746,15),(762,15),(770,15),(779,15),(781,15),(783,15),(802,15),(833,15),(857,15),(868,15),(874,15),(896,15),(897,15),(898,15),(916,15),(917,15),(922,15),(946,15),(972,15),(990,15),(4,16),(5,16),(6,16),(8,16),(29,16),(69,16),(82,16),(106,16),(110,16),(115,16),(120,16),(134,16),(138,16),(139,16),(144,16),(145,16),(158,16),(164,16),(170,16),(195,16),(196,16),(211,16),(213,16),(223,16),(234,16),(243,16),(285,16),(293,16),(326,16),(342,16),(372,16),(394,16),(399,16),(402,16),(437,16),(444,16),(450,16),(456,16),(468,16),(470,16),(473,16),(477,16),(490,16),(495,16),(530,16),(532,16),(541,16),(544,16),(546,16),(570,16),(603,16),(607,16),(617,16),(621,16),(625,16),(635,16),(643,16),(668,16),(680,16),(681,16),(692,16),(701,16),(704,16),(714,16),(717,16),(754,16),(800,16),(807,16),(817,16),(891,16),(908,16),(924,16),(926,16),(934,16),(938,16),(950,16),(958,16),(959,16),(964,16),(983,16),(990,16),(996,16),(1,17),(7,17),(8,17),(9,17),(25,17),(31,17),(32,17),(45,17),(64,17),(90,17),(103,17),(112,17),(114,17),(123,17),(128,17),(130,17),(133,17),(146,17),(151,17),(159,17),(172,17),(176,17),(183,17),(185,17),(187,17),(191,17),(215,17),(226,17),(237,17),(254,17),(261,17),(275,17),(292,17),(295,17),(348,17),(357,17),(358,17),(369,17),(397,17),(411,17),(428,17),(432,17),(443,17),(455,17),(459,17),(472,17),(477,17),(485,17),(491,17),(493,17),(495,17),(511,17),(517,17),(526,17),(537,17),(541,17),(555,17),(556,17),(570,17),(583,17),(584,17),(626,17),(628,17),(642,17),(644,17),(650,17),(664,17),(670,17),(676,17),(690,17),(707,17),(715,17),(717,17),(720,17),(730,17),(732,17),(736,17),(765,17),(769,17),(785,17),(789,17),(797,17),(804,17),(809,17),(817,17),(848,17),(850,17),(867,17),(868,17),(875,17),(881,17),(888,17),(893,17),(904,17),(921,17),(923,17),(948,17),(957,17),(971,17),(973,17),(975,17),(982,17),(989,17),(994,17),(997,17),(26,18),(28,18),(41,18),(42,18),(57,18),(76,18),(80,18),(97,18),(104,18),(111,18),(126,18),(127,18),(141,18),(153,18),(175,18),(189,18),(203,18),(225,18),(230,18),(240,18),(249,18),(271,18),(282,18),(290,18),(294,18),(297,18),(314,18),(315,18),(331,18),(350,18),(362,18),(368,18),(376,18),(383,18),(390,18),(392,18),(394,18),(400,18),(406,18),(407,18),(409,18),(414,18),(421,18),(435,18),(437,18),(468,18),(483,18),(489,18),(496,18),(497,18),(504,18),(507,18),(532,18),(536,18),(555,18),(564,18),(578,18),(580,18),(583,18),(590,18),(598,18),(605,18),(634,18),(638,18),(658,18),(665,18),(668,18),(680,18),(688,18),(691,18),(700,18),(705,18),(707,18),(714,18),(721,18),(737,18),(745,18),(747,18),(754,18),(759,18),(768,18),(780,18),(794,18),(795,18),(808,18),(813,18),(814,18),(815,18),(816,18),(843,18),(849,18),(870,18),(878,18),(885,18),(888,18),(889,18),(917,18),(928,18),(951,18),(955,18),(968,18),(4,19),(5,19),(17,19),(23,19),(39,19),(47,19),(55,19),(61,19),(72,19),(83,19),(89,19),(92,19),(96,19),(107,19),(109,19),(116,19),(123,19),(145,19),(146,19),(151,19),(170,19),(193,19),(197,19),(235,19),(256,19),(258,19),(265,19),(269,19),(273,19),(286,19),(289,19),(308,19),(320,19),(331,19),(332,19),(352,19),(356,19),(382,19),(385,19),(403,19),(423,19),(428,19),(435,19),(438,19),(439,19),(451,19),(453,19),(454,19),(471,19),(472,19),(482,19),(483,19),(489,19),(491,19),(505,19),(547,19),(548,19),(549,19),(551,19),(569,19),(592,19),(598,19),(602,19),(607,19),(608,19),(620,19),(624,19),(629,19),(672,19),(678,19),(698,19),(699,19),(700,19),(709,19),(712,19),(724,19),(725,19),(735,19),(750,19),(751,19),(757,19),(765,19),(767,19),(769,19),(782,19),(784,19),(795,19),(805,19),(811,19),(821,19),(822,19),(833,19),(870,19),(872,19),(884,19),(887,19),(891,19),(905,19),(908,19),(966,19),(978,19),(983,19),(986,19),(990,19),(994,19),(3,20),(8,20),(13,20),(14,20),(24,20),(27,20),(35,20),(44,20),(49,20),(52,20),(65,20),(80,20),(100,20),(104,20),(125,20),(143,20),(185,20),(186,20),(242,20),(255,20),(263,20),(276,20),(278,20),(283,20),(294,20),(300,20),(306,20),(309,20),(310,20),(316,20),(371,20),(382,20),(400,20),(407,20),(408,20),(409,20),(413,20),(429,20),(436,20),(437,20),(453,20),(467,20),(472,20),(475,20),(494,20),(495,20),(498,20),(508,20),(512,20),(513,20),(516,20),(525,20),(530,20),(531,20),(553,20),(564,20),(570,20),(585,20),(587,20),(611,20),(614,20),(621,20),(634,20),(655,20),(658,20),(669,20),(683,20),(700,20),(721,20),(723,20),(731,20),(734,20),(737,20),(748,20),(752,20),(758,20),(770,20),(788,20),(797,20),(800,20),(807,20),(808,20),(824,20),(828,20),(842,20),(887,20),(892,20),(896,20),(897,20),(908,20),(922,20),(925,20),(930,20),(968,20),(997,20),(6,21),(18,21),(33,21),(43,21),(44,21),(48,21),(52,21),(67,21),(93,21),(101,21),(106,21),(111,21),(122,21),(131,21),(133,21),(157,21),(165,21),(166,21),(171,21),(184,21),(185,21),(194,21),(200,21),(202,21),(213,21),(233,21),(238,21),(240,21),(242,21),(267,21),(269,21),(271,21),(286,21),(289,21),(292,21),(294,21),(300,21),(304,21),(313,21),(315,21),(387,21),(412,21),(420,21),(426,21),(427,21),(440,21),(493,21),(497,21),(506,21),(509,21),(522,21),(526,21),(527,21),(534,21),(536,21),(563,21),(565,21),(574,21),(577,21),(583,21),(586,21),(589,21),(592,21),(631,21),(657,21),(659,21),(666,21),(672,21),(673,21),(688,21),(705,21),(717,21),(724,21),(727,21),(731,21),(739,21),(753,21),(772,21),(773,21),(774,21),(795,21),(805,21),(811,21),(817,21),(842,21),(854,21),(876,21),(901,21),(907,21),(916,21),(918,21),(932,21),(939,21),(947,21),(987,21),(988,21),(1,22),(44,22),(56,22),(61,22),(66,22),(76,22),(87,22),(96,22),(105,22),(107,22),(113,22),(124,22),(151,22),(173,22),(175,22),(187,22),(189,22),(206,22),(208,22),(244,22),(252,22),(265,22),(274,22),(280,22),(286,22),(324,22),(328,22),(352,22),(356,22),(369,22),(371,22),(386,22),(399,22),(401,22),(402,22),(403,22),(419,22),(430,22),(435,22),(437,22),(439,22),(446,22),(450,22),(458,22),(466,22),(467,22),(470,22),(476,22),(485,22),(489,22),(492,22),(526,22),(530,22),(541,22),(548,22),(552,22),(568,22),(576,22),(591,22),(592,22),(596,22),(597,22),(611,22),(623,22),(624,22),(628,22),(639,22),(655,22),(665,22),(673,22),(675,22),(684,22),(687,22),(699,22),(702,22),(707,22),(721,22),(757,22),(758,22),(761,22),(772,22),(796,22),(805,22),(815,22),(827,22),(835,22),(838,22),(844,22),(849,22),(884,22),(894,22),(895,22),(909,22),(919,22),(923,22),(934,22),(942,22),(955,22),(957,22),(962,22),(968,22),(969,22),(972,22),(973,22),(979,22),(987,22),(990,22),(998,22),(9,23),(12,23),(54,23),(56,23),(61,23),(71,23),(76,23),(81,23),(103,23),(119,23),(122,23),(142,23),(143,23),(155,23),(160,23),(170,23),(179,23),(180,23),(213,23),(216,23),(226,23),(228,23),(251,23),(260,23),(271,23),(277,23),(288,23),(291,23),(307,23),(308,23),(311,23),(313,23),(320,23),(340,23),(353,23),(358,23),(371,23),(386,23),(394,23),(398,23),(400,23),(405,23),(408,23),(419,23),(429,23),(442,23),(445,23),(454,23),(457,23),(461,23),(481,23),(482,23),(488,23),(498,23),(525,23),(562,23),(569,23),(586,23),(588,23),(593,23),(601,23),(605,23),(606,23),(610,23),(623,23),(624,23),(636,23),(637,23),(642,23),(647,23),(655,23),(684,23),(689,23),(697,23),(698,23),(706,23),(718,23),(736,23),(759,23),(767,23),(768,23),(781,23),(783,23),(788,23),(808,23),(817,23),(825,23),(833,23),(859,23),(860,23),(871,23),(878,23),(884,23),(896,23),(904,23),(907,23),(909,23),(912,23),(938,23),(944,23),(953,23),(962,23),(977,23),(993,23),(994,23),(997,23),(998,23),(6,24),(7,24),(9,24),(20,24),(31,24),(33,24),(42,24),(55,24),(92,24),(127,24),(132,24),(148,24),(154,24),(156,24),(180,24),(192,24),(194,24),(215,24),(218,24),(221,24),(223,24),(242,24),(253,24),(284,24),(292,24),(312,24),(314,24),(319,24),(320,24),(321,24),(334,24),(353,24),(355,24),(361,24),(393,24),(408,24),(417,24),(438,24),(451,24),(470,24),(474,24),(487,24),(499,24),(523,24),(528,24),(535,24),(542,24),(559,24),(587,24),(592,24),(593,24),(637,24),(664,24),(701,24),(711,24),(714,24),(716,24),(717,24),(724,24),(732,24),(736,24),(744,24),(745,24),(746,24),(748,24),(754,24),(787,24),(788,24),(817,24),(818,24),(826,24),(832,24),(838,24),(877,24),(890,24),(895,24),(898,24),(918,24),(946,24),(994,24),(998,24),(10,25),(24,25),(30,25),(43,25),(45,25),(46,25),(49,25),(62,25),(69,25),(71,25),(76,25),(77,25),(80,25),(84,25),(85,25),(89,25),(103,25),(113,25),(154,25),(156,25),(158,25),(162,25),(164,25),(174,25),(181,25),(184,25),(191,25),(195,25),(218,25),(220,25),(224,25),(228,25),(248,25),(261,25),(262,25),(266,25),(275,25),(276,25),(279,25),(285,25),(289,25),(291,25),(296,25),(299,25),(307,25),(325,25),(342,25),(345,25),(353,25),(376,25),(393,25),(402,25),(404,25),(439,25),(440,25),(450,25),(458,25),(468,25),(484,25),(486,25),(487,25),(493,25),(498,25),(505,25),(517,25),(530,25),(535,25),(539,25),(548,25),(554,25),(567,25),(589,25),(602,25),(607,25),(612,25),(613,25),(619,25),(626,25),(644,25),(654,25),(661,25),(671,25),(683,25),(685,25),(692,25),(693,25),(700,25),(719,25),(727,25),(749,25),(775,25),(779,25),(785,25),(791,25),(832,25),(843,25),(865,25),(866,25),(868,25),(869,25),(874,25),(876,25),(877,25),(883,25),(884,25),(886,25),(890,25),(909,25),(926,25),(927,25),(950,25),(958,25),(2,26),(8,26),(13,26),(15,26),(16,26),(32,26),(34,26),(56,26),(59,26),(60,26),(64,26),(99,26),(126,26),(144,26),(145,26),(162,26),(187,26),(189,26),(216,26),(233,26),(244,26),(250,26),(275,26),(290,26),(338,26),(346,26),(370,26),(385,26),(395,26),(396,26),(402,26),(409,26),(413,26),(420,26),(436,26),(439,26),(454,26),(467,26),(480,26),(488,26),(490,26),(501,26),(518,26),(522,26),(524,26),(526,26),(538,26),(546,26),(559,26),(570,26),(578,26),(589,26),(615,26),(628,26),(632,26),(635,26),(647,26),(662,26),(665,26),(671,26),(692,26),(704,26),(711,26),(715,26),(717,26),(720,26),(724,26),(761,26),(787,26),(791,26),(800,26),(803,26),(806,26),(809,26),(810,26),(812,26),(816,26),(822,26),(824,26),(829,26),(836,26),(847,26),(848,26),(853,26),(855,26),(874,26),(876,26),(887,26),(908,26),(936,26),(938,26),(950,26),(959,26),(972,26),(980,26),(992,26),(997,26),(6,27),(7,27),(8,27),(15,27),(22,27),(28,27),(29,27),(32,27),(47,27),(51,27),(62,27),(100,27),(116,27),(125,27),(134,27),(161,27),(167,27),(173,27),(179,27),(211,27),(218,27),(219,27),(222,27),(250,27),(255,27),(275,27),(283,27),(295,27),(298,27),(319,27),(328,27),(335,27),(352,27),(356,27),(360,27),(369,27),(401,27),(402,27),(419,27),(438,27),(452,27),(455,27),(465,27),(474,27),(489,27),(490,27),(492,27),(494,27),(505,27),(506,27),(512,27),(513,27),(527,27),(530,27),(538,27),(563,27),(568,27),(578,27),(580,27),(582,27),(591,27),(605,27),(615,27),(616,27),(620,27),(636,27),(661,27),(667,27),(674,27),(684,27),(685,27),(740,27),(758,27),(762,27),(781,27),(786,27),(791,27),(799,27),(802,27),(846,27),(850,27),(862,27),(869,27),(891,27),(893,27),(905,27),(909,27),(928,27),(957,27),(968,27),(982,27),(984,27),(987,27),(995,27),(2,28),(23,28),(30,28),(44,28),(64,28),(68,28),(92,28),(110,28),(126,28),(134,28),(136,28),(137,28),(142,28),(144,28),(196,28),(198,28),(206,28),(208,28),(213,28),(231,28),(232,28),(241,28),(243,28),(254,28),(267,28),(280,28),(294,28),(316,28),(338,28),(341,28),(358,28),(367,28),(378,28),(380,28),(386,28),(433,28),(462,28),(467,28),(477,28),(484,28),(492,28),(499,28),(502,28),(503,28),(510,28),(516,28),(529,28),(550,28),(552,28),(555,28),(560,28),(569,28),(576,28),(589,28),(591,28),(599,28),(605,28),(609,28),(628,28),(641,28),(667,28),(668,28),(669,28),(686,28),(690,28),(698,28),(705,28),(718,28),(728,28),(740,28),(743,28),(753,28),(765,28),(772,28),(783,28),(792,28),(793,28),(815,28),(821,28),(829,28),(832,28),(854,28),(862,28),(871,28),(898,28),(917,28),(931,28),(967,28),(977,28),(987,28),(989,28),(995,28),(18,29),(36,29),(37,29),(38,29),(40,29),(42,29),(44,29),(66,29),(67,29),(89,29),(90,29),(93,29),(110,29),(111,29),(116,29),(119,29),(124,29),(126,29),(129,29),(135,29),(144,29),(158,29),(175,29),(191,29),(195,29),(214,29),(226,29),(231,29),(281,29),(288,29),(305,29),(310,29),(314,29),(319,29),(341,29),(342,29),(344,29),(358,29),(372,29),(377,29),(381,29),(382,29),(384,29),(385,29),(388,29),(398,29),(416,29),(432,29),(436,29),(452,29),(459,29),(460,29),(468,29),(475,29),(477,29),(480,29),(495,29),(510,29),(516,29),(530,29),(574,29),(593,29),(594,29),(598,29),(600,29),(612,29),(619,29),(620,29),(621,29),(627,29),(656,29),(661,29),(670,29),(733,29),(743,29),(746,29),(750,29),(759,29),(761,29),(770,29),(775,29),(778,29),(798,29),(827,29),(831,29),(833,29),(841,29),(861,29),(863,29),(864,29),(890,29),(906,29),(911,29),(915,29),(917,29),(923,29),(936,29),(939,29),(946,29),(949,29),(950,29),(952,29),(978,29),(985,29),(995,29),(20,30),(46,30),(59,30),(60,30),(63,30),(67,30),(73,30),(82,30),(84,30),(95,30),(110,30),(120,30),(128,30),(130,30),(146,30),(153,30),(169,30),(183,30),(185,30),(191,30),(196,30),(203,30),(209,30),(218,30),(237,30),(244,30),(247,30),(260,30),(263,30),(264,30),(288,30),(300,30),(303,30),(312,30),(317,30),(321,30),(323,30),(329,30),(330,30),(333,30),(346,30),(354,30),(359,30),(394,30),(395,30),(416,30),(428,30),(436,30),(439,30),(442,30),(456,30),(460,30),(463,30),(464,30),(470,30),(475,30),(483,30),(490,30),(494,30),(502,30),(509,30),(512,30),(520,30),(535,30),(537,30),(539,30),(541,30),(543,30),(546,30),(559,30),(560,30),(573,30),(593,30),(595,30),(619,30),(652,30),(660,30),(667,30),(673,30),(678,30),(685,30),(698,30),(729,30),(762,30),(785,30),(786,30),(789,30),(795,30),(798,30),(805,30),(816,30),(830,30),(831,30),(832,30),(833,30),(845,30),(849,30),(852,30),(875,30),(881,30),(882,30),(884,30),(885,30),(891,30),(895,30),(913,30),(914,30),(930,30),(934,30),(961,30),(970,30),(977,30),(983,30),(989,30),(997,30),(4,31),(14,31),(38,31),(43,31),(48,31),(52,31),(57,31),(60,31),(63,31),(67,31),(89,31),(109,31),(124,31),(138,31),(144,31),(147,31),(150,31),(152,31),(162,31),(167,31),(169,31),(180,31),(182,31),(186,31),(191,31),(216,31),(223,31),(224,31),(225,31),(234,31),(239,31),(241,31),(251,31),(260,31),(289,31),(290,31),(318,31),(319,31),(325,31),(345,31),(353,31),(363,31),(366,31),(375,31),(386,31),(411,31),(412,31),(416,31),(425,31),(469,31),(470,31),(477,31),(483,31),(494,31),(522,31),(555,31),(564,31),(568,31),(587,31),(592,31),(599,31),(605,31),(612,31),(635,31),(636,31),(647,31),(649,31),(650,31),(652,31),(654,31),(659,31),(666,31),(696,31),(704,31),(706,31),(716,31),(745,31),(750,31),(756,31),(772,31),(788,31),(833,31),(841,31),(844,31),(866,31),(883,31),(899,31),(903,31),(907,31),(928,31),(949,31),(959,31),(986,31),(1,32),(7,32),(11,32),(24,32),(25,32),(30,32),(61,32),(62,32),(81,32),(86,32),(87,32),(143,32),(159,32),(166,32),(171,32),(221,32),(239,32),(245,32),(250,32),(253,32),(254,32),(264,32),(271,32),(274,32),(275,32),(280,32),(281,32),(295,32),(298,32),(299,32),(311,32),(318,32),(319,32),(333,32),(335,32),(354,32),(360,32),(389,32),(391,32),(415,32),(419,32),(420,32),(427,32),(448,32),(482,32),(483,32),(486,32),(490,32),(491,32),(495,32),(497,32),(499,32),(500,32),(502,32),(509,32),(527,32),(546,32),(551,32),(559,32),(562,32),(579,32),(582,32),(583,32),(598,32),(609,32),(616,32),(639,32),(644,32),(657,32),(660,32),(671,32),(688,32),(689,32),(691,32),(704,32),(724,32),(726,32),(741,32),(742,32),(749,32),(757,32),(759,32),(767,32),(775,32),(783,32),(803,32),(807,32),(820,32),(823,32),(841,32),(842,32),(884,32),(896,32),(905,32),(911,32),(915,32),(919,32),(931,32),(942,32),(943,32),(952,32),(960,32),(967,32),(971,32),(973,32),(975,32),(987,32),(989,32),(990,32),(992,32),(4,33),(10,33),(28,33),(58,33),(66,33),(74,33),(77,33),(101,33),(103,33),(116,33),(130,33),(136,33),(137,33),(150,33),(156,33),(171,33),(172,33),(198,33),(223,33),(228,33),(245,33),(256,33),(269,33),(278,33),(281,33),(291,33),(299,33),(314,33),(326,33),(329,33),(335,33),(344,33),(346,33),(347,33),(367,33),(389,33),(424,33),(427,33),(435,33),(436,33),(439,33),(476,33),(478,33),(502,33),(518,33),(522,33),(525,33),(534,33),(544,33),(572,33),(575,33),(582,33),(587,33),(588,33),(602,33),(606,33),(624,33),(641,33),(644,33),(650,33),(654,33),(656,33),(660,33),(674,33),(676,33),(677,33),(681,33),(684,33),(690,33),(701,33),(702,33),(708,33),(718,33),(749,33),(765,33),(773,33),(807,33),(816,33),(819,33),(847,33),(851,33),(865,33),(874,33),(877,33),(878,33),(888,33),(891,33),(895,33),(913,33),(914,33),(919,33),(921,33),(938,33),(950,33),(958,33),(965,33),(978,33),(980,33),(983,33),(992,33),(20,34),(21,34),(51,34),(52,34),(64,34),(91,34),(110,34),(117,34),(138,34),(160,34),(168,34),(180,34),(184,34),(196,34),(219,34),(231,34),(251,34),(255,34),(258,34),(262,34),(311,34),(319,34),(324,34),(329,34),(350,34),(351,34),(365,34),(381,34),(396,34),(417,34),(420,34),(422,34),(424,34),(431,34),(433,34),(435,34),(442,34),(444,34),(449,34),(452,34),(453,34),(460,34),(472,34),(478,34),(479,34),(494,34),(497,34),(505,34),(509,34),(525,34),(536,34),(537,34),(543,34),(546,34),(548,34),(555,34),(571,34),(576,34),(577,34),(600,34),(635,34),(643,34),(666,34),(673,34),(685,34),(686,34),(701,34),(709,34),(720,34),(740,34),(741,34),(743,34),(745,34),(756,34),(758,34),(766,34),(778,34),(796,34),(800,34),(806,34),(810,34),(811,34),(814,34),(817,34),(819,34),(824,34),(841,34),(843,34),(845,34),(854,34),(861,34),(866,34),(874,34),(878,34),(891,34),(897,34),(899,34),(918,34),(919,34),(927,34),(928,34),(930,34),(941,34),(956,34),(960,34),(962,34),(967,34),(971,34),(977,34),(19,35),(29,35),(30,35),(49,35),(58,35),(66,35),(69,35),(70,35),(78,35),(79,35),(82,35),(116,35),(132,35),(141,35),(171,35),(174,35),(176,35),(178,35),(197,35),(212,35),(242,35),(243,35),(246,35),(249,35),(253,35),(278,35),(284,35),(286,35),(302,35),(333,35),(336,35),(343,35),(346,35),(355,35),(357,35),(359,35),(370,35),(386,35),(392,35),(394,35),(401,35),(402,35),(415,35),(426,35),(459,35),(460,35),(498,35),(503,35),(507,35),(508,35),(510,35),(512,35),(533,35),(556,35),(565,35),(567,35),(572,35),(597,35),(611,35),(620,35),(639,35),(676,35),(710,35),(711,35),(739,35),(745,35),(751,35),(764,35),(767,35),(768,35),(777,35),(780,35),(790,35),(800,35),(816,35),(852,35),(874,35),(890,35),(908,35),(918,35),(920,35),(930,35),(933,35),(942,35),(950,35),(951,35),(962,35),(986,35),(995,35),(1000,35),(13,36),(16,36),(20,36),(35,36),(42,36),(61,36),(68,36),(76,36),(86,36),(87,36),(88,36),(92,36),(120,36),(122,36),(136,36),(142,36),(172,36),(178,36),(198,36),(199,36),(206,36),(256,36),(262,36),(270,36),(288,36),(289,36),(302,36),(309,36),(314,36),(323,36),(328,36),(335,36),(343,36),(355,36),(367,36),(369,36),(372,36),(377,36),(390,36),(391,36),(397,36),(417,36),(423,36),(431,36),(435,36),(450,36),(452,36),(466,36),(488,36),(490,36),(496,36),(504,36),(510,36),(513,36),(515,36),(534,36),(535,36),(542,36),(567,36),(576,36),(601,36),(616,36),(618,36),(623,36),(631,36),(636,36),(645,36),(648,36),(666,36),(674,36),(683,36),(689,36),(694,36),(697,36),(698,36),(702,36),(705,36),(706,36),(707,36),(715,36),(719,36),(728,36),(732,36),(757,36),(760,36),(774,36),(783,36),(792,36),(795,36),(802,36),(824,36),(829,36),(833,36),(849,36),(856,36),(871,36),(900,36),(902,36),(906,36),(907,36),(910,36),(916,36),(920,36),(930,36),(934,36),(951,36),(954,36),(964,36),(973,36),(2,37),(5,37),(35,37),(41,37),(52,37),(77,37),(91,37),(95,37),(97,37),(98,37),(111,37),(118,37),(121,37),(127,37),(152,37),(158,37),(168,37),(170,37),(173,37),(181,37),(187,37),(196,37),(204,37),(217,37),(290,37),(294,37),(296,37),(304,37),(320,37),(325,37),(326,37),(340,37),(359,37),(361,37),(374,37),(384,37),(396,37),(403,37),(406,37),(409,37),(429,37),(435,37),(437,37),(443,37),(449,37),(457,37),(484,37),(491,37),(494,37),(498,37),(507,37),(508,37),(509,37),(512,37),(529,37),(532,37),(536,37),(538,37),(539,37),(545,37),(547,37),(553,37),(555,37),(567,37),(580,37),(588,37),(590,37),(605,37),(611,37),(614,37),(630,37),(645,37),(657,37),(665,37),(676,37),(678,37),(701,37),(702,37),(703,37),(704,37),(706,37),(734,37),(751,37),(756,37),(773,37),(794,37),(796,37),(801,37),(813,37),(825,37),(830,37),(836,37),(838,37),(872,37),(875,37),(908,37),(913,37),(925,37),(931,37),(934,37),(965,37),(966,37),(979,37),(995,37),(5,38),(6,38),(9,38),(25,38),(36,38),(37,38),(41,38),(47,38),(69,38),(79,38),(91,38),(93,38),(94,38),(106,38),(108,38),(122,38),(128,38),(132,38),(138,38),(141,38),(144,38),(162,38),(164,38),(176,38),(211,38),(228,38),(239,38),(247,38),(299,38),(338,38),(342,38),(345,38),(357,38),(379,38),(394,38),(400,38),(405,38),(409,38),(421,38),(426,38),(438,38),(442,38),(457,38),(462,38),(472,38),(475,38),(490,38),(497,38),(507,38),(513,38),(516,38),(525,38),(527,38),(534,38),(536,38),(564,38),(575,38),(604,38),(605,38),(610,38),(620,38),(623,38),(656,38),(672,38),(701,38),(728,38),(751,38),(761,38),(764,38),(770,38),(771,38),(783,38),(788,38),(801,38),(806,38),(810,38),(817,38),(837,38),(838,38),(839,38),(852,38),(862,38),(875,38),(876,38),(881,38),(887,38),(898,38),(901,38),(912,38),(913,38),(929,38),(941,38),(949,38),(952,38),(958,38),(974,38),(991,38),(994,38),(995,38),(998,38),(7,39),(8,39),(15,39),(24,39),(35,39),(38,39),(41,39),(44,39),(46,39),(53,39),(67,39),(73,39),(77,39),(85,39),(87,39),(108,39),(123,39),(130,39),(142,39),(160,39),(165,39),(176,39),(177,39),(190,39),(197,39),(231,39),(263,39),(276,39),(284,39),(290,39),(302,39),(309,39),(313,39),(323,39),(338,39),(342,39),(352,39),(368,39),(371,39),(380,39),(395,39),(399,39),(405,39),(441,39),(468,39),(476,39),(478,39),(481,39),(486,39),(502,39),(507,39),(508,39),(517,39),(519,39),(539,39),(546,39),(552,39),(555,39),(585,39),(608,39),(618,39),(622,39),(628,39),(640,39),(663,39),(667,39),(670,39),(672,39),(680,39),(691,39),(693,39),(736,39),(739,39),(741,39),(750,39),(756,39),(766,39),(767,39),(768,39),(771,39),(772,39),(786,39),(790,39),(830,39),(837,39),(839,39),(863,39),(870,39),(872,39),(879,39),(880,39),(881,39),(886,39),(888,39),(893,39),(901,39),(902,39),(909,39),(930,39),(963,39),(964,39),(969,39),(970,39),(973,39),(982,39),(983,39),(21,40),(23,40),(32,40),(43,40),(56,40),(60,40),(76,40),(77,40),(90,40),(97,40),(106,40),(107,40),(114,40),(138,40),(140,40),(151,40),(159,40),(182,40),(183,40),(186,40),(215,40),(228,40),(229,40),(302,40),(308,40),(316,40),(318,40),(366,40),(371,40),(381,40),(398,40),(410,40),(434,40),(443,40),(454,40),(472,40),(473,40),(499,40),(500,40),(508,40),(516,40),(540,40),(544,40),(545,40),(555,40),(560,40),(561,40),(563,40),(582,40),(592,40),(594,40),(612,40),(618,40),(640,40),(666,40),(670,40),(675,40),(684,40),(688,40),(690,40),(702,40),(713,40),(747,40),(759,40),(762,40),(765,40),(776,40),(785,40),(794,40),(808,40),(824,40),(825,40),(828,40),(839,40),(853,40),(854,40),(871,40),(874,40),(882,40),(884,40),(903,40),(904,40),(905,40),(907,40),(928,40),(929,40),(941,40),(954,40),(961,40),(971,40),(974,40),(976,40),(981,40),(993,40),(995,40),(996,40),(999,40),(4,41),(5,41),(7,41),(19,41),(48,41),(52,41),(53,41),(63,41),(73,41),(76,41),(85,41),(93,41),(136,41),(150,41),(170,41),(182,41),(193,41),(194,41),(208,41),(214,41),(221,41),(223,41),(236,41),(239,41),(260,41),(279,41),(302,41),(351,41),(369,41),(375,41),(381,41),(398,41),(408,41),(416,41),(424,41),(427,41),(435,41),(464,41),(467,41),(472,41),(479,41),(484,41),(488,41),(502,41),(506,41),(511,41),(515,41),(531,41),(545,41),(548,41),(562,41),(605,41),(608,41),(636,41),(639,41),(643,41),(645,41),(663,41),(664,41),(679,41),(689,41),(702,41),(743,41),(746,41),(754,41),(777,41),(793,41),(805,41),(810,41),(839,41),(843,41),(848,41),(854,41),(860,41),(865,41),(883,41),(893,41),(898,41),(900,41),(902,41),(914,41),(916,41),(930,41),(947,41),(956,41),(962,41),(964,41),(978,41),(982,41),(985,41),(990,41),(999,41),(17,42),(30,42),(37,42),(40,42),(41,42),(43,42),(50,42),(62,42),(87,42),(90,42),(107,42),(124,42),(126,42),(128,42),(134,42),(179,42),(188,42),(206,42),(222,42),(234,42),(237,42),(254,42),(259,42),(263,42),(266,42),(270,42),(275,42),(300,42),(306,42),(308,42),(314,42),(329,42),(333,42),(348,42),(349,42),(355,42),(370,42),(407,42),(410,42),(419,42),(428,42),(430,42),(448,42),(450,42),(451,42),(459,42),(461,42),(473,42),(490,42),(503,42),(507,42),(520,42),(551,42),(557,42),(570,42),(609,42),(625,42),(628,42),(632,42),(645,42),(669,42),(672,42),(681,42),(691,42),(710,42),(722,42),(728,42),(729,42),(731,42),(743,42),(763,42),(766,42),(787,42),(788,42),(808,42),(811,42),(812,42),(818,42),(829,42),(833,42),(834,42),(840,42),(842,42),(853,42),(870,42),(871,42),(881,42),(887,42),(895,42),(899,42),(907,42),(936,42),(942,42),(943,42),(944,42),(950,42),(992,42),(22,43),(24,43),(31,43),(33,43),(34,43),(41,43),(47,43),(58,43),(69,43),(75,43),(87,43),(93,43),(98,43),(117,43),(150,43),(169,43),(171,43),(182,43),(210,43),(217,43),(221,43),(231,43),(235,43),(248,43),(250,43),(261,43),(262,43),(263,43),(273,43),(284,43),(285,43),(290,43),(297,43),(306,43),(325,43),(356,43),(361,43),(366,43),(380,43),(382,43),(383,43),(384,43),(410,43),(417,43),(447,43),(456,43),(464,43),(478,43),(491,43),(497,43),(509,43),(515,43),(518,43),(525,43),(532,43),(540,43),(556,43),(558,43),(569,43),(600,43),(604,43),(610,43),(631,43),(643,43),(649,43),(671,43),(675,43),(676,43),(683,43),(699,43),(722,43),(723,43),(726,43),(734,43),(737,43),(738,43),(746,43),(753,43),(755,43),(758,43),(791,43),(799,43),(804,43),(817,43),(821,43),(834,43),(840,43),(844,43),(878,43),(889,43),(901,43),(904,43),(907,43),(909,43),(910,43),(927,43),(941,43),(945,43),(956,43),(957,43),(972,43),(988,43),(1,44),(4,44),(9,44),(15,44),(20,44),(30,44),(44,44),(49,44),(50,44),(55,44),(57,44),(62,44),(65,44),(68,44),(70,44),(88,44),(100,44),(114,44),(119,44),(122,44),(129,44),(138,44),(155,44),(170,44),(173,44),(176,44),(185,44),(192,44),(204,44),(207,44),(208,44),(219,44),(220,44),(234,44),(241,44),(245,44),(246,44),(252,44),(259,44),(262,44),(272,44),(279,44),(294,44),(311,44),(324,44),(332,44),(334,44),(354,44),(372,44),(375,44),(382,44),(396,44),(431,44),(438,44),(445,44),(450,44),(453,44),(454,44),(456,44),(474,44),(481,44),(490,44),(491,44),(495,44),(503,44),(508,44),(525,44),(537,44),(565,44),(585,44),(600,44),(612,44),(619,44),(620,44),(623,44),(637,44),(645,44),(647,44),(688,44),(699,44),(702,44),(719,44),(726,44),(733,44),(751,44),(754,44),(763,44),(765,44),(772,44),(777,44),(792,44),(799,44),(801,44),(819,44),(841,44),(853,44),(858,44),(859,44),(862,44),(863,44),(867,44),(876,44),(881,44),(886,44),(894,44),(909,44),(923,44),(931,44),(932,44),(933,44),(936,44),(939,44),(951,44),(956,44),(964,44),(978,44),(992,44);
/*!40000 ALTER TABLE `team_relationship` ENABLE KEYS */;
UNLOCK TABLES;
/*!40103 SET TIME_ZONE=@OLD_TIME_ZONE */;

/*!40101 SET SQL_MODE=@OLD_SQL_MODE */;
/*!40014 SET FOREIGN_KEY_CHECKS=@OLD_FOREIGN_KEY_CHECKS */;
/*!40014 SET UNIQUE_CHECKS=@OLD_UNIQUE_CHECKS */;
/*!40101 SET CHARACTER_SET_CLIENT=@OLD_CHARACTER_SET_CLIENT */;
/*!40101 SET CHARACTER_SET_RESULTS=@OLD_CHARACTER_SET_RESULTS */;
/*!40101 SET COLLATION_CONNECTION=@OLD_COLLATION_CONNECTION */;
/*!40111 SET SQL_NOTES=@OLD_SQL_NOTES */;

-- Dump completed on 2024-11-06 16:26:42


-- Part 2: Ensuring the solidity of my operational layer

-- Checking for missing affiliation IDs in the affiliation_relationship table
SELECT ar.agent_id, ar.affiliation_id
FROM affiliation_relationship ar
LEFT JOIN affiliation a ON ar.affiliation_id = a.affiliation_id
WHERE a.affiliation_id IS NULL;

-- Checking for missing agent IDs in related tables
SELECT lr.agent_id
FROM language_relationship lr
LEFT JOIN agent a ON lr.agent_id = a.agent_id
WHERE a.agent_id IS NULL;

-- Checking for NULL values in NOT NULL columns
SELECT * FROM agent WHERE agent_id IS NULL OR first_name IS NULL;
SELECT * FROM mission WHERE mission_id IS NULL OR mission_name IS NULL;

-- Checking for negative salaries or unreasonable values
SELECT * FROM agent WHERE salary < 0;

-- Verifying that mission statuses follow a defined set of values
SELECT DISTINCT mission_status FROM mission;

-- Checking for duplicate affiliations by name
SELECT affiliation_name, COUNT(*)
FROM affiliation
GROUP BY affiliation_name
HAVING COUNT(*) > 1;

-- Checking for duplicate agent entries
SELECT agent_id, COUNT(*)
FROM agent
GROUP BY agent_id
HAVING COUNT(*) > 1;

-- Adding a NOT NULL constraint
ALTER TABLE agent MODIFY salary DECIMAL(10, 2) NOT NULL;

-- Checking for primary and foreing key constraints
SELECT TABLE_NAME, COLUMN_NAME, DATA_TYPE
FROM information_schema.COLUMNS
WHERE TABLE_SCHEMA = 'spy_project';

SELECT 
    TABLE_NAME, 
    COLUMN_NAME, 
    CONSTRAINT_NAME, 
    REFERENCED_TABLE_NAME, 
    REFERENCED_COLUMN_NAME 
FROM information_schema.KEY_COLUMN_USAGE 
WHERE TABLE_SCHEMA = 'spy_project' 
  AND REFERENCED_TABLE_NAME IS NOT NULL;
  
-- Part 3: Analytics
-- Step 1: Create the Agent Performance Analytical Table
DROP TABLE IF EXISTS agent_performance;
CREATE TABLE agent_performance AS
SELECT 
    a.agent_id, 
    CONCAT(a.first_name, ' ', a.last_name) AS agent_name, 
    COUNT(m.mission_id) AS total_missions, 
    SUM(CASE WHEN m.mission_status = 'Completed' THEN 1 ELSE 0 END) AS successful_missions, 
    COUNT(DISTINCT m.team_id) AS teams_participated,
    AVG(a.salary) AS average_salary
FROM 
    agent a
LEFT JOIN 
    mission m ON a.agent_id = m.agent_id
GROUP BY 
    a.agent_id;

-- Step 2: Create the Skill Proficiency Analytical Table
DROP TABLE IF EXISTS skill_proficiency;
CREATE TABLE skill_proficiency AS
SELECT 
    a.agent_id, 
    CONCAT(a.first_name, ' ', a.last_name) AS agent_name, 
    COUNT(DISTINCT s.skill_id) AS total_skills
FROM 
    agent a
LEFT JOIN 
    skill_relationship sr ON a.agent_id = sr.agent_id
LEFT JOIN 
    skill s ON sr.skill_id = s.skill_id
GROUP BY 
    a.agent_id;

-- Step 3: Create the Team Effectiveness Analytical Table
DROP TABLE IF EXISTS team_effectiveness;
CREATE TABLE team_effectiveness AS
SELECT 
    t.team_id, 
    t.team_name, 
    COUNT(m.mission_id) AS total_missions, 
    SUM(CASE WHEN m.mission_status = 'Completed' THEN 1 ELSE 0 END) AS successful_missions,
    ROUND(SUM(CASE WHEN m.mission_status = 'Completed' THEN 1 ELSE 0 END) / COUNT(m.mission_id) * 100, 2) AS success_rate
FROM 
    team t
LEFT JOIN 
    mission m ON t.team_id = m.team_id
GROUP BY 
    t.team_id;
    
-- Step 4: Create the Affiliation Metrics Analytical Table
DROP TABLE IF EXISTS affiliation_metrics;
CREATE TABLE affiliation_metrics AS
SELECT 
    a.agent_id, 
    CONCAT(a.first_name, ' ', a.last_name) AS agent_name, 
    COUNT(ar.affiliation_id) AS total_affiliations, 
    AVG(CASE 
            WHEN ar.affiliation_strength = 'Strong' THEN 3
            WHEN ar.affiliation_strength = 'Medium' THEN 2
            WHEN ar.affiliation_strength = 'Low' THEN 1
            ELSE 0
        END) AS avg_affiliation_strength
FROM 
    agent a
LEFT JOIN 
    affiliation_relationship ar ON a.agent_id = ar.agent_id
GROUP BY 
    a.agent_id;
    
-- Step 5: Create the Mission Summary Analytical Table
DROP TABLE IF EXISTS mission_summary;
CREATE TABLE mission_summary AS
SELECT 
    m.mission_id, 
    m.mission_name, 
    m.location, 
    CONCAT(a.first_name, ' ', a.last_name) AS agent_name, 
    t.team_name, 
    sc.sc_level AS security_clearance_level, 
    m.mission_status
FROM 
    mission m
LEFT JOIN 
    agent a ON m.agent_id = a.agent_id
LEFT JOIN 
    team t ON m.team_id = t.team_id
LEFT JOIN 
    security_clearance sc ON m.access_id = sc.sc_id;
    
-- Part 4: Stored Procedures & Data marts

-- creating data marts
DROP VIEW IF EXISTS agent_performance_view, team_effectiveness_view, mission_summary_view;

-- Step 6.1: Create Agent Performance Data Mart View
CREATE VIEW agent_performance_view AS
SELECT 
    agent_id, 
    agent_name, 
    total_missions, 
    successful_missions, 
    teams_participated, 
    average_salary
FROM 
    agent_performance;
    
-- Step 6.2: Create Team Effectiveness Data Mart View
CREATE VIEW team_effectiveness_view AS
SELECT 
    team_id, 
    team_name, 
    total_missions, 
    successful_missions, 
    success_rate
FROM 
    team_effectiveness;
    
-- Step 6.3: Create Mission Summary Data Mart View
CREATE VIEW mission_summary_view AS
SELECT 
    mission_id, 
    mission_name, 
    location, 
    agent_name, 
    team_name, 
    security_clearance_level, 
    mission_status
FROM 
    mission_summary;

-- ### 2.1 Agent Performance
-- **Q1: Which agents have the highest mission success rates?**
DROP PROCEDURE IF EXISTS GetTopPerformingAgentsFromDataMart;
DELIMITER $$

CREATE PROCEDURE GetTopPerformingAgentsFromDataMart()
BEGIN
    SELECT 
        agent_id, 
        agent_name, 
        total_missions, 
        successful_missions, 
        ROUND((successful_missions / total_missions) * 100, 2) AS success_rate
    FROM 
        agent_performance_view
    WHERE 
        total_missions > 0
    ORDER BY 
        success_rate DESC
    LIMIT 10;
END$$

DELIMITER ;

-- **Q2: How does agent performance vary based on their affiliations, skills, and team assignments?**

DROP PROCEDURE IF EXISTS GetAgentPerformanceByFactors;
DELIMITER $$

CREATE PROCEDURE GetAgentPerformanceByFactors()
BEGIN
    SELECT 
        ap.agent_id, 
        ap.agent_name, 
        ap.total_missions, 
        ap.successful_missions, 
        am.total_affiliations, 
        am.avg_affiliation_strength,
        sp.total_skills,
        te.total_missions AS team_missions,
        te.success_rate AS team_success_rate
    FROM 
        agent_performance_view ap
    LEFT JOIN 
        affiliation_metrics am ON ap.agent_id = am.agent_id
    LEFT JOIN 
        skill_proficiency sp ON ap.agent_id = sp.agent_id
    LEFT JOIN 
        team_effectiveness_view te ON ap.agent_id = te.team_id;
END$$

DELIMITER ;

-- ### 2.2 Affiliation Strength
-- **Q1: How do different affiliations affect mission outcomes?**

DROP PROCEDURE IF EXISTS GetMissionOutcomesByAffiliations;
DELIMITER $$

CREATE PROCEDURE GetMissionOutcomesByAffiliations()
BEGIN
    SELECT 
        ar.affiliation_id, 
        a.affiliation_name, 
        COUNT(m.mission_id) AS total_missions, 
        SUM(CASE WHEN m.mission_status = 'Completed' THEN 1 ELSE 0 END) AS successful_missions,
        ROUND(SUM(CASE WHEN m.mission_status = 'Completed' THEN 1 ELSE 0 END) / COUNT(m.mission_id) * 100, 2) AS success_rate
    FROM 
        affiliation_relationship ar
    LEFT JOIN 
        mission m ON ar.agent_id = m.agent_id
    LEFT JOIN 
        affiliation a ON ar.affiliation_id = a.affiliation_id
    GROUP BY 
        ar.affiliation_id;
END$$

DELIMITER ;

-- **Q2: Is there a correlation between the strength of an agents affiliation and their success rate?**

DROP PROCEDURE IF EXISTS GetAffiliationStrengthCorrelation;
DELIMITER $$

CREATE PROCEDURE GetAffiliationStrengthCorrelation()
BEGIN
    SELECT 
        am.agent_id, 
        am.avg_affiliation_strength, 
        ap.successful_missions / ap.total_missions * 100 AS success_rate
    FROM 
        affiliation_metrics am
    JOIN 
        agent_performance_view ap ON am.agent_id = ap.agent_id
    WHERE 
        ap.total_missions > 0;
END$$

DELIMITER ;

-- ### 2.3 Skill Proficiency
-- **Q1: What skills are most prevalent among top-performing agents?**

DROP PROCEDURE IF EXISTS GetCommonSkillsAmongTopAgents;
DELIMITER $$

CREATE PROCEDURE GetCommonSkillsAmongTopAgents()
BEGIN
    SELECT 
        s.skill_name, 
        COUNT(sr.agent_id) AS agent_count
    FROM 
        skill s
    JOIN 
        skill_relationship sr ON s.skill_id = sr.skill_id
    JOIN 
        agent_performance_view ap ON sr.agent_id = ap.agent_id
    WHERE 
        ap.successful_missions / ap.total_missions * 100 >= 75
    GROUP BY 
        s.skill_name
    ORDER BY 
        agent_count DESC;
END$$

DELIMITER ;

-- **Q2: Do agents with specific skill sets consistently perform better in missions?**

DROP PROCEDURE IF EXISTS GetSkillSuccessCorrelation;
DELIMITER $$

CREATE PROCEDURE GetSkillSuccessCorrelation()
BEGIN
    SELECT 
        s.skill_name, 
        ROUND(AVG(ap.successful_missions / ap.total_missions * 100), 2) AS avg_success_rate
    FROM 
        skill_relationship sr
    JOIN 
        skill s ON sr.skill_id = s.skill_id
    JOIN 
        agent_performance_view ap ON sr.agent_id = ap.agent_id
    GROUP BY 
        s.skill_name
    ORDER BY 
        avg_success_rate DESC;
END$$

DELIMITER ;

-- ### 2.4 Team Effectiveness
-- **Q1: How does the team composition affect the overall success of missions?**

DROP PROCEDURE IF EXISTS GetTeamCompositionEffectiveness;
DELIMITER $$

CREATE PROCEDURE GetTeamCompositionEffectiveness()
BEGIN
    SELECT 
        t.team_id, 
        t.team_name, 
        COUNT(tr.agent_id) AS team_size, 
        te.success_rate
    FROM 
        team_relationship tr
    JOIN 
        team t ON tr.team_id = t.team_id
    JOIN 
        team_effectiveness_view te ON t.team_id = te.team_id
    GROUP BY 
        t.team_id, t.team_name, te.success_rate
    ORDER BY 
        te.success_rate DESC;
END$$

DELIMITER ;

-- ### 2.5 Mission Success
-- **Q1: What factors contribute most to successful missions?**

DROP PROCEDURE IF EXISTS GetMissionSuccessFactors;
DELIMITER $$

CREATE PROCEDURE GetMissionSuccessFactors()
BEGIN
    SELECT 
        ms.mission_id, 
        ms.mission_name, 
        ms.security_clearance_level, 
        te.success_rate AS team_success_rate, 
        ms.agent_name, 
        ROUND(ag.successful_missions / ag.total_missions * 100, 2) AS agent_success_rate,
        am.avg_affiliation_strength
    FROM 
        mission_summary_view ms
    JOIN 
        team_effectiveness_view te ON ms.team_name = te.team_name
    JOIN 
        affiliation_metrics am ON ms.agent_name = am.agent_name
	JOIN
		agent_performance ag ON ms.agent_name = ag.agent_name;
END$$

DELIMITER ;

CALL GetMissionSuccessFactors; 
-- **Q2: Does having a higher security clearance or proficiency in multiple languages impact the success rate?**

DROP PROCEDURE IF EXISTS GetSecurityClearanceImpact;
DELIMITER $$

CREATE PROCEDURE GetSecurityClearanceImpact()
BEGIN
    SELECT 
        ms.security_clearance_level, 
        COUNT(ms.mission_id) AS total_missions, 
        SUM(CASE WHEN ms.mission_status = 'Completed' THEN 1 ELSE 0 END) AS successful_missions,
        ROUND(SUM(CASE WHEN ms.mission_status = 'Completed' THEN 1 ELSE 0 END) / COUNT(ms.mission_id) * 100, 2) AS success_rate
    FROM 
        mission_summary_view ms
    GROUP BY 
        ms.security_clearance_level;
END$$

DELIMITER ;

-- ### 2.6 Security Clearances and Mission Access
-- **Q1: What levels of security clearance are most common for high-profile missions?**

DROP PROCEDURE IF EXISTS GetCommonSecurityClearanceLevels;
DELIMITER $$

CREATE PROCEDURE GetCommonSecurityClearanceLevels()
BEGIN
    SELECT 
        ms.security_clearance_level, 
        COUNT(ms.mission_id) AS mission_count
    FROM 
        mission_summary_view ms
    GROUP BY 
        ms.security_clearance_level
    ORDER BY 
        mission_count DESC;
END$$

DELIMITER ;

-- **Q2: Is there a link between higher security clearances and mission success?**

DROP PROCEDURE IF EXISTS GetClearanceSuccessCorrelation;
DELIMITER $$

CREATE PROCEDURE GetClearanceSuccessCorrelation()
BEGIN
    SELECT 
        ms.security_clearance_level, 
        COUNT(ms.mission_id) AS total_missions, 
        SUM(CASE WHEN ms.mission_status = 'Completed' THEN 1 ELSE 0 END) AS successful_missions,
        ROUND(SUM(CASE WHEN ms.mission_status = 'Completed' THEN 1 ELSE 0 END) / COUNT(ms.mission_id) * 100, 2) AS success_rate
    FROM 
        mission_summary_view ms
    GROUP BY 
        ms.security_clearance_level;
END$$

DELIMITER ;

-- ### 2.7 Language Proficiency
-- **Q1: Do agents with proficiency in multiple languages have a higher success rate in missions?**

DROP PROCEDURE IF EXISTS GetMultiLanguageAgentSuccess;
DELIMITER $$

CREATE PROCEDURE GetMultiLanguageAgentSuccess()
BEGIN
    SELECT 
        ap.agent_name, 
        COUNT(DISTINCT lr.language_id) AS total_languages, 
        ROUND(SUM(ap.successful_missions) / SUM(ap.total_missions) * 100, 2) AS success_rate
    FROM 
        agent_performance_view ap
    JOIN 
        language_relationship lr ON ap.agent_id = lr.agent_id
    GROUP BY 
        ap.agent_id, ap.agent_name
    HAVING 
        total_languages > 1
    ORDER BY 
        success_rate DESC;
END$$

DELIMITER ;

-- Call procedure to get top-performing agents
CALL GetTopPerformingAgentsFromDataMart();

-- Call procedure to analyze agent performance based on affiliations, skills, and team assignments
CALL GetAgentPerformanceByFactors();

-- Call procedure to get mission outcomes based on affiliations
CALL GetMissionOutcomesByAffiliations();

-- Call procedure to find correlation between affiliation strength and success rate
CALL GetAffiliationStrengthCorrelation();

-- Call procedure to get common skills among top-performing agents
CALL GetCommonSkillsAmongTopAgents();

-- Call procedure to find correlation between specific skills and mission success
CALL GetSkillSuccessCorrelation();

-- Call procedure to analyze team composition and success rates
CALL GetTeamCompositionEffectiveness();

-- Call procedure to find factors contributing to mission success
CALL GetMissionSuccessFactors();

-- Call procedure to analyze the impact of higher security clearance on mission success
CALL GetSecurityClearanceImpact();

-- Call procedure to find the most common security clearance levels for missions
CALL GetCommonSecurityClearanceLevels();

-- Call procedure to find correlation between security clearance and mission success
CALL GetClearanceSuccessCorrelation();

-- Call procedure to find the success rate of agents proficient in multiple languages
CALL GetMultiLanguageAgentSuccess();
-- creating data marts
DROP VIEW IF EXISTS agent_performance_view, team_effectiveness_view, mission_summary_view;

-- Step 6.1: Create Agent Performance Data Mart View
CREATE VIEW agent_performance_view AS
SELECT 
    agent_id, 
    agent_name, 
    total_missions, 
    successful_missions, 
    teams_participated, 
    average_salary
FROM 
    agent_performance;
    
-- Step 6.2: Create Team Effectiveness Data Mart View
CREATE VIEW team_effectiveness_view AS
SELECT 
    team_id, 
    team_name, 
    total_missions, 
    successful_missions, 
    success_rate
FROM 
    team_effectiveness;
    
-- Step 6.3: Create Mission Summary Data Mart View
CREATE VIEW mission_summary_view AS
SELECT 
    mission_id, 
    mission_name, 
    location, 
    agent_name, 
    team_name, 
    security_clearance_level, 
    mission_status
FROM 
    mission_summary;
    
-- Part 5: Extras
-- I know the triggers will not work unless my data changes, but I thought would be cool to add some still :)

-- Logging High-Security Clearance Assignments: Automatically log when a new agent with a Top Secret clearance is assigned to a mission
-- Creating a log table
DROP TABLE IF EXISTS high_clearance_log;

CREATE TABLE IF NOT EXISTS high_clearance_log (
    log_id INT AUTO_INCREMENT PRIMARY KEY,
    mission_id INT,
    agent_id INT,
    log_time DATETIME DEFAULT CURRENT_TIMESTAMP
);

-- Creating the trigger 
DROP TRIGGER IF EXISTS log_high_clearance_assignment;
DELIMITER $$

CREATE TRIGGER log_high_clearance_assignment 
AFTER INSERT ON mission
FOR EACH ROW
BEGIN
    IF NEW.access_id = (SELECT sc_id FROM security_clearance WHERE sc_level = 'Top Secret' LIMIT 1) THEN
        INSERT INTO high_clearance_log (mission_id, agent_id, log_time)
        VALUES (NEW.mission_id, NEW.agent_id, NOW());
    END IF;
END$$

DELIMITER ;

-- Logging Agents Assigned to Multiple Teams: If an agent is assigned to more than two teams, create a log for review
-- Creating a log table 
DROP TABLE IF EXISTS team_assignment_log;
CREATE TABLE IF NOT EXISTS team_assignment_log (
    log_id INT AUTO_INCREMENT PRIMARY KEY,
    agent_id INT,
    log_time DATETIME DEFAULT CURRENT_TIMESTAMP
);

-- Creating the trigger 
DROP TRIGGER IF EXISTS log_multiple_team_assignments;
DELIMITER $$

CREATE TRIGGER log_multiple_team_assignments 
AFTER INSERT ON team_relationship
FOR EACH ROW
BEGIN
    DECLARE team_count INT;

    -- Count the number of teams assigned to the inserted agent
    SELECT COUNT(team_id) INTO team_count 
    FROM team_relationship 
    WHERE agent_id = NEW.agent_id;

    -- If the agent is assigned to more than two teams, log it
    IF team_count > 2 THEN
        INSERT INTO team_assignment_log (agent_id, log_time)
        VALUES (NEW.agent_id, NOW());
    END IF;
END$$

DELIMITER ;

-- testing the triggers using dummy data

-- Inserting a test mission record to trigger the high clearance logging
INSERT INTO mission (mission_id, mission_name, location, agent_id, access_id, team_id, mission_status)
VALUES (1001, 'Secret Operation', 'Undisclosed', 1, 
        (SELECT sc_id FROM security_clearance WHERE sc_level = 'Top Secret' LIMIT 1), 
        1, 'Ongoing');

-- Inserting multiple team relationships for an agent to trigger the team assignment logging
INSERT INTO team_relationship (agent_id, team_id) VALUES (1, 2);
INSERT INTO team_relationship (agent_id, team_id) VALUES (1, 3);
INSERT INTO team_relationship (agent_id, team_id) VALUES (1, 4);

-- checking if triggers worked: they did!
SELECT * FROM high_clearance_log;
SELECT * FROM team_assignment_log;

-- deleting dummy data
DELETE FROM mission WHERE mission_id = 1001;
DELETE FROM team_relationship WHERE agent_id = 1 AND team_id IN (2, 3, 4);

-- Testing
-- Testing to check that all agents have at least one affiliation
SELECT agent_id
FROM agent
WHERE agent_id NOT IN (SELECT DISTINCT agent_id FROM affiliation_relationship);

-- Testing to check that all missions have a valid team assignment
SELECT mission_id
FROM mission
WHERE team_id NOT IN (SELECT team_id FROM team);

-- THE END, HOPEFULLY EVERYTHING WILL RUN :)
