agent_id,skill_id
1,7
1,12
1,17
1,18
1,27
1,30
1,32
1,36
1,37
1,41
1,48
2,1
2,3
2,5
2,7
2,11
2,15
2,18
2,20
2,22
2,38
2,39
2,50
3,1
3,11
3,12
3,16
3,18
3,29
3,32
3,48
3,55
4,2
4,4
4,6
4,19
4,24
4,34
4,39
4,55
5,4
5,13
5,20
5,27
5,28
5,37
5,44
5,50
5,51
6,6
6,12
6,29
6,45
7,4
7,10
7,14
7,27
7,28
7,31
7,33
7,36
7,41
7,45
7,51
7,55
8,3
8,7
8,10
8,11
8,15
8,37
8,38
8,39
8,43
9,1
9,2
9,9
9,10
9,11
9,14
9,29
9,32
9,41
9,46
9,50
10,4
10,7
10,15
10,19
10,33
10,34
10,35
10,39
10,40
10,41
10,52
10,55
11,3
11,4
11,14
11,20
11,30
11,32
11,34
11,47
11,53
12,11
12,12
12,15
12,20
12,22
12,23
12,24
12,26
12,34
12,37
12,41
12,52
13,7
13,13
13,21
13,34
13,35
13,36
13,48
13,50
13,51
13,54
14,9
14,24
14,27
14,34
14,36
14,37
14,41
14,47
14,50
15,2
15,7
15,10
15,12
15,15
15,19
15,24
15,28
15,30
15,34
15,35
15,36
15,44
15,47
15,49
15,50
15,54
15,55
16,2
16,12
16,13
16,14
16,18
16,25
16,27
16,32
16,37
16,44
17,4
17,5
17,14
17,15
17,21
17,26
17,27
17,30
17,32
17,33
17,38
17,41
17,43
17,52
17,53
18,12
18,21
18,27
18,35
18,38
18,41
18,42
18,46
18,48
18,51
19,2
19,3
19,6
19,10
19,11
19,12
19,17
19,20
19,36
19,45
19,46
20,1
20,6
20,10
20,15
20,17
20,18
20,28
20,36
20,37
20,46
20,47
20,53
21,3
21,8
21,9
21,11
21,19
21,20
21,21
21,26
21,31
21,32
21,34
21,35
21,39
21,40
21,43
21,48
22,10
22,15
22,25
22,27
22,30
22,31
22,32
22,40
22,47
22,49
22,51
23,2
23,8
23,9
23,12
23,18
23,27
23,32
23,34
23,36
23,48
23,54
24,2
24,30
24,36
24,37
24,40
24,41
24,43
24,44
24,45
24,46
24,47
24,50
24,51
25,1
25,5
25,6
25,8
25,16
25,20
25,21
25,24
25,26
25,31
25,34
25,37
25,45
25,48
26,5
26,8
26,10
26,11
26,13
26,16
26,20
26,21
26,25
26,26
26,28
26,32
26,50
26,51
27,2
27,12
27,20
27,21
27,23
27,29
27,35
27,40
27,44
27,46
27,47
27,48
27,52
27,53
27,54
28,1
28,3
28,10
28,21
28,24
28,33
28,40
28,49
29,11
29,13
29,19
29,22
29,23
29,35
29,37
29,39
29,45
29,50
30,9
30,10
30,11
30,15
30,17
30,32
30,36
30,37
30,40
31,17
31,26
31,32
31,34
31,36
31,46
31,49
31,55
32,3
32,8
32,18
32,20
32,21
32,22
32,34
32,48
32,49
33,4
33,5
33,15
33,16
33,28
33,34
33,36
33,38
33,42
33,45
33,51
33,55
34,7
34,15
34,22
34,26
34,29
34,35
34,43
34,50
34,53
35,2
35,7
35,11
35,13
35,16
35,17
35,18
35,23
35,28
35,31
35,34
35,41
35,44
35,51
36,6
36,13
36,14
36,15
36,19
36,20
36,34
36,50
36,51
37,1
37,10
37,15
37,20
37,23
37,25
37,49
37,54
38,4
38,12
38,32
38,34
38,39
38,42
39,3
39,8
39,9
39,11
39,12
39,18
39,22
39,26
39,33
39,34
39,37
39,38
39,40
39,42
39,43
39,45
39,46
40,1
40,8
40,20
40,23
40,25
40,34
40,44
40,49
40,51
40,52
41,4
41,6
41,10
41,11
41,15
41,24
41,27
41,31
41,45
42,4
42,13
42,16
42,18
42,24
42,39
42,44
42,46
42,55
43,5
43,9
43,15
43,17
43,23
43,32
43,40
43,46
43,52
44,6
44,7
44,11
44,21
44,26
44,27
44,28
44,36
44,37
44,38
44,55
45,4
45,6
45,11
45,19
45,28
45,32
45,41
45,50
45,51
45,53
46,1
46,8
46,13
46,15
46,18
46,20
46,23
46,35
46,37
46,40
46,44
46,52
46,54
47,1
47,6
47,8
47,29
47,31
47,34
47,38
47,44
47,52
48,1
48,6
48,10
48,22
48,24
48,30
48,42
49,4
49,16
49,17
49,34
49,38
49,44
49,45
49,46
50,4
50,19
50,24
50,28
50,30
50,36
50,42
50,48
50,51
50,53
50,55
51,7
51,14
51,24
51,28
51,37
51,44
51,46
51,52
52,4
52,6
52,8
52,9
52,10
52,14
52,18
52,20
52,22
52,30
52,33
52,36
52,38
52,40
52,47
52,50
53,2
53,6
53,7
53,10
53,14
53,16
53,28
53,36
53,40
53,42
53,44
53,46
53,47
53,48
54,4
54,7
54,8
54,9
54,12
54,13
54,18
54,29
54,35
54,40
54,43
54,46
54,48
54,51
54,54
55,1
55,5
55,6
55,16
55,31
55,33
55,37
55,42
55,44
55,52
55,54
56,10
56,12
56,14
56,15
56,23
56,27
56,30
56,35
56,45
56,51
56,55
57,6
57,10
57,12
57,15
57,18
57,23
57,26
57,28
57,31
57,40
57,44
57,46
57,50
57,53
58,3
58,11
58,19
58,26
58,29
58,33
58,36
58,46
59,2
59,3
59,10
59,14
59,20
59,26
59,34
59,35
59,37
59,39
59,41
59,50
59,52
59,54
60,5
60,6
60,12
60,13
60,14
60,21
60,29
60,34
60,43
60,49
60,55
61,6
61,19
61,34
61,41
61,43
61,44
61,50
61,54
62,5
62,6
62,11
62,12
62,15
62,19
62,22
62,26
62,27
62,33
62,37
62,45
62,46
62,47
63,10
63,15
63,17
63,19
63,25
63,29
63,32
63,41
63,51
63,54
64,2
64,15
64,24
64,26
64,33
64,40
64,48
64,49
65,3
65,6
65,16
65,21
65,22
65,25
65,33
65,38
65,40
65,43
65,47
65,50
65,52
65,55
66,1
66,5
66,9
66,10
66,16
66,24
66,34
66,36
66,40
66,49
67,1
67,2
67,4
67,6
67,13
67,22
67,29
67,35
67,36
67,38
67,46
67,55
68,8
68,12
68,14
68,15
68,24
68,26
68,40
68,44
68,48
68,52
68,53
69,3
69,6
69,11
69,14
69,16
69,28
69,35
69,39
69,46
70,5
70,15
70,34
70,42
70,51
70,52
70,53
71,5
71,16
71,18
71,19
71,34
71,36
71,41
71,46
71,47
71,50
71,52
72,6
72,7
72,14
72,16
72,19
72,32
72,39
72,44
72,45
72,47
72,49
72,50
72,55
73,4
73,6
73,18
73,19
73,21
73,35
73,48
73,49
73,51
73,54
74,1
74,9
74,11
74,12
74,15
74,20
74,37
74,40
74,45
74,47
75,2
75,3
75,4
75,22
75,30
75,33
75,43
75,44
75,55
76,7
76,11
76,12
76,14
76,26
76,33
76,35
76,42
76,47
77,2
77,8
77,21
77,24
77,29
77,31
77,38
77,39
77,45
77,51
78,7
78,9
78,10
78,20
78,34
78,46
78,48
79,20
79,25
79,40
79,42
79,45
79,46
79,48
79,50
80,4
80,5
80,8
80,9
80,18
80,23
80,35
80,38
80,43
80,48
80,51
80,55
81,1
81,3
81,8
81,13
81,22
81,27
81,34
81,36
81,42
81,47
81,48
82,1
82,2
82,6
82,7
82,10
82,11
82,12
82,14
82,15
82,16
82,17
82,21
82,28
82,40
82,45
82,47
83,2
83,6
83,17
83,20
83,21
83,24
83,33
83,36
83,44
83,45
83,46
83,53
84,1
84,6
84,7
84,9
84,11
84,12
84,17
84,19
84,20
84,23
84,28
84,40
84,41
84,49
85,11
85,13
85,15
85,16
85,23
85,33
85,40
85,42
85,43
85,50
86,1
86,9
86,19
86,29
86,30
86,32
86,36
86,40
86,41
86,42
86,51
86,54
87,1
87,10
87,23
88,2
88,14
88,15
88,16
88,18
88,21
88,23
88,25
88,32
88,33
88,35
88,41
88,42
88,44
88,45
88,46
88,52
88,55
89,6
89,10
89,11
89,12
89,19
89,26
89,31
89,33
89,36
89,39
89,40
89,44
89,46
89,47
89,48
89,54
89,55
90,3
90,5
90,8
90,14
90,24
90,25
90,43
90,44
90,54
91,1
91,8
91,9
91,18
91,23
91,27
91,29
91,49
91,55
92,2
92,5
92,6
92,10
92,17
92,19
92,28
92,29
92,36
92,39
92,44
93,9
93,11
93,12
93,17
93,19
93,24
93,26
93,27
93,31
93,39
93,41
93,53
94,5
94,7
94,10
94,11
94,15
94,17
94,18
94,19
94,22
94,26
94,28
94,37
94,41
94,42
94,45
94,47
94,49
95,3
95,4
95,15
95,16
95,18
95,20
95,30
95,34
95,40
95,44
95,45
95,46
95,54
96,1
96,3
96,7
96,8
96,21
96,22
96,34
96,35
96,41
96,46
96,50
97,3
97,18
97,33
97,38
97,41
97,47
97,49
97,50
98,5
98,13
98,18
98,20
98,24
98,25
98,37
98,40
98,41
98,47
98,52
98,53
99,3
99,6
99,9
99,10
99,29
99,36
99,40
99,45
99,50
100,11
100,18
100,26
100,36
100,44
101,1
101,9
101,12
101,15
101,22
101,25
101,28
101,35
101,43
101,55
102,1
102,2
102,13
102,16
102,17
102,19
102,31
102,36
102,37
102,42
102,50
103,2
103,4
103,5
103,6
103,13
103,18
103,20
103,24
103,26
103,27
103,31
103,35
103,36
103,45
103,52
103,54
103,55
104,1
104,10
104,17
104,26
104,28
104,32
104,35
104,36
104,37
104,38
104,40
104,45
104,54
105,1
105,2
105,4
105,5
105,6
105,7
105,12
105,13
105,15
105,22
105,25
105,28
105,54
106,7
106,10
106,12
106,26
106,28
106,31
106,33
106,34
106,42
106,43
106,45
106,50
107,4
107,5
107,6
107,8
107,11
107,12
107,14
107,17
107,21
107,23
107,25
107,40
108,1
108,16
108,17
108,25
108,37
108,53
108,54
108,55
109,5
109,9
109,14
109,19
109,20
109,33
109,40
109,41
109,42
110,4
110,15
110,30
110,36
110,37
110,39
110,45
110,50
111,2
111,10
111,12
111,14
111,22
111,32
111,35
111,37
111,38
111,39
111,49
112,3
112,4
112,21
112,23
112,24
112,25
112,34
112,39
112,43
112,45
112,50
112,52
112,53
112,55
113,11
113,14
113,16
113,24
113,25
113,29
113,35
113,38
113,46
113,49
113,51
113,55
114,1
114,8
114,14
114,18
114,24
114,47
115,6
115,8
115,16
115,20
115,30
115,31
115,36
115,45
115,46
115,48
115,54
116,2
116,4
116,12
116,15
116,18
116,19
116,33
116,38
116,48
116,50
117,1
117,10
117,35
117,36
117,39
118,4
118,9
118,20
118,25
118,27
118,44
118,46
118,48
119,3
119,5
119,8
119,16
119,18
119,26
119,29
119,31
119,36
119,37
119,42
119,44
119,47
119,53
120,13
120,19
120,24
120,28
120,31
120,35
120,43
120,44
120,45
120,46
120,47
121,3
121,11
121,19
121,24
121,36
121,54
122,10
122,24
122,25
122,27
122,33
122,34
122,42
122,43
122,49
122,51
122,53
123,4
123,5
123,13
123,16
123,24
123,27
123,47
124,1
124,2
124,8
124,16
124,25
124,30
124,32
124,39
125,4
125,8
125,21
125,25
125,28
125,35
125,40
125,49
125,55
126,3
126,4
126,8
126,23
126,24
126,42
126,46
127,1
127,16
127,25
127,26
127,29
127,35
127,36
127,37
127,43
127,45
127,50
128,3
128,9
128,17
128,22
128,24
128,34
128,45
128,46
128,49
128,52
129,8
129,16
129,22
129,24
129,30
129,31
129,33
129,37
129,39
129,40
129,42
129,50
129,55
130,7
130,10
130,17
130,20
130,22
130,43
130,49
131,4
131,5
131,9
131,21
131,35
131,36
131,44
131,49
131,50
131,54
132,4
132,8
132,12
132,14
132,20
132,32
132,40
132,43
133,7
133,12
133,15
133,16
133,20
133,24
133,25
133,29
133,37
134,3
134,6
134,13
134,20
134,31
134,33
134,35
134,43
134,53
134,55
135,4
135,12
135,17
135,20
135,30
135,33
135,34
135,35
135,49
135,53
135,54
136,10
136,21
136,22
136,24
136,29
136,31
136,34
136,50
137,7
137,9
137,11
137,13
137,26
137,27
137,47
137,53
138,3
138,5
138,7
138,13
138,15
138,20
138,26
138,30
138,32
138,51
138,53
138,54
139,1
139,3
139,5
139,6
139,11
139,13
139,15
139,21
139,22
139,30
139,34
139,39
139,43
139,53
140,5
140,6
140,9
140,11
140,14
140,15
140,19
140,21
140,23
140,28
140,40
140,42
140,43
140,51
141,5
141,10
141,12
141,14
141,15
141,19
141,26
141,27
141,28
141,29
141,30
141,32
141,45
141,46
141,50
141,53
142,5
142,7
142,8
142,22
142,25
142,38
142,46
142,54
142,55
143,1
143,3
143,9
143,11
143,15
143,16
143,17
143,18
143,41
143,43
143,45
143,51
143,52
144,4
144,9
144,11
144,18
144,32
144,34
144,38
144,43
144,44
144,49
144,51
145,5
145,6
145,8
145,13
145,22
145,23
145,25
145,28
145,30
145,31
145,37
145,46
145,50
145,51
145,53
146,1
146,12
146,15
146,16
146,20
146,25
146,26
146,36
146,38
146,39
146,41
146,44
146,54
147,3
147,6
147,12
147,13
147,24
147,36
147,39
147,41
147,47
147,49
148,4
148,6
148,10
148,13
148,19
148,24
148,25
148,37
148,40
148,41
148,43
148,53
149,1
149,3
149,9
149,10
149,14
149,15
149,18
149,22
149,23
149,26
149,33
149,37
149,44
150,3
150,12
150,24
150,33
150,34
150,36
150,38
150,39
150,42
150,44
150,52
150,54
150,55
151,5
151,8
151,15
151,22
151,29
151,30
151,36
152,2
152,12
152,16
152,21
152,22
152,26
152,30
152,31
152,41
152,53
153,4
153,11
153,15
153,17
153,22
153,29
153,32
153,44
153,49
153,51
154,2
154,3
154,6
154,10
154,13
154,19
154,20
154,26
154,32
154,34
154,37
154,39
154,44
154,50
154,53
155,8
155,13
155,15
155,18
155,24
155,26
155,35
155,40
155,41
155,42
155,44
155,45
155,46
156,3
156,5
156,19
156,23
156,25
156,32
156,43
156,46
156,53
156,55
157,5
157,12
157,17
157,21
157,28
157,34
157,39
157,43
158,3
158,4
158,7
158,8
158,12
158,17
158,20
158,24
158,25
158,30
158,45
158,48
159,5
159,9
159,16
159,22
159,34
159,40
159,43
159,55
160,1
160,14
160,15
160,16
160,23
160,34
160,37
160,39
160,41
160,47
160,52
160,53
161,6
161,8
161,9
161,19
161,23
161,30
161,33
161,35
161,36
161,37
161,38
161,40
161,43
162,9
162,26
162,29
162,30
162,37
162,49
162,51
163,1
163,5
163,14
163,19
163,39
163,46
163,49
163,53
163,55
164,4
164,6
164,12
164,18
164,23
164,29
164,30
164,36
164,39
164,43
164,47
165,7
165,11
165,12
165,15
165,18
165,22
165,23
165,27
165,28
165,33
165,36
165,41
165,43
165,44
165,48
166,1
166,3
166,6
166,8
166,10
166,11
166,14
166,18
166,32
166,34
166,39
166,40
166,52
167,7
167,20
167,23
167,24
167,27
167,39
167,43
167,45
167,49
167,51
167,53
168,5
168,6
168,9
168,22
168,23
168,25
168,26
168,28
168,34
168,38
168,39
168,42
168,44
168,47
168,48
169,2
169,3
169,9
169,20
169,26
169,32
169,35
169,47
169,48
169,50
170,2
170,5
170,8
170,10
170,18
170,22
170,24
170,33
170,37
170,41
170,42
170,44
170,47
170,51
170,55
171,4
171,5
171,8
171,15
171,18
171,25
171,29
171,30
171,40
171,42
171,44
171,48
171,51
172,2
172,3
172,6
172,8
172,9
172,10
172,12
172,16
172,19
172,21
172,23
172,34
172,35
172,38
172,45
172,49
172,53
173,6
173,8
173,12
173,33
173,39
173,44
173,49
174,3
174,22
174,25
174,38
174,46
174,49
174,53
175,8
175,9
175,12
175,14
175,16
175,23
175,39
175,42
175,43
175,48
175,52
176,5
176,7
176,8
176,14
176,16
176,22
176,24
176,25
176,31
176,42
176,43
176,49
176,50
177,3
177,4
177,7
177,11
177,21
177,24
177,35
177,37
177,43
177,44
177,52
177,54
178,3
178,4
178,5
178,7
178,10
178,12
178,15
178,23
178,25
178,30
178,31
178,35
178,39
178,47
179,4
179,9
179,12
179,17
179,18
179,23
179,24
179,38
179,39
179,44
179,48
179,49
179,55
180,1
180,4
180,7
180,9
180,11
180,13
180,15
180,17
180,26
180,27
180,44
180,48
180,51
181,5
181,20
181,25
181,26
181,36
181,37
181,40
181,44
181,45
181,46
182,2
182,15
182,21
182,28
182,29
182,30
182,38
182,46
182,51
183,6
183,11
183,16
183,24
183,27
183,28
183,30
183,37
183,40
183,46
183,50
183,52
184,13
184,19
184,26
184,31
184,33
184,41
184,43
184,45
184,48
184,54
185,3
185,14
185,24
185,29
185,39
185,43
186,1
186,2
186,5
186,8
186,11
186,14
186,16
186,19
186,24
186,26
186,29
186,32
186,33
186,35
186,37
186,43
186,44
186,46
187,4
187,8
187,9
187,20
187,23
187,25
187,46
187,47
187,51
187,55
188,5
188,10
188,14
188,17
188,18
188,20
188,21
188,24
188,43
188,46
188,50
189,1
189,3
189,4
189,9
189,10
189,14
189,17
189,23
189,26
189,29
189,30
189,31
189,33
189,35
189,36
189,44
189,49
189,52
190,7
190,16
190,19
190,28
190,30
190,35
190,39
190,42
190,44
190,45
190,46
190,51
191,17
191,18
191,21
191,22
191,23
191,25
191,26
191,30
191,34
191,36
191,48
191,49
192,20
192,21
192,27
192,40
192,46
192,52
193,4
193,10
193,16
193,26
193,31
193,34
193,36
193,55
194,6
194,7
194,14
194,23
194,27
194,35
194,36
194,38
194,46
194,49
194,52
195,1
195,4
195,5
195,10
195,11
195,16
195,18
195,27
195,28
195,39
195,40
195,51
195,52
195,53
196,3
196,6
196,8
196,13
196,27
196,37
196,54
197,2
197,3
197,20
197,24
197,34
197,35
197,54
198,6
198,8
198,12
198,18
198,21
198,26
198,31
198,36
198,43
198,44
198,50
198,51
199,1
199,2
199,7
199,12
199,14
199,16
199,28
199,33
199,44
199,46
199,49
199,51
200,4
200,7
200,12
200,14
200,21
200,34
200,39
200,42
200,44
200,45
200,54
201,6
201,14
201,15
201,19
201,25
201,31
201,36
201,38
201,48
201,53
202,6
202,18
202,27
202,31
202,37
202,41
202,46
202,48
203,4
203,5
203,10
203,16
203,20
203,21
203,38
203,40
203,50
204,7
204,9
204,15
204,17
204,19
204,22
204,28
204,30
204,31
204,38
205,2
205,4
205,13
205,17
205,24
205,37
205,40
205,43
205,50
205,55
206,1
206,16
206,22
206,31
206,38
206,42
206,46
206,53
206,55
207,3
207,9
207,13
207,22
207,33
207,42
207,43
207,45
207,55
208,7
208,8
208,9
208,21
208,31
208,45
208,51
209,10
209,12
209,19
209,20
209,26
209,35
210,1
210,3
210,9
210,12
210,20
210,21
210,26
210,40
210,44
210,45
211,6
211,7
211,9
211,13
211,29
211,32
211,38
211,51
211,53
211,54
212,5
212,16
212,23
212,29
212,33
212,35
212,37
212,39
212,43
212,44
212,46
212,49
212,50
213,9
213,17
213,18
213,24
213,25
213,27
213,31
213,33
213,42
214,8
214,13
214,16
214,39
214,40
214,43
214,46
214,49
214,52
214,53
215,5
215,7
215,9
215,19
215,22
215,23
215,26
215,33
215,37
215,46
215,49
215,51
216,1
216,7
216,20
216,22
216,23
216,30
216,31
216,34
216,38
216,49
216,55
217,1
217,4
217,13
217,21
217,33
217,34
217,44
217,54
218,4
218,5
218,12
218,14
218,20
218,21
218,24
218,27
218,29
218,41
218,42
219,1
219,3
219,20
219,22
219,23
219,26
219,27
219,28
219,40
219,43
219,45
219,50
220,1
220,4
220,5
220,8
220,10
220,13
220,14
220,25
220,32
220,39
220,40
220,48
220,52
220,54
220,55
221,4
221,7
221,8
221,9
221,10
221,12
221,13
221,17
221,19
221,26
221,37
221,39
221,40
221,48
221,49
221,55
222,4
222,14
222,17
222,21
222,22
222,24
222,26
222,28
222,32
222,36
222,37
222,39
222,42
222,43
222,44
222,46
223,6
223,13
223,18
223,35
223,40
223,48
224,12
224,13
224,19
224,24
224,25
224,31
224,33
225,3
225,4
225,13
225,22
225,24
225,30
225,40
225,48
226,1
226,3
226,9
226,11
226,23
226,35
226,39
226,41
226,47
227,1
227,10
227,17
227,37
227,47
227,49
227,55
228,1
228,4
228,6
228,12
228,18
228,28
228,32
228,34
228,39
228,41
228,51
229,1
229,7
229,10
229,16
229,21
229,24
229,30
229,33
229,34
229,40
229,44
229,47
230,6
230,11
230,14
230,16
230,30
230,31
230,41
230,45
231,3
231,4
231,12
231,14
231,18
231,26
231,41
232,2
232,3
232,14
232,26
232,28
232,31
232,35
232,40
232,42
232,46
232,48
233,9
233,13
233,20
233,21
233,23
233,26
233,28
233,30
233,35
233,37
233,45
233,48
233,52
233,55
234,4
234,22
234,24
234,42
234,43
234,47
235,5
235,9
235,10
235,13
235,27
235,32
235,35
235,41
235,48
235,49
236,2
236,5
236,6
236,17
236,19
236,23
236,28
236,39
236,41
236,43
236,49
236,53
236,55
237,3
237,5
237,8
237,15
237,22
237,25
237,27
237,29
237,35
237,46
237,47
237,53
238,6
238,14
238,15
238,16
238,29
238,47
238,50
238,52
239,1
239,21
239,22
239,26
239,28
239,29
239,39
239,40
239,44
239,46
239,49
240,5
240,9
240,10
240,11
240,12
240,15
240,24
240,32
240,36
240,40
240,43
240,46
240,47
240,55
241,1
241,5
241,7
241,8
241,18
241,20
241,24
241,28
241,32
241,38
241,43
241,45
241,46
241,49
241,50
242,9
242,17
242,18
242,20
242,21
242,23
242,28
242,30
242,31
242,35
242,37
242,43
242,47
243,9
243,15
243,16
243,17
243,18
243,24
243,25
243,28
243,38
243,44
243,49
243,51
243,52
244,9
244,13
244,21
244,23
244,29
244,41
244,49
244,51
245,1
245,8
245,14
245,16
245,23
245,26
245,30
245,36
245,38
245,39
245,44
245,47
245,52
246,2
246,8
246,16
246,19
246,22
246,34
246,35
246,36
246,48
246,53
247,4
247,14
247,16
247,19
247,43
247,54
248,8
248,10
248,13
248,18
248,22
248,29
248,33
248,37
248,38
248,39
248,47
248,51
249,4
249,6
249,20
249,21
249,25
249,36
249,43
249,46
249,47
249,49
249,51
249,53
250,3
250,8
250,16
250,26
250,30
250,31
250,37
250,38
250,39
250,41
250,42
250,51
250,52
250,53
251,3
251,5
251,7
251,13
251,16
251,20
251,22
251,24
251,26
251,48
251,52
251,55
252,9
252,15
252,17
252,20
252,22
252,24
252,26
252,27
252,36
252,39
252,40
252,45
252,46
253,2
253,7
253,10
253,27
253,30
253,31
253,34
253,35
253,38
253,40
253,41
253,53
254,3
254,4
254,5
254,7
254,9
254,14
254,17
254,23
254,24
254,35
254,42
254,44
254,45
254,48
254,52
254,53
255,6
255,20
255,26
255,28
255,30
255,38
255,41
255,43
255,54
256,2
256,4
256,5
256,6
256,11
256,21
256,25
256,27
256,28
256,29
256,31
256,43
256,46
256,53
257,16
257,21
257,23
257,24
257,36
257,38
258,2
258,10
258,11
258,13
258,22
258,27
258,32
258,36
258,39
258,43
258,47
258,49
258,53
259,1
259,2
259,12
259,14
259,30
259,33
259,34
259,37
259,41
259,47
259,55
260,2
260,3
260,5
260,19
260,21
260,22
260,24
260,34
260,36
260,49
261,4
261,9
261,10
261,13
261,15
261,16
261,17
261,26
261,28
261,38
261,45
261,51
262,10
262,12
262,13
262,17
262,23
262,26
262,28
262,34
262,50
262,52
263,5
263,7
263,12
263,17
263,20
263,22
263,25
263,29
263,30
263,31
263,38
263,39
263,47
263,51
263,53
264,12
264,15
264,16
264,18
264,22
264,27
264,28
264,35
264,42
264,50
264,52
265,3
265,5
265,6
265,12
265,14
265,16
265,22
265,26
265,38
265,39
265,40
265,41
265,42
265,43
265,46
266,1
266,4
266,11
266,34
266,54
267,1
267,4
267,7
267,19
267,39
267,48
267,50
267,54
267,55
268,2
268,5
268,11
268,22
268,24
268,30
268,33
268,34
268,37
268,38
268,41
268,50
268,51
268,53
268,54
269,12
269,14
269,24
269,31
269,38
269,41
269,50
269,51
269,54
270,1
270,9
270,15
270,16
270,20
270,35
270,39
270,43
270,44
270,47
270,52
271,2
271,6
271,9
271,11
271,20
271,21
271,25
271,26
271,27
271,29
271,36
271,43
271,48
271,49
272,3
272,12
272,28
272,30
272,34
272,37
272,41
272,44
272,47
272,48
272,55
273,1
273,3
273,5
273,10
273,12
273,13
273,15
273,22
273,23
273,25
273,28
273,29
273,41
273,42
273,43
273,44
273,49
273,52
274,5
274,7
274,12
274,14
274,16
274,18
274,21
274,37
274,38
274,39
274,40
274,44
274,51
275,1
275,13
275,24
275,25
275,26
275,44
275,47
275,49
275,52
276,4
276,5
276,11
276,20
276,24
276,29
276,53
277,1
277,14
277,24
277,32
277,45
277,47
277,54
278,3
278,5
278,12
278,26
278,30
278,33
278,47
278,48
278,50
278,55
279,13
279,15
279,17
279,33
279,37
279,43
279,47
279,50
280,7
280,9
280,13
280,14
280,22
280,27
280,49
280,50
280,55
281,9
281,14
281,15
281,19
281,25
281,27
281,38
281,41
281,47
281,48
282,3
282,4
282,11
282,19
282,22
282,26
282,28
282,29
282,32
282,37
282,43
282,44
282,46
282,47
282,51
282,55
283,1
283,3
283,9
283,10
283,18
283,27
283,31
283,37
283,39
283,41
283,43
283,44
283,47
283,53
283,54
284,5
284,7
284,9
284,10
284,15
284,21
284,23
284,33
284,42
284,43
284,47
284,52
285,3
285,6
285,8
285,9
285,10
285,12
285,21
285,27
285,33
285,48
285,49
285,53
286,4
286,5
286,6
286,11
286,12
286,13
286,18
286,21
286,31
286,41
286,43
286,46
286,51
286,53
287,1
287,6
287,10
287,12
287,16
287,17
287,18
287,26
287,28
287,33
287,36
287,40
287,44
287,48
287,49
287,50
287,52
287,53
288,1
288,4
288,9
288,10
288,11
288,17
288,30
288,43
288,45
288,48
288,50
289,1
289,8
289,9
289,20
289,34
289,35
289,38
289,42
289,48
290,1
290,2
290,4
290,7
290,10
290,13
290,14
290,16
290,31
290,36
290,40
290,42
290,44
290,47
291,12
291,13
291,15
291,16
291,23
291,28
291,38
291,53
291,55
292,2
292,3
292,7
292,20
292,35
292,36
292,37
292,48
292,50
293,11
293,12
293,18
293,21
293,22
293,23
293,28
293,29
293,32
293,33
293,37
293,40
293,50
293,52
293,55
294,5
294,11
294,15
294,19
294,24
294,25
294,28
294,31
294,35
294,43
294,46
294,47
294,49
294,54
295,2
295,3
295,11
295,16
295,32
295,40
295,50
296,4
296,5
296,23
296,24
296,34
296,35
296,37
296,38
296,39
296,47
296,53
297,1
297,2
297,5
297,11
297,18
297,23
297,25
297,31
297,37
297,41
297,47
297,53
297,55
298,1
298,2
298,6
298,9
298,12
298,20
298,28
298,30
298,36
298,38
298,40
298,45
298,49
298,53
299,1
299,2
299,4
299,8
299,11
299,19
299,24
299,26
299,33
299,35
299,36
299,37
299,39
299,42
299,43
299,46
299,48
299,54
300,11
300,13
300,16
300,18
300,26
300,27
300,32
300,33
300,37
300,38
300,44
300,49
300,54
301,4
301,6
301,9
301,18
301,21
301,26
301,28
301,37
301,45
301,50
302,3
302,5
302,11
302,12
302,15
302,19
302,21
302,25
302,27
302,28
302,32
302,35
302,37
302,39
302,40
302,52
302,53
303,5
303,13
303,14
303,16
303,18
303,27
303,31
303,32
303,37
303,41
303,43
303,50
303,55
304,4
304,8
304,9
304,16
304,18
304,22
304,25
304,26
304,30
304,36
304,39
304,44
304,49
304,53
305,5
305,6
305,10
305,22
305,27
305,30
305,34
305,38
305,41
305,43
305,53
305,54
305,55
306,12
306,28
306,33
306,38
306,39
306,42
306,46
306,54
307,9
307,15
307,20
307,21
307,23
307,30
307,33
307,35
307,36
307,38
307,41
307,47
307,50
307,53
308,12
308,21
308,22
308,24
308,29
308,31
308,33
308,38
308,41
308,52
308,55
309,2
309,7
309,15
309,17
309,18
309,20
309,22
309,23
309,27
309,29
309,37
309,40
309,44
309,46
309,49
310,4
310,5
310,8
310,9
310,21
310,28
310,32
310,41
310,44
310,46
310,49
310,51
311,3
311,5
311,12
311,13
311,15
311,19
311,21
311,23
311,29
311,38
311,49
311,50
312,12
312,22
312,24
312,32
312,44
312,53
313,17
313,19
313,20
313,26
313,28
313,33
313,38
313,48
313,49
313,52
314,1
314,5
314,14
314,20
314,29
314,33
314,36
314,49
314,51
314,54
314,55
315,1
315,5
315,8
315,10
315,15
315,20
315,26
315,31
315,33
315,42
315,43
316,1
316,6
316,7
316,12
316,22
316,23
316,24
316,32
316,35
316,38
316,47
316,52
317,14
317,18
317,19
317,25
317,27
317,30
317,32
317,35
317,40
317,42
317,48
318,2
318,5
318,22
318,32
318,37
318,53
318,55
319,7
319,8
319,11
319,13
319,15
319,29
319,34
319,37
319,44
319,53
319,54
320,3
320,9
320,12
320,32
320,35
320,38
320,41
320,43
320,46
320,48
320,52
321,5
321,6
321,10
321,12
321,20
321,35
321,38
321,40
321,52
322,2
322,7
322,8
322,9
322,18
322,22
322,36
322,50
322,52
323,1
323,6
323,9
323,22
323,24
323,28
323,29
323,30
323,31
323,34
323,35
323,40
323,43
323,46
323,51
323,53
323,54
324,4
324,9
324,12
324,16
324,21
324,22
324,23
324,37
324,45
324,47
324,51
325,1
325,3
325,5
325,6
325,8
325,12
325,13
325,14
325,15
325,20
325,27
325,34
325,35
325,47
325,52
326,3
326,9
326,11
326,25
326,34
326,35
326,37
326,40
326,41
326,42
326,43
326,53
326,54
327,2
327,8
327,9
327,10
327,17
327,18
327,23
327,31
327,36
327,40
327,43
327,50
327,55
328,3
328,5
328,6
328,9
328,17
328,18
328,19
328,20
328,28
328,43
328,45
328,50
328,55
329,10
329,19
329,20
329,21
329,23
329,24
329,26
329,32
329,50
330,6
330,12
330,16
330,21
330,32
330,35
330,38
330,39
330,41
330,44
330,45
330,49
330,51
330,55
331,2
331,18
331,20
331,25
331,27
331,37
331,38
331,40
331,42
331,45
331,46
332,7
332,12
332,29
332,39
332,44
332,54
333,5
333,12
333,19
333,22
333,26
333,27
333,29
333,33
333,34
333,35
333,42
333,45
334,3
334,5
334,7
334,8
334,11
334,17
334,26
334,34
334,38
334,42
334,43
334,44
334,49
334,51
335,8
335,10
335,14
335,18
335,20
335,27
335,33
335,39
335,43
335,51
335,52
336,3
336,7
336,15
336,21
336,27
336,29
336,31
336,38
336,39
336,41
336,45
336,54
337,5
337,6
337,14
337,15
337,17
337,29
337,32
337,35
337,36
337,42
337,50
338,1
338,6
338,17
338,20
338,24
338,27
338,33
338,34
338,39
338,41
338,44
338,54
338,55
339,15
339,23
339,28
339,32
339,37
339,39
339,50
339,55
340,6
340,13
340,17
340,22
340,26
340,31
340,33
340,38
340,47
341,2
341,5
341,7
341,11
341,14
341,24
341,37
341,40
341,44
341,45
342,9
342,10
342,15
342,21
342,24
342,38
342,40
343,8
343,10
343,14
343,16
343,17
343,21
343,29
343,37
343,38
343,42
344,9
344,12
344,22
344,23
344,25
344,28
344,30
344,33
344,36
344,38
344,40
344,47
345,7
345,18
345,22
345,23
345,24
345,29
345,48
345,49
346,1
346,2
346,9
346,11
346,14
346,17
346,24
346,26
346,27
346,35
346,37
346,39
346,43
346,46
346,55
347,4
347,11
347,25
347,31
347,33
347,40
347,52
347,53
348,2
348,8
348,12
348,17
348,21
348,28
348,31
348,32
348,36
348,38
348,42
349,6
349,12
349,19
349,23
349,36
349,46
349,47
349,51
349,53
349,55
350,1
350,2
350,12
350,15
350,20
350,22
350,26
350,41
350,42
350,45
351,4
351,5
351,7
351,8
351,10
351,11
351,28
351,30
351,31
351,32
351,34
351,43
351,44
351,49
351,50
351,52
352,1
352,2
352,3
352,6
352,14
352,16
352,18
352,24
352,28
352,33
352,38
352,41
352,44
352,52
352,53
353,3
353,4
353,7
353,14
353,15
353,21
353,24
353,40
353,43
353,44
353,50
354,15
354,18
354,20
354,23
354,33
354,41
354,42
354,43
354,47
354,50
355,5
355,19
355,24
355,27
355,31
355,34
355,40
355,48
355,55
356,6
356,7
356,10
356,11
356,21
356,25
356,37
356,40
356,42
356,46
357,3
357,5
357,6
357,15
357,25
357,26
357,30
357,36
357,37
357,42
357,48
357,49
357,50
357,53
358,6
358,8
358,12
358,22
358,23
358,26
358,28
358,35
358,36
358,39
358,40
358,50
358,55
359,8
359,16
359,19
359,25
359,33
359,53
360,2
360,13
360,16
360,18
360,20
360,23
360,28
360,31
360,33
360,35
360,45
360,50
360,54
361,2
361,17
361,20
361,24
361,30
361,33
361,42
361,46
362,8
362,12
362,14
362,17
362,18
362,21
362,22
362,31
362,34
362,37
362,44
363,2
363,3
363,6
363,7
363,8
363,12
363,14
363,34
363,43
363,47
363,52
363,53
364,5
364,6
364,10
364,23
364,27
364,34
364,35
364,37
364,45
364,47
364,51
364,52
365,4
365,6
365,10
365,20
365,30
365,37
365,44
365,49
365,51
365,52
366,4
366,16
366,23
366,27
366,33
366,35
366,41
366,42
366,49
366,55
367,4
367,5
367,6
367,10
367,12
367,14
367,24
367,30
367,32
367,34
367,41
367,47
367,50
367,52
368,2
368,16
368,17
368,24
368,25
368,32
368,38
368,44
368,46
369,1
369,2
369,12
369,15
369,27
369,31
369,33
369,44
369,46
369,48
369,49
369,51
370,4
370,11
370,13
370,16
370,17
370,20
370,22
370,28
370,38
370,46
370,49
370,50
370,51
370,53
371,2
371,9
371,20
371,22
371,28
371,29
371,32
371,38
371,40
371,46
371,50
371,51
371,52
371,54
371,55
372,2
372,3
372,8
372,14
372,25
372,26
372,34
372,40
372,42
372,54
372,55
373,7
373,8
373,10
373,14
373,18
373,29
373,34
373,36
373,41
373,51
374,3
374,10
374,14
374,15
374,31
374,32
374,37
374,44
374,45
374,47
374,51
375,11
375,12
375,45
375,47
375,53
375,54
376,13
376,16
376,18
376,21
376,32
376,33
376,35
376,40
376,41
376,44
376,49
377,5
377,8
377,15
377,25
377,27
377,45
377,47
377,48
377,51
377,52
378,4
378,5
378,9
378,10
378,13
378,14
378,17
378,20
378,21
378,23
378,28
378,29
378,32
378,35
378,46
378,48
378,50
379,7
379,8
379,19
379,20
379,21
379,35
379,43
379,45
379,47
380,2
380,8
380,9
380,18
380,22
380,27
380,32
380,34
380,42
380,52
380,55
381,6
381,13
381,15
381,17
381,24
381,28
381,29
381,31
381,32
381,39
382,1
382,4
382,6
382,7
382,13
382,27
382,36
382,42
382,46
382,51
382,54
383,1
383,21
383,24
383,26
383,40
384,1
384,2
384,11
384,13
384,16
384,32
384,37
384,52
385,4
385,6
385,8
385,21
385,26
385,27
385,28
385,32
385,36
385,55
386,1
386,8
386,13
386,14
386,22
386,26
386,27
386,30
386,31
386,33
386,38
386,41
386,51
387,2
387,3
387,4
387,6
387,8
387,19
387,20
387,23
387,24
387,27
387,28
387,36
387,40
387,41
387,55
388,25
388,28
388,32
388,44
388,51
388,55
389,5
389,13
389,17
389,22
389,25
389,27
389,46
389,47
389,50
390,1
390,3
390,4
390,6
390,18
390,32
390,35
390,36
390,38
390,44
390,48
391,2
391,3
391,4
391,9
391,10
391,14
391,20
391,24
391,36
391,37
391,41
391,48
392,9
392,12
392,16
392,27
392,30
392,31
392,34
392,48
392,49
392,52
393,4
393,11
393,17
393,41
393,50
394,23
394,28
394,40
394,44
394,46
394,47
394,52
395,1
395,6
395,9
395,13
395,15
395,17
395,18
395,38
395,39
395,40
395,41
395,42
395,43
395,44
395,52
395,54
396,8
396,9
396,21
396,23
396,24
396,29
396,32
396,35
396,43
396,51
396,54
397,6
397,7
397,18
397,25
397,26
397,38
397,50
398,5
398,6
398,8
398,24
398,25
398,35
398,36
398,40
398,43
398,46
398,47
398,54
399,4
399,6
399,13
399,19
399,22
399,25
399,30
399,33
399,34
399,42
399,45
399,55
400,6
400,15
400,17
400,19
400,27
400,39
400,40
400,42
400,44
400,50
401,5
401,16
401,25
401,34
401,37
401,45
402,3
402,4
402,5
402,6
402,8
402,10
402,12
402,17
402,24
402,27
402,28
402,35
402,38
402,45
402,52
403,1
403,3
403,6
403,9
403,11
403,13
403,14
403,18
403,25
403,33
403,37
403,38
403,42
403,49
403,52
403,53
404,7
404,9
404,10
404,15
404,21
404,23
404,25
404,31
404,34
404,36
404,40
404,41
404,42
404,48
404,53
405,10
405,20
405,23
405,35
405,36
405,37
405,38
405,46
405,48
405,53
405,54
406,1
406,9
406,11
406,13
406,14
406,17
406,19
406,29
406,30
406,34
406,41
406,43
406,48
406,54
407,3
407,7
407,10
407,11
407,17
407,18
407,20
407,27
407,32
407,39
407,46
407,50
408,1
408,5
408,10
408,12
408,13
408,20
408,22
408,29
408,31
408,36
408,40
408,47
409,10
409,12
409,13
409,25
409,29
409,37
409,42
409,45
409,54
410,7
410,10
410,11
410,16
410,17
410,22
410,23
410,24
410,25
410,27
410,28
410,30
410,40
410,50
411,9
411,13
411,15
411,19
411,20
411,30
411,32
411,45
411,54
412,2
412,8
412,11
412,15
412,18
412,19
412,23
412,28
412,34
412,36
412,49
413,1
413,5
413,6
413,12
413,21
413,39
413,42
413,47
413,49
413,50
413,55
414,6
414,9
414,14
414,16
414,19
414,23
414,24
414,30
414,36
414,52
414,53
414,55
415,17
415,21
415,28
415,33
415,43
415,45
415,46
415,47
415,51
415,54
416,3
416,9
416,10
416,16
416,27
416,35
416,39
416,43
417,3
417,4
417,5
417,13
417,17
417,33
417,45
418,3
418,7
418,10
418,11
418,19
418,22
418,24
418,32
418,48
418,52
418,54
418,55
419,10
419,28
419,31
419,35
419,36
419,37
419,39
419,42
419,44
419,49
419,54
420,7
420,9
420,12
420,13
420,16
420,22
420,29
420,32
420,37
420,41
420,43
420,44
420,49
420,51
420,52
420,53
421,5
421,6
421,10
421,13
421,14
421,20
421,21
421,25
421,28
421,29
421,31
421,33
421,36
421,38
421,42
421,44
421,52
421,54
422,4
422,7
422,8
422,12
422,15
422,17
422,22
422,29
422,31
422,35
422,36
422,37
422,42
422,45
422,53
423,16
423,28
423,30
423,32
423,34
423,35
423,44
423,50
423,53
424,3
424,6
424,9
424,10
424,12
424,22
424,23
424,24
424,26
424,28
424,30
424,31
424,36
424,37
424,38
425,4
425,9
425,20
425,29
425,35
425,36
425,39
425,43
425,50
426,2
426,6
426,10
426,12
426,20
426,22
426,26
426,27
426,36
426,39
427,3
427,4
427,5
427,7
427,9
427,30
427,41
427,43
427,51
427,52
427,53
428,1
428,7
428,10
428,21
428,26
428,31
428,34
428,35
428,43
428,48
428,49
428,53
429,13
429,16
429,27
429,31
429,39
430,2
430,18
430,21
430,32
430,34
430,38
430,45
430,51
431,5
431,22
431,25
431,27
431,37
431,53
431,54
431,55
432,5
432,14
432,18
432,19
432,23
432,24
432,25
432,27
432,28
432,34
432,37
432,41
432,44
432,46
432,47
432,48
433,13
433,14
433,19
433,24
433,28
433,36
433,55
434,1
434,2
434,4
434,6
434,8
434,10
434,15
434,19
434,23
434,40
434,46
434,53
434,54
434,55
435,5
435,6
435,8
435,9
435,13
435,15
435,18
435,20
435,29
435,32
435,39
435,40
435,42
435,44
435,48
435,49
435,50
435,52
435,53
435,55
436,9
436,17
436,20
436,23
436,24
436,29
436,30
436,41
436,42
436,47
437,3
437,6
437,7
437,8
437,16
437,17
437,20
437,21
437,34
438,7
438,9
438,21
438,25
438,28
438,29
438,30
438,33
438,37
439,1
439,7
439,9
439,10
439,15
439,19
439,24
439,29
439,34
439,40
439,41
439,48
439,50
439,54
440,8
440,14
440,15
440,23
440,25
440,40
440,51
440,52
441,6
441,18
441,24
441,34
441,37
441,39
441,40
441,45
441,46
441,52
441,54
442,17
442,28
442,30
442,34
442,43
442,46
442,53
442,54
443,27
443,31
443,32
443,34
443,41
443,45
443,46
443,47
443,52
443,54
444,5
444,30
444,36
444,38
444,43
444,48
444,51
444,55
445,8
445,14
445,21
445,31
445,41
445,47
445,50
445,53
446,1
446,13
446,15
446,16
446,18
446,43
446,51
447,10
447,34
447,37
447,38
447,45
447,47
447,48
447,50
448,12
448,21
448,23
448,25
448,31
448,32
448,34
448,38
448,44
448,52
448,53
449,1
449,4
449,5
449,13
449,19
449,21
449,26
449,29
449,37
449,39
449,41
449,54
449,55
450,3
450,4
450,7
450,15
450,18
450,22
450,26
450,29
450,36
450,37
450,39
450,41
450,45
450,48
450,51
450,54
451,11
451,21
451,23
451,27
451,28
451,31
451,37
451,38
451,43
451,54
452,3
452,5
452,17
452,25
452,30
452,41
452,45
453,1
453,7
453,13
453,14
453,15
453,18
453,24
453,31
453,55
454,6
454,10
454,11
454,12
454,16
454,22
454,26
454,34
454,38
454,42
454,49
454,55
455,2
455,16
455,21
455,22
455,27
455,31
455,38
455,49
455,53
456,12
456,13
456,17
456,23
456,33
456,42
456,43
456,44
456,47
456,49
457,7
457,15
457,26
457,28
457,42
457,48
457,49
457,50
457,52
457,53
458,4
458,11
458,14
458,22
458,40
458,43
458,54
459,1
459,4
459,10
459,19
459,23
459,25
459,36
459,41
459,45
459,48
459,51
459,54
460,4
460,7
460,14
460,23
460,33
460,35
460,50
460,54
461,3
461,4
461,11
461,12
461,19
461,25
461,26
461,27
461,31
461,34
461,36
461,43
461,45
462,2
462,7
462,16
462,21
462,23
462,37
462,46
462,52
463,2
463,7
463,16
463,19
463,22
463,25
463,30
463,31
463,34
463,35
463,36
463,45
463,52
463,54
464,5
464,20
464,32
464,37
464,38
464,40
464,48
465,4
465,7
465,11
465,15
465,18
465,25
465,30
465,31
465,33
465,34
465,38
465,40
465,42
465,47
465,51
465,55
466,25
466,29
466,35
466,45
466,52
467,4
467,6
467,14
467,15
467,24
467,26
467,30
467,31
467,47
467,48
468,5
468,12
468,22
468,37
468,53
469,8
469,11
469,12
469,13
469,23
469,29
469,35
469,38
469,48
469,53
470,1
470,9
470,16
470,25
470,26
470,27
470,35
470,40
470,51
470,54
471,2
471,3
471,4
471,7
471,8
471,11
471,14
471,17
471,21
471,26
471,29
471,35
471,40
472,7
472,10
472,11
472,12
472,14
472,21
472,25
472,26
472,32
472,35
472,38
472,44
472,50
473,1
473,9
473,16
473,17
473,22
473,25
473,26
473,28
473,29
473,32
473,47
473,51
473,54
474,2
474,7
474,9
474,10
474,16
474,19
474,25
474,28
474,29
474,41
474,43
474,45
474,50
474,54
475,1
475,4
475,14
475,16
475,23
475,25
475,29
475,31
475,43
475,45
475,47
475,51
476,3
476,13
476,16
476,19
476,27
476,31
476,42
476,48
476,55
477,5
477,7
477,11
477,19
477,32
477,34
477,39
477,40
477,41
477,43
477,45
477,48
477,53
478,20
478,24
478,26
478,29
478,53
478,55
479,2
479,8
479,10
479,13
479,25
479,26
479,30
479,32
479,43
479,47
479,52
480,4
480,8
480,11
480,12
480,16
480,27
480,29
480,40
480,42
480,46
480,49
480,50
480,53
481,2
481,15
481,17
481,24
481,29
481,32
481,43
482,9
482,15
482,23
482,28
482,29
482,33
482,37
482,40
483,4
483,6
483,9
483,20
483,21
483,26
483,29
483,32
483,33
483,39
483,47
483,49
483,50
483,54
484,6
484,8
484,9
484,14
484,19
484,20
484,27
484,43
484,45
484,46
484,47
484,48
484,52
484,53
485,5
485,6
485,11
485,17
485,20
485,22
485,23
485,26
485,29
485,30
485,31
485,34
485,37
485,40
485,41
485,48
486,1
486,5
486,7
486,8
486,12
486,15
486,16
486,17
486,27
486,28
486,36
486,37
486,40
486,41
486,44
487,1
487,6
487,10
487,11
487,15
487,16
487,18
487,20
487,25
487,27
487,44
487,46
487,52
487,55
488,2
488,8
488,9
488,10
488,14
488,31
488,55
489,4
489,9
489,12
489,18
489,19
489,24
489,32
489,45
489,53
490,4
490,5
490,11
490,12
490,18
490,21
490,24
490,27
490,29
490,50
491,2
491,8
491,11
491,19
491,20
491,25
491,30
491,31
491,39
491,47
491,51
491,55
492,9
492,14
492,21
492,25
492,33
492,43
492,45
492,47
492,48
492,50
493,9
493,12
493,16
493,22
493,32
493,51
494,3
494,4
494,11
494,12
494,13
494,15
494,28
494,30
494,37
494,51
495,1
495,4
495,8
495,20
495,22
495,26
495,39
495,42
495,44
495,46
495,48
496,7
496,19
496,26
496,27
496,30
496,31
496,45
496,46
496,47
496,48
496,54
497,12
497,17
497,18
497,21
497,27
497,32
497,42
497,44
497,46
498,12
498,16
498,19
498,21
498,23
498,30
498,31
498,35
498,37
498,38
498,40
498,53
499,4
499,10
499,20
499,22
499,28
499,34
499,42
499,45
500,1
500,3
500,5
500,13
500,15
500,36
500,44
500,46
500,47
500,48
501,11
501,26
501,28
501,31
501,35
501,36
501,40
501,44
501,50
502,1
502,7
502,17
502,21
502,23
502,31
502,33
502,37
502,38
502,47
502,49
502,54
502,55
503,2
503,9
503,16
503,25
503,28
503,32
503,34
503,35
503,36
503,47
503,50
503,53
504,1
504,2
504,4
504,7
504,15
504,18
504,19
504,22
504,24
504,28
504,33
504,35
504,36
504,38
504,52
505,5
505,12
505,15
505,17
505,25
505,27
505,32
505,37
505,38
505,49
505,51
505,53
505,54
506,2
506,9
506,15
506,16
506,20
506,21
506,24
506,28
506,29
506,33
506,34
506,43
506,46
506,49
507,2
507,6
507,9
507,17
507,29
507,32
507,35
508,4
508,5
508,7
508,18
508,23
508,25
508,27
508,28
508,32
508,33
508,36
508,39
508,42
508,44
508,46
509,21
509,24
509,25
509,27
509,29
509,35
509,36
509,37
509,39
509,40
509,43
509,49
510,2
510,3
510,11
510,12
510,17
510,18
510,22
510,36
510,45
510,53
510,54
511,3
511,4
511,7
511,11
511,13
511,14
511,17
511,19
511,22
511,27
511,30
511,31
511,47
511,50
512,2
512,19
512,32
512,39
512,40
512,43
512,44
512,49
513,1
513,15
513,18
513,23
513,25
513,32
513,47
513,51
514,5
514,11
514,20
514,27
514,30
514,31
514,39
514,45
514,46
514,50
514,54
515,1
515,3
515,13
515,15
515,17
515,24
515,25
515,26
515,34
515,40
515,55
516,6
516,9
516,17
516,18
516,23
516,26
516,27
516,29
516,34
516,39
516,45
517,2
517,11
517,13
517,15
517,16
517,22
517,25
517,29
517,31
517,32
517,36
517,37
517,41
517,43
517,44
518,4
518,7
518,8
518,23
518,39
518,44
518,50
518,54
518,55
519,3
519,11
519,12
519,21
519,24
519,28
519,29
519,33
519,35
519,38
519,42
519,52
520,4
520,8
520,15
520,16
520,20
520,26
520,32
520,37
521,9
521,21
521,26
521,27
521,29
521,46
521,49
521,53
522,5
522,6
522,9
522,15
522,25
522,42
522,47
522,48
522,52
523,4
523,9
523,10
523,13
523,28
523,30
523,31
523,39
523,47
523,52
523,53
524,3
524,4
524,37
524,52
525,3
525,9
525,12
525,13
525,17
525,18
525,19
525,25
525,27
525,37
525,40
525,51
526,3
526,8
526,12
526,13
526,20
526,21
526,27
526,32
526,33
526,36
526,40
526,41
526,44
526,46
526,52
526,55
527,8
527,11
527,19
527,29
527,40
528,2
528,5
528,8
528,10
528,12
528,19
528,21
528,22
528,23
528,31
528,32
528,37
528,41
528,43
528,50
528,52
529,3
529,18
529,24
529,30
529,31
529,33
529,39
529,43
530,32
530,36
531,15
531,18
531,21
531,45
531,49
531,54
532,1
532,4
532,6
532,8
532,11
532,20
532,35
532,41
532,47
532,53
533,4
533,9
533,16
533,29
533,36
533,39
533,44
534,8
534,12
534,19
534,22
534,24
534,28
534,29
534,31
534,37
534,44
534,46
534,47
534,51
534,52
535,19
535,24
536,7
536,11
536,35
536,36
536,43
536,48
536,51
536,55
537,7
537,9
537,10
537,22
537,27
537,36
537,38
537,46
537,51
538,3
538,5
538,33
538,43
538,53
538,54
539,2
539,4
539,5
539,10
539,18
539,22
539,23
539,28
539,30
539,39
539,48
539,49
540,5
540,7
540,9
540,14
540,15
540,18
540,33
540,35
540,49
540,51
540,53
541,12
541,16
541,18
541,21
541,24
541,35
541,40
541,44
541,51
541,53
541,55
542,1
542,9
542,13
542,16
542,20
542,21
542,35
542,37
542,41
542,48
542,49
543,4
543,6
543,13
543,16
543,28
543,29
543,32
543,39
543,41
543,47
543,49
543,52
543,55
544,5
544,7
544,12
544,13
544,21
544,29
544,37
544,38
544,40
544,41
544,42
544,43
544,44
544,45
544,48
545,1
545,11
545,12
545,14
545,22
545,26
545,31
545,35
545,39
545,49
545,52
545,55
546,3
546,10
546,11
546,13
546,26
546,30
546,31
546,32
546,37
546,38
546,41
546,44
546,45
546,52
546,54
547,11
547,19
547,21
547,29
547,35
547,40
547,44
547,47
547,48
547,50
547,53
548,7
548,13
548,16
548,17
548,19
548,26
548,42
548,46
549,4
549,9
549,32
549,35
550,1
550,11
550,16
550,21
550,35
550,40
550,43
550,46
550,47
550,54
551,1
551,4
551,15
551,19
551,21
551,24
551,28
551,32
551,38
551,41
551,45
551,54
552,10
552,21
552,27
552,28
552,31
552,37
552,39
552,40
552,42
552,43
552,48
552,52
553,3
553,5
553,23
553,26
553,30
553,37
553,44
553,45
553,48
553,50
553,53
553,54
554,24
554,25
554,26
554,30
554,34
554,35
554,42
554,43
554,49
554,52
555,1
555,6
555,7
555,24
555,31
555,40
555,45
555,49
555,53
555,55
556,1
556,6
556,7
556,8
556,12
556,21
556,38
556,42
556,51
557,4
557,5
557,17
557,19
557,30
557,40
557,41
557,43
557,47
557,52
557,54
558,13
558,18
558,22
558,34
558,43
558,44
558,48
558,52
558,54
559,1
559,5
559,15
559,21
559,23
559,24
559,35
559,39
559,42
559,44
560,1
560,6
560,11
560,17
560,20
560,25
560,31
560,38
560,42
561,2
561,9
561,15
561,39
561,40
561,48
562,3
562,6
562,32
562,33
562,38
563,2
563,6
563,8
563,9
563,29
563,34
563,37
564,2
564,3
564,12
564,13
564,17
564,19
564,25
564,27
564,29
564,34
564,37
565,4
565,7
565,19
565,26
565,27
565,28
565,30
565,32
565,35
565,38
565,43
565,48
565,49
565,52
566,1
566,5
566,7
566,8
566,12
566,18
566,44
566,47
567,5
567,10
567,11
567,20
567,28
567,29
567,34
567,41
567,42
567,43
567,44
567,47
567,48
567,49
567,51
567,55
568,19
568,22
568,34
568,35
568,36
568,44
568,45
568,48
568,50
569,11
569,16
569,17
569,18
569,52
569,54
570,3
570,4
570,9
570,14
570,16
570,21
570,22
570,28
570,37
570,39
570,42
570,45
570,47
570,50
570,53
571,2
571,3
571,13
571,14
571,17
571,18
571,21
571,22
571,25
571,30
571,31
571,35
571,37
571,38
571,43
571,54
572,4
572,9
572,10
572,14
572,20
572,21
572,24
572,28
572,30
572,31
572,37
573,1
573,2
573,8
573,13
573,20
573,25
573,34
573,35
573,44
573,45
573,46
573,47
573,49
573,52
573,53
574,1
574,3
574,7
574,12
574,13
574,14
574,16
574,21
574,32
574,36
574,41
574,42
574,47
574,51
574,52
575,3
575,4
575,6
575,13
575,19
575,20
575,21
575,24
575,32
575,38
575,49
575,51
575,53
575,54
576,5
576,7
576,13
576,16
576,20
576,25
576,33
576,35
576,37
576,44
576,46
576,51
577,18
577,25
577,26
577,30
577,34
577,36
577,37
577,41
577,42
577,44
577,49
577,52
578,11
578,14
578,16
578,26
578,31
578,34
578,43
578,46
578,53
578,54
579,4
579,6
579,8
579,9
579,14
579,15
579,24
579,25
579,31
579,36
579,38
579,39
579,43
579,46
579,50
580,3
580,6
580,10
580,16
580,17
580,21
580,23
580,24
580,25
580,30
580,34
580,38
580,40
580,43
580,44
580,47
580,48
580,49
581,10
581,12
581,19
581,20
581,28
581,30
581,32
581,42
582,6
582,11
582,22
582,26
582,39
582,43
582,48
583,4
583,8
583,15
583,23
583,26
583,27
583,29
583,40
583,43
583,44
583,53
584,2
584,3
584,7
584,10
584,11
584,14
584,18
584,25
584,33
584,34
584,45
584,46
584,48
584,53
585,9
585,11
585,16
585,21
585,25
585,28
585,35
585,40
585,43
585,44
585,53
586,5
586,6
586,9
586,11
586,13
586,16
586,17
586,21
586,35
586,37
586,44
586,45
586,51
587,5
587,9
587,19
587,27
587,39
587,48
587,49
588,2
588,4
588,9
588,10
588,14
588,17
588,26
588,27
588,28
588,31
588,39
588,44
589,4
589,5
589,16
589,25
589,29
589,34
589,40
589,42
589,48
590,1
590,8
590,13
590,15
590,31
590,32
590,34
590,35
590,40
590,46
590,47
590,48
590,49
590,51
591,6
591,8
591,10
591,12
591,13
591,14
591,17
591,28
591,29
591,30
591,36
591,42
591,47
591,55
592,2
592,22
592,25
592,26
592,43
592,48
592,49
593,1
593,9
593,10
593,12
593,13
593,16
593,18
593,21
593,28
593,29
593,30
593,34
593,42
594,8
594,11
594,18
594,23
594,46
594,48
594,51
594,53
595,9
595,10
595,12
595,13
595,16
595,17
595,24
595,25
595,37
595,41
595,43
595,45
595,53
595,55
596,6
596,7
596,8
596,10
596,14
596,27
596,36
596,40
596,41
596,49
596,51
597,4
597,10
597,12
597,29
597,37
597,39
597,40
597,45
597,50
597,53
598,6
598,21
598,23
598,24
598,26
598,30
598,34
598,40
598,44
598,54
598,55
599,6
599,18
599,22
599,30
599,37
599,39
599,47
599,52
599,54
600,1
600,2
600,7
600,18
600,26
600,30
600,31
600,32
600,40
600,52
600,54
601,1
601,5
601,10
601,25
601,45
601,48
601,50
601,52
601,55
602,1
602,6
602,12
602,15
602,16
602,25
602,29
602,30
602,34
602,35
602,36
602,41
602,42
602,48
602,52
602,54
603,6
603,9
603,12
603,16
603,19
603,23
603,30
603,37
603,41
603,45
603,47
604,7
604,9
604,11
604,14
604,15
604,17
604,26
604,32
604,35
604,39
604,40
604,43
604,44
604,45
604,49
604,55
605,6
605,9
605,11
605,13
605,15
605,17
605,21
605,23
605,32
605,33
605,37
605,41
605,49
605,54
605,55
606,7
606,11
606,14
606,17
606,34
606,44
606,51
607,15
607,29
607,33
607,44
608,2
608,7
608,10
608,22
608,24
608,34
608,36
608,37
608,46
608,48
609,3
609,5
609,10
609,13
609,17
609,24
609,28
609,31
609,39
609,42
609,44
609,48
610,3
610,11
610,19
610,23
610,24
610,31
610,33
610,41
610,45
610,52
610,53
610,55
611,2
611,4
611,7
611,8
611,11
611,13
611,21
611,23
611,26
611,31
611,32
611,46
611,50
612,15
612,25
612,28
612,33
612,34
612,36
612,39
612,47
612,53
613,1
613,2
613,14
613,20
613,21
613,25
613,38
613,44
613,48
613,54
613,55
614,5
614,7
614,15
614,17
614,18
614,22
614,23
614,49
614,54
615,1
615,6
615,14
615,15
615,17
615,19
615,20
615,22
615,31
615,35
615,37
615,41
615,44
615,49
615,53
615,55
616,4
616,8
616,20
616,22
616,25
616,38
616,44
616,48
616,53
616,55
617,1
617,6
617,15
617,22
617,32
617,34
617,35
617,42
617,51
617,53
617,55
618,6
618,16
618,20
618,22
618,33
618,36
618,37
618,44
618,47
618,49
618,51
618,53
619,1
619,2
619,3
619,5
619,10
619,13
619,16
619,19
619,20
619,21
619,23
619,25
619,40
619,52
619,53
620,6
620,19
620,22
620,25
620,27
620,31
620,32
620,34
620,38
620,43
620,52
621,11
621,15
621,17
621,31
621,43
621,44
621,47
621,49
621,54
622,7
622,12
622,15
622,23
622,30
622,37
622,45
622,49
622,52
623,3
623,12
623,21
623,25
623,27
623,28
623,30
623,31
623,42
623,54
624,5
624,10
624,21
624,24
624,30
624,45
624,52
624,55
625,10
625,22
625,27
625,30
625,33
625,38
625,45
625,55
626,12
626,20
626,29
626,32
626,34
626,53
627,10
627,19
627,20
627,27
627,33
627,38
627,44
627,47
627,48
628,2
628,8
628,10
628,11
628,18
628,21
628,23
628,27
628,28
628,30
628,32
628,42
628,45
628,47
629,4
629,5
629,8
629,19
629,22
629,24
629,26
629,28
629,29
629,37
629,40
629,42
629,51
629,53
630,1
630,2
630,4
630,9
630,11
630,13
630,16
630,17
630,23
630,34
630,50
630,52
630,55
631,1
631,2
631,12
631,13
631,20
631,21
631,23
631,24
631,28
631,44
631,46
631,51
631,52
631,55
632,5
632,11
632,17
632,28
632,32
632,46
633,3
633,4
633,7
633,14
633,16
633,17
633,31
633,36
633,39
633,50
633,53
633,54
633,55
634,3
634,7
634,10
634,15
634,16
634,20
634,21
634,23
634,30
634,35
634,47
634,49
635,5
635,10
635,20
635,22
635,24
635,42
635,46
636,7
636,8
636,9
636,13
636,14
636,27
636,30
636,31
636,36
636,42
636,45
636,48
636,49
636,50
637,1
637,23
637,25
637,29
637,39
637,40
637,46
637,55
638,7
638,9
638,10
638,12
638,13
638,22
638,32
638,41
638,55
639,3
639,13
639,14
639,16
639,17
639,20
639,24
639,34
639,43
639,44
639,49
639,51
640,2
640,9
640,12
640,35
640,39
640,40
640,47
640,52
641,4
641,7
641,10
641,14
641,17
641,19
641,22
641,25
641,27
641,33
641,36
641,47
641,49
641,54
642,3
642,4
642,14
642,19
642,49
642,50
642,51
643,3
643,4
643,13
643,19
643,24
643,26
643,30
643,31
643,34
643,38
644,1
644,5
644,8
644,13
644,16
644,30
644,37
644,38
645,3
645,4
645,5
645,17
645,18
645,21
645,29
645,33
645,35
645,37
645,40
645,41
645,42
645,43
645,44
645,45
645,51
645,54
646,6
646,7
646,27
646,28
646,43
646,45
646,46
647,4
647,11
647,26
647,27
647,31
647,36
647,40
647,44
647,45
647,49
647,52
648,2
648,4
648,12
648,19
648,26
648,27
648,34
648,37
648,40
648,50
648,53
649,8
649,15
649,20
649,24
649,26
649,29
649,40
649,44
649,49
649,50
650,11
650,13
650,17
650,18
650,37
650,39
650,41
650,48
650,49
650,52
650,54
651,6
651,9
651,10
651,18
651,20
651,28
651,32
651,40
651,42
651,48
651,51
651,53
651,54
652,2
652,4
652,6
652,9
652,10
652,12
652,17
652,37
652,42
652,48
652,49
652,51
653,3
653,4
653,7
653,9
653,12
653,13
653,18
653,24
653,25
653,26
653,28
653,33
653,38
653,43
653,48
653,49
653,54
654,7
654,28
654,42
654,45
654,47
654,55
655,8
655,9
655,13
655,21
655,25
655,31
655,34
655,42
655,45
655,53
656,13
656,21
656,27
656,39
656,52
656,53
657,12
657,14
657,21
657,31
657,39
657,40
657,43
658,5
658,8
658,18
658,27
658,31
658,40
658,41
658,49
658,52
659,3
659,6
659,15
659,21
659,25
659,37
659,39
659,41
659,47
659,48
659,55
660,1
660,5
660,7
660,13
660,22
660,23
660,26
660,27
660,29
660,32
660,37
660,39
660,54
661,2
661,4
661,9
661,13
661,19
661,29
661,37
661,43
662,2
662,4
662,7
662,25
662,28
662,39
662,43
662,46
662,53
663,4
663,15
663,18
663,20
663,27
663,29
663,31
663,41
663,46
663,47
664,1
664,2
664,4
664,14
664,15
664,16
664,24
664,34
664,39
664,44
664,47
664,51
664,52
664,53
664,55
665,2
665,24
665,32
665,33
665,37
665,38
665,42
665,53
666,6
666,8
666,9
666,10
666,29
666,33
666,47
666,50
667,2
667,7
667,8
667,12
667,13
667,17
667,24
667,27
667,30
667,32
667,37
667,44
667,51
667,53
668,2
668,5
668,8
668,16
668,20
668,32
668,33
668,45
668,49
668,52
669,1
669,5
669,8
669,13
669,14
669,22
669,28
669,29
670,12
670,14
670,20
670,23
670,29
670,30
670,33
670,37
670,42
670,43
670,51
671,4
671,9
671,13
671,14
671,15
671,16
671,20
671,23
671,28
671,39
671,46
671,48
672,4
672,5
672,19
672,40
672,41
672,44
673,15
673,18
673,33
673,35
673,36
673,42
673,44
673,51
673,52
673,54
674,10
674,20
674,23
674,24
674,25
674,31
674,33
674,38
674,42
674,44
674,46
674,49
674,51
674,52
675,4
675,8
675,11
675,19
675,23
675,26
675,31
675,38
675,45
675,47
675,49
675,50
675,52
676,8
676,11
676,15
676,31
676,37
676,39
676,41
676,42
676,47
676,53
676,55
677,7
677,9
677,20
677,25
677,27
677,29
677,34
677,43
678,2
678,4
678,5
678,7
678,8
678,13
678,29
678,34
678,43
678,47
679,7
679,13
679,22
679,25
679,31
679,34
679,38
679,39
679,47
679,49
679,51
680,8
680,15
680,25
680,31
680,35
680,38
680,52
680,53
680,55
681,1
681,2
681,14
681,16
681,22
681,31
681,35
681,36
681,49
681,52
682,3
682,7
682,9
682,13
682,15
682,18
682,27
682,28
682,29
682,37
682,47
683,4
683,11
683,14
683,18
683,24
683,27
683,33
683,40
683,41
683,51
684,7
684,16
684,43
684,47
684,52
685,11
685,12
685,27
685,30
685,35
685,46
685,50
686,11
686,13
686,16
686,27
686,28
686,29
686,35
686,53
686,55
687,9
687,14
687,22
687,32
687,39
687,43
687,49
687,54
688,4
688,16
688,23
688,28
688,29
688,31
688,36
689,2
689,4
689,14
689,16
689,19
689,24
689,25
689,28
689,31
689,33
689,35
689,37
689,40
690,3
690,4
690,8
690,12
690,15
690,17
690,18
690,20
690,23
690,24
690,28
690,30
690,39
690,43
690,44
690,51
690,54
691,1
691,3
691,4
691,16
691,27
691,31
691,43
691,48
691,49
691,51
692,3
692,6
692,14
692,15
692,17
692,18
692,23
692,30
692,34
692,35
692,41
692,47
692,48
693,5
693,7
693,17
693,27
693,28
693,30
693,39
693,43
693,44
693,51
693,54
694,4
694,13
694,17
694,23
694,26
694,28
694,40
694,42
694,47
694,54
695,4
695,8
695,16
695,17
695,20
695,25
695,35
695,38
695,49
695,51
695,52
696,3
696,8
696,9
696,23
696,25
696,26
696,27
696,34
696,35
696,37
696,43
696,48
696,50
696,53
697,1
697,3
697,4
697,7
697,15
697,38
697,39
697,45
697,47
697,50
698,7
698,11
698,17
698,19
698,20
698,22
698,23
698,28
698,36
698,40
698,48
698,50
699,1
699,4
699,11
699,20
699,28
699,38
699,42
699,46
699,50
699,55
700,1
700,12
700,16
700,18
700,25
700,35
700,37
700,42
700,50
700,54
701,9
701,11
701,17
701,24
701,29
701,32
701,43
701,44
701,49
702,1
702,3
702,5
702,7
702,10
702,16
702,31
702,33
702,41
702,44
702,45
702,47
702,48
702,50
702,54
703,2
703,6
703,12
703,15
703,17
703,21
703,37
703,38
703,42
703,54
704,11
704,13
704,21
704,23
704,26
704,27
704,33
704,55
705,1
705,6
705,7
705,15
705,17
705,21
705,25
705,26
705,27
705,45
705,51
705,52
705,53
706,37
706,39
706,43
706,44
706,55
707,1
707,10
707,13
707,23
707,29
707,48
707,50
707,53
708,3
708,4
708,5
708,8
708,11
708,18
708,23
708,28
708,34
708,37
708,41
708,53
709,1
709,3
709,12
709,17
709,18
709,24
709,28
709,35
709,36
709,37
709,41
710,5
710,13
710,15
710,16
710,22
710,23
710,24
710,31
710,42
710,53
710,54
711,11
711,12
711,13
711,15
711,19
711,23
711,24
711,25
711,27
711,32
711,37
711,45
711,48
711,52
711,54
712,1
712,8
712,15
712,16
712,18
712,24
712,25
712,26
712,29
712,35
712,36
712,43
712,47
712,49
712,54
713,4
713,5
713,9
713,15
713,17
713,21
713,30
713,34
713,37
713,38
713,48
714,13
714,18
714,19
714,26
714,27
714,35
714,37
714,38
714,42
714,47
714,55
715,5
715,20
715,24
715,29
715,30
715,31
715,33
715,34
715,39
715,45
715,51
716,8
716,12
716,24
716,35
716,36
716,44
716,49
716,53
716,55
717,14
717,20
717,23
717,27
717,33
717,40
717,42
717,51
717,53
717,55
718,11
718,23
718,25
718,27
718,34
718,35
718,36
718,46
718,49
718,54
719,9
719,11
719,12
719,14
719,18
719,19
719,22
719,32
719,33
719,34
719,36
719,37
719,44
719,51
719,54
719,55
720,2
720,15
720,17
720,31
720,33
720,36
720,45
721,1
721,2
721,3
721,9
721,10
721,19
721,22
721,24
721,25
721,38
721,43
721,45
721,49
721,52
721,53
721,54
722,4
722,7
722,17
722,25
722,30
722,32
722,34
722,35
722,36
722,37
722,40
722,42
722,46
722,47
722,50
722,51
722,55
723,1
723,6
723,9
723,14
723,18
723,23
723,25
723,40
723,44
723,55
724,7
724,10
724,22
724,24
725,4
725,7
725,12
725,13
725,15
725,16
725,19
725,22
725,25
725,28
725,31
725,37
725,38
725,42
725,45
725,47
725,50
725,51
725,55
726,8
726,12
726,13
726,14
726,15
726,17
726,25
726,31
726,35
726,41
726,44
726,55
727,14
727,20
727,22
727,30
727,35
727,36
727,54
728,20
728,25
728,27
728,35
728,38
728,43
728,44
729,6
729,7
729,17
729,19
729,24
729,27
729,32
729,34
729,51
730,1
730,7
730,12
730,13
730,14
730,19
730,20
730,26
730,28
730,29
730,33
730,35
730,38
730,39
730,44
730,45
730,46
730,48
731,1
731,3
731,11
731,12
731,14
731,20
731,33
731,35
731,38
731,43
731,47
731,49
731,55
732,8
732,14
732,16
732,22
732,28
732,29
732,33
732,34
732,38
732,39
732,40
732,45
732,48
732,54
733,8
733,24
733,27
733,30
733,34
733,55
734,6
734,18
734,19
734,20
734,24
734,28
734,37
734,52
734,54
734,55
735,2
735,3
735,14
735,22
735,29
735,30
735,32
735,34
735,36
735,39
735,44
735,45
735,48
735,55
736,1
736,2
736,5
736,7
736,19
736,25
736,27
736,42
736,52
736,54
737,3
737,5
737,31
737,36
737,40
737,45
737,53
737,54
738,4
738,21
738,26
738,28
738,41
738,42
738,48
739,7
739,10
739,15
739,19
739,44
739,45
739,46
739,49
739,52
740,2
740,6
740,9
740,19
740,30
740,31
740,32
740,44
740,51
741,1
741,9
741,12
741,14
741,16
741,19
741,23
741,42
741,47
741,49
741,50
742,1
742,4
742,5
742,7
742,23
742,25
742,34
742,35
742,42
742,45
742,47
743,6
743,8
743,10
743,12
743,16
743,17
743,24
743,27
743,28
743,33
743,39
743,44
743,47
743,48
743,50
743,54
743,55
744,3
744,5
744,18
744,33
744,53
745,15
745,17
745,19
745,21
745,28
745,35
745,38
745,41
745,45
745,47
746,4
746,7
746,17
746,27
746,28
746,29
746,39
746,42
746,44
746,45
746,50
746,53
747,2
747,4
747,7
747,17
747,27
747,29
747,35
747,36
747,38
747,40
747,41
747,42
747,43
748,1
748,4
748,6
748,16
748,17
748,18
748,28
748,29
748,30
748,40
749,3
749,4
749,5
749,7
749,13
749,15
749,17
749,23
749,39
749,42
749,54
750,2
750,3
750,10
750,14
750,17
750,26
750,28
750,29
750,31
750,32
750,33
750,37
750,42
750,45
750,46
750,47
750,48
750,52
751,12
751,13
751,16
751,23
751,25
751,27
751,30
751,36
751,41
751,50
752,1
752,4
752,7
752,11
752,15
752,20
752,21
752,25
752,26
752,32
752,40
752,45
753,2
753,4
753,21
753,29
753,32
753,50
753,51
753,53
754,10
754,12
754,18
754,27
754,30
754,48
754,55
755,6
755,7
755,11
755,18
755,19
755,24
755,25
755,27
755,32
755,41
755,52
756,7
756,8
756,20
756,28
756,31
756,38
756,46
756,50
756,52
756,53
757,10
757,11
757,23
757,24
757,26
757,27
757,35
757,39
757,40
757,52
758,7
758,13
758,14
758,18
758,20
758,21
758,22
758,25
758,29
758,31
758,42
759,4
759,11
759,14
759,18
759,24
759,28
759,31
759,34
759,37
759,43
759,47
759,51
759,54
759,55
760,2
760,9
760,16
760,17
760,21
760,23
760,32
760,37
760,45
760,49
760,50
760,51
761,5
761,6
761,7
761,9
761,12
761,14
761,18
761,27
761,36
761,41
761,43
761,47
761,54
761,55
762,3
762,7
762,13
762,24
762,41
762,44
762,45
762,47
763,5
763,6
763,15
763,28
763,32
763,36
763,39
763,51
763,54
764,1
764,6
764,9
764,11
764,32
764,42
764,44
764,46
764,48
764,51
764,53
765,6
765,15
765,16
765,23
765,24
765,25
765,41
765,49
765,51
765,53
766,7
766,11
766,15
766,18
766,24
766,27
766,28
766,31
766,36
766,39
766,51
766,55
767,15
767,18
767,19
767,22
767,23
767,36
767,45
767,55
768,3
768,9
768,14
768,20
768,22
768,31
768,35
768,39
768,41
768,42
768,43
768,53
768,54
769,5
769,6
769,8
769,13
769,21
769,30
769,38
769,53
770,2
770,26
770,28
770,30
770,34
771,7
771,24
771,27
771,38
771,49
771,50
772,1
772,2
772,5
772,6
772,16
772,17
772,24
772,30
772,33
772,47
772,53
773,2
773,3
773,9
773,10
773,13
773,17
773,18
773,27
773,36
773,48
773,50
773,53
774,2
774,6
774,7
774,10
774,17
774,19
774,23
774,26
774,27
774,28
774,31
774,37
774,38
774,50
774,53
774,55
775,7
775,8
775,9
775,10
775,11
775,12
775,15
775,17
775,18
775,24
775,25
775,31
775,38
775,43
775,50
775,51
775,55
776,12
776,14
776,33
776,45
776,49
776,53
777,7
777,14
777,21
777,23
777,25
777,32
777,33
777,37
777,40
777,44
777,46
777,49
777,51
778,2
778,4
778,19
778,25
778,26
778,27
778,37
778,38
778,45
778,48
778,49
778,53
779,10
779,12
779,18
779,20
779,21
779,26
779,29
779,31
779,45
779,50
779,55
780,4
780,6
780,7
780,34
780,40
780,44
780,52
781,3
781,4
781,16
781,19
781,26
781,29
781,30
781,39
781,46
781,47
781,49
781,53
781,54
782,1
782,2
782,6
782,9
782,15
782,17
782,23
782,25
782,30
782,32
782,37
782,50
782,54
783,9
783,10
783,11
783,12
783,14
783,20
783,34
783,38
783,39
783,40
783,54
784,13
784,17
784,21
784,22
784,33
784,39
784,50
784,55
785,5
785,6
785,10
785,12
785,13
785,18
785,23
785,27
785,28
785,32
785,49
785,50
786,9
786,13
786,16
786,17
786,23
786,29
786,33
786,38
786,40
786,42
786,48
787,1
787,5
787,8
787,13
787,14
787,15
787,17
787,21
787,33
787,34
787,36
787,43
787,44
787,46
787,54
788,2
788,3
788,4
788,7
788,9
788,15
788,16
788,27
788,30
788,34
788,35
788,39
788,40
788,41
788,48
788,53
789,6
789,8
789,10
789,11
789,13
789,14
789,15
789,18
789,22
789,24
789,25
789,32
789,36
789,43
789,49
789,53
790,8
790,11
790,13
790,16
790,17
790,28
790,34
790,37
790,41
790,44
790,50
790,55
791,6
791,10
791,16
791,17
791,18
791,20
791,25
791,29
791,34
791,36
791,37
791,42
791,43
791,47
792,5
792,11
792,19
792,20
792,26
792,32
792,36
792,48
792,52
793,3
793,5
793,30
793,31
793,33
793,43
793,44
793,48
793,51
794,1
794,2
794,12
794,13
794,23
794,25
794,27
794,30
794,37
794,46
795,5
795,6
795,11
795,34
795,40
795,44
795,52
795,53
795,54
796,1
796,3
796,4
796,8
796,18
796,37
796,47
796,49
796,51
796,55
797,5
797,11
797,24
797,29
797,32
797,35
797,38
798,5
798,7
798,10
798,12
798,19
798,20
798,27
798,32
798,38
798,42
798,44
798,45
798,48
799,2
799,6
799,13
799,14
799,18
799,20
799,21
799,22
799,24
799,30
799,36
799,39
799,43
799,45
799,51
799,53
800,3
800,4
800,7
800,13
800,28
800,38
800,40
800,48
800,49
800,51
800,53
801,2
801,7
801,11
801,16
801,17
801,18
801,26
801,28
801,48
801,50
801,54
802,4
802,8
802,9
802,22
802,28
802,29
802,36
802,39
802,42
802,43
802,45
802,47
803,8
803,10
803,13
803,17
803,21
803,24
803,25
803,28
803,34
803,37
803,50
803,52
803,55
804,11
804,18
804,19
804,24
804,28
804,36
804,40
804,42
804,44
804,46
804,48
804,51
805,6
805,9
805,11
805,14
805,20
805,23
805,25
805,26
805,30
805,33
805,41
805,44
805,45
805,51
806,10
806,11
806,22
806,24
806,25
806,27
806,28
806,30
806,31
806,36
806,37
806,39
806,45
806,49
806,55
807,7
807,9
807,10
807,12
807,13
807,16
807,18
807,21
807,22
807,25
807,30
807,38
807,39
807,40
808,1
808,5
808,9
808,12
808,13
808,15
808,21
808,28
808,39
808,41
808,49
808,53
809,12
809,19
809,22
809,23
809,24
809,29
809,33
809,35
809,48
809,51
809,54
810,3
810,4
810,9
810,10
810,13
810,14
810,16
810,17
810,19
810,28
810,39
810,41
810,48
811,2
811,5
811,13
811,14
811,16
811,17
811,18
811,23
811,25
811,27
811,28
811,29
811,37
811,39
811,44
811,46
811,49
811,50
811,53
812,10
812,14
812,19
812,21
812,25
812,41
813,9
813,11
813,18
813,24
813,25
813,29
813,33
813,36
813,43
813,46
813,50
814,1
814,5
814,6
814,8
814,22
814,34
814,42
814,43
814,50
814,52
815,2
815,13
815,14
815,17
815,22
815,26
815,27
815,29
815,39
815,44
815,49
815,50
815,53
816,5
816,13
816,18
816,20
816,25
816,28
816,30
816,32
816,40
817,5
817,16
817,19
817,33
817,35
817,36
817,39
817,40
817,43
817,50
818,2
818,5
818,13
818,14
818,22
818,24
818,25
818,29
818,32
818,43
818,48
818,54
819,5
819,7
819,9
819,15
819,16
819,17
819,21
819,23
819,25
819,27
819,31
819,34
819,37
819,42
819,44
820,2
820,3
820,5
820,13
820,21
820,25
820,29
820,38
820,41
820,50
820,51
821,1
821,7
821,8
821,17
821,18
821,19
821,35
821,38
821,39
821,41
821,44
822,8
822,12
822,25
822,27
822,29
822,41
822,49
822,52
823,1
823,4
823,10
823,13
823,14
823,17
823,21
823,27
823,28
823,31
823,35
823,37
823,41
823,43
823,45
823,50
823,51
823,52
824,2
824,5
824,7
824,18
824,20
824,23
824,24
824,25
824,33
824,38
825,17
825,19
825,32
825,43
825,47
825,50
825,51
826,5
826,10
826,30
826,36
826,41
826,50
826,53
827,13
827,14
827,27
827,28
827,29
827,35
827,36
827,39
827,42
827,50
827,52
827,53
827,55
828,4
828,10
828,12
828,18
828,21
828,22
828,33
828,44
828,48
828,49
828,51
829,5
829,16
829,26
829,31
829,32
829,35
829,37
829,41
829,45
829,47
830,11
830,17
830,21
830,23
830,24
830,27
830,35
830,41
830,46
830,50
831,10
831,19
831,25
831,27
831,40
831,42
831,47
831,49
831,55
832,6
832,8
832,11
832,18
832,20
832,25
832,26
832,48
832,50
833,21
833,22
833,23
833,32
833,33
833,34
833,35
833,39
833,46
833,50
834,8
834,9
834,12
834,15
834,17
834,20
834,31
834,35
834,45
834,48
834,50
834,52
835,6
835,8
835,12
835,27
835,38
835,46
835,47
835,49
835,51
835,52
835,53
836,1
836,17
836,18
836,20
836,24
836,25
836,26
836,28
836,34
836,41
836,42
836,43
836,50
836,52
836,54
836,55
837,4
837,5
837,14
837,18
837,20
837,22
837,24
837,26
837,29
837,34
838,2
838,4
838,6
838,7
838,8
838,11
838,15
838,19
838,28
838,32
838,46
838,47
838,49
839,4
839,6
839,17
839,26
839,27
839,29
839,32
839,33
839,40
839,45
839,52
840,6
840,7
840,9
840,13
840,16
840,19
840,24
840,38
840,51
840,52
841,2
841,9
841,14
841,16
841,21
841,33
841,36
841,41
841,43
841,47
841,48
841,50
841,51
841,55
842,1
842,4
842,10
842,13
842,14
842,22
842,23
842,28
842,29
842,35
842,36
842,38
842,42
842,46
842,49
842,54
842,55
843,2
843,10
843,17
843,19
843,25
843,34
843,39
843,43
843,54
844,6
844,8
844,29
844,36
844,47
844,54
844,55
845,9
845,14
845,16
845,19
845,25
845,27
845,46
845,47
845,48
845,50
845,52
846,1
846,4
846,9
846,13
846,16
846,17
846,40
846,46
846,54
847,9
847,14
847,25
847,26
847,34
847,42
847,44
847,46
847,48
847,51
847,52
848,1
848,6
848,12
848,18
848,19
848,21
848,23
848,27
848,30
848,33
848,45
848,51
849,2
849,3
849,7
849,8
849,9
849,10
849,14
849,26
849,30
849,36
849,37
849,44
849,48
849,52
849,54
850,1
850,9
850,12
850,16
850,17
850,19
850,20
850,25
850,29
850,33
850,43
850,49
850,50
850,52
850,55
851,10
851,12
851,14
851,15
851,16
851,20
851,21
851,27
851,28
851,33
851,39
851,42
851,52
852,1
852,2
852,8
852,15
852,18
852,20
852,21
852,22
852,29
852,36
852,37
852,49
853,11
853,12
853,14
853,17
853,21
853,23
853,24
853,25
853,26
853,27
853,31
853,39
853,45
853,50
853,51
854,4
854,8
854,10
854,15
854,21
854,23
854,31
854,34
854,53
854,55
855,6
855,7
855,10
855,15
855,31
855,32
855,44
855,47
856,14
856,15
856,22
856,25
856,26
856,46
856,48
856,51
856,52
856,54
856,55
857,4
857,12
857,13
857,18
857,23
857,24
857,27
857,30
857,33
857,36
857,39
857,41
857,50
858,1
858,7
858,10
858,11
858,16
858,34
858,35
858,41
859,1
859,5
859,6
859,12
859,17
859,20
859,27
859,32
859,45
859,51
860,3
860,7
860,10
860,12
860,15
860,16
860,18
860,25
860,26
860,32
860,40
860,46
860,50
860,51
860,52
861,3
861,14
861,15
861,17
861,20
861,22
861,32
861,38
861,40
861,43
861,49
862,7
862,9
862,17
862,23
862,27
862,28
862,29
862,30
862,31
862,38
862,45
863,8
863,10
863,11
863,12
863,17
863,25
863,28
863,32
863,34
863,43
863,47
863,50
863,51
863,54
864,3
864,6
864,19
864,29
864,38
864,43
864,54
865,1
865,6
865,10
865,17
865,22
865,30
865,31
865,43
865,52
865,53
866,3
866,7
866,18
866,41
866,43
866,45
866,48
866,49
867,3
867,15
867,18
867,36
867,43
867,45
867,51
867,52
867,54
867,55
868,2
868,6
868,8
868,9
868,15
868,16
868,21
868,28
868,31
868,32
868,35
868,39
868,41
868,42
869,1
869,3
869,5
869,7
869,12
869,20
869,28
869,29
869,35
869,37
869,50
869,51
869,52
869,54
870,10
870,13
870,19
870,20
870,39
870,41
870,46
870,49
870,50
871,2
871,6
871,14
871,16
871,19
871,21
871,28
871,42
871,51
871,55
872,4
872,7
872,8
872,16
872,32
872,38
872,39
872,45
872,50
873,12
873,14
873,15
873,21
873,26
873,33
873,36
873,44
873,46
873,47
873,54
874,3
874,4
874,12
874,16
874,19
874,20
874,24
874,36
874,38
874,39
874,42
874,45
875,8
875,17
875,20
875,25
875,35
875,43
875,49
876,2
876,9
876,13
876,26
876,29
876,30
876,47
876,49
876,50
876,52
876,54
877,1
877,28
877,30
877,32
877,43
877,48
877,50
877,53
877,54
878,9
878,12
878,16
878,23
878,28
878,30
878,33
878,37
878,39
878,40
878,42
878,45
878,47
878,51
879,6
879,14
879,32
879,35
879,36
879,37
879,39
879,42
879,47
879,48
879,55
880,4
880,10
880,13
880,17
880,18
880,26
880,45
880,47
880,49
880,53
881,1
881,9
881,28
881,36
881,38
881,40
881,42
881,45
881,49
881,50
881,52
882,9
882,12
882,28
882,29
882,34
882,46
882,51
883,6
883,13
883,19
883,32
883,34
883,44
883,46
883,50
884,2
884,3
884,5
884,9
884,14
884,17
884,18
884,22
884,29
884,32
884,34
884,39
884,48
884,50
884,54
885,7
885,8
885,18
885,32
885,33
885,39
885,40
885,42
885,50
885,51
886,2
886,3
886,22
886,24
886,28
886,32
886,34
886,43
886,47
887,8
887,9
887,10
887,11
887,20
887,27
887,28
887,34
887,36
887,41
887,46
887,49
887,52
887,54
888,6
888,22
888,28
888,29
888,36
888,41
889,4
889,8
889,13
889,16
889,27
889,30
889,38
889,40
889,46
889,51
889,53
890,9
890,16
890,20
890,27
890,40
890,42
890,43
890,44
890,46
891,2
891,7
891,12
891,13
891,14
891,17
891,25
891,28
891,30
891,32
891,33
891,34
891,38
891,41
891,43
891,49
892,2
892,4
892,9
892,18
892,27
892,28
892,41
892,43
892,48
892,49
892,55
893,7
893,15
893,19
893,22
893,30
893,50
893,52
894,3
894,7
894,8
894,26
894,32
894,49
894,52
894,55
895,6
895,11
895,14
895,15
895,19
895,45
895,51
896,4
896,9
896,12
896,13
896,14
896,17
896,20
896,22
896,36
896,48
896,49
897,3
897,10
897,12
897,20
897,23
897,24
897,29
897,41
897,47
898,6
898,20
898,22
898,23
898,34
898,39
898,42
898,47
898,48
898,55
899,3
899,6
899,7
899,8
899,28
899,29
899,35
899,52
900,12
900,15
900,20
900,31
900,34
900,36
900,37
900,41
900,44
900,45
900,46
900,48
901,10
901,24
901,28
901,35
901,37
901,41
901,43
901,48
901,51
902,7
902,10
902,11
902,22
902,28
902,33
902,36
902,39
902,52
902,53
903,4
903,6
903,8
903,9
903,10
903,13
903,14
903,15
903,18
903,34
904,10
904,11
904,15
904,20
904,25
904,28
904,52
904,55
905,4
905,12
905,17
905,32
905,41
905,42
905,44
906,1
906,4
906,9
906,24
906,41
906,43
906,51
906,54
907,4
907,5
907,12
907,13
907,27
907,30
907,31
907,33
907,36
907,43
908,1
908,11
908,19
908,24
908,37
908,38
908,40
908,41
908,49
908,50
908,51
908,55
909,1
909,8
909,10
909,11
909,25
909,26
909,28
909,32
909,33
909,36
909,38
909,40
910,6
910,12
910,13
910,19
910,20
910,33
910,44
910,47
910,55
911,5
911,7
911,11
911,27
911,28
911,30
911,35
911,39
911,42
911,49
911,55
912,1
912,7
912,8
912,12
912,20
912,26
912,33
912,35
912,39
912,46
912,48
913,2
913,5
913,8
913,15
913,18
913,19
913,35
913,41
913,42
913,46
913,47
913,48
913,49
914,18
914,19
914,25
914,30
914,40
914,42
914,46
914,47
914,49
915,1
915,2
915,6
915,13
915,15
915,20
915,25
915,29
915,36
915,48
916,1
916,3
916,5
916,6
916,17
916,18
916,29
916,31
916,32
916,41
916,52
917,9
917,15
917,20
917,38
917,39
917,43
917,45
917,46
918,8
918,11
918,18
918,22
918,41
918,43
918,44
919,3
919,13
919,16
919,20
919,21
919,26
919,28
919,29
919,31
919,34
919,35
919,39
919,46
919,48
920,2
920,3
920,6
920,7
920,10
920,12
920,27
920,30
920,36
920,45
920,47
920,49
920,51
921,13
921,18
921,27
921,28
921,30
921,35
921,42
921,49
921,50
921,55
922,3
922,8
922,13
922,14
922,15
922,17
922,22
922,50
922,52
922,55
923,8
923,10
923,16
923,17
923,23
923,24
923,27
923,44
923,50
923,51
923,52
924,10
924,16
924,18
924,20
924,26
924,29
924,38
924,53
925,4
925,5
925,7
925,8
925,12
925,19
925,23
925,25
925,27
925,28
925,34
925,38
925,41
925,44
925,51
925,54
925,55
926,4
926,10
926,18
926,20
926,26
926,29
926,31
926,38
926,40
926,43
926,46
926,50
927,1
927,7
927,22
927,23
927,25
927,45
927,46
927,51
928,2
928,6
928,7
928,8
928,11
928,18
928,20
928,23
928,25
928,29
928,31
928,33
928,34
928,37
928,54
929,1
929,7
929,15
929,28
929,34
929,35
929,36
929,45
929,49
930,2
930,5
930,6
930,7
930,10
930,11
930,16
930,24
930,28
930,29
930,30
930,35
930,36
930,38
930,49
931,2
931,4
931,9
931,12
931,22
931,24
931,30
931,34
931,50
932,7
932,15
932,19
932,25
932,29
932,31
932,33
932,39
932,43
933,1
933,3
933,8
933,22
933,27
933,32
933,33
933,38
933,45
933,49
933,55
934,2
934,5
934,12
934,14
934,20
934,22
934,26
934,38
934,41
934,42
934,44
934,51
934,52
935,4
935,5
935,12
935,20
935,26
935,28
935,30
935,32
935,35
935,36
935,37
935,40
935,47
935,49
935,54
936,3
936,7
936,15
936,17
936,20
936,22
936,26
936,32
936,35
936,37
936,43
936,46
936,50
936,55
937,14
937,15
937,28
937,35
937,41
937,45
937,51
937,52
937,53
938,4
938,15
938,16
938,19
938,25
938,27
938,29
938,30
938,32
938,34
938,49
938,51
939,2
939,10
939,15
939,19
939,27
939,33
939,34
939,39
939,49
939,50
940,7
940,11
940,18
940,26
940,29
940,32
940,41
941,4
941,12
941,19
941,21
941,25
941,33
941,34
941,43
941,46
941,49
942,2
942,11
942,30
942,34
942,36
942,37
942,40
942,54
943,4
943,6
943,14
943,23
943,31
943,34
943,35
944,3
944,13
944,18
944,20
944,24
944,26
944,31
944,34
944,36
944,40
944,53
944,54
945,6
945,8
945,9
945,35
945,48
945,55
946,1
946,8
946,12
946,18
946,22
946,29
946,30
946,33
946,35
946,39
946,42
947,9
947,18
947,21
947,31
947,32
947,47
947,49
948,19
948,20
948,34
948,39
948,41
948,44
948,47
948,49
948,53
949,4
949,10
949,11
949,12
949,18
949,37
949,48
949,53
950,1
950,4
950,10
950,16
950,26
950,32
950,34
950,40
950,41
950,44
950,47
950,48
950,53
950,54
951,5
951,9
951,13
951,17
951,24
951,25
951,31
951,33
951,39
951,40
951,44
952,2
952,3
952,11
952,14
952,16
952,24
952,32
952,42
952,43
952,44
952,45
952,55
953,1
953,3
953,13
953,15
953,23
953,29
953,31
953,36
953,37
953,44
953,46
953,49
953,51
954,5
954,6
954,9
954,14
954,23
954,24
954,31
954,35
954,38
954,39
954,45
954,51
955,4
955,9
955,10
955,12
955,16
955,18
955,28
955,30
955,34
955,36
955,39
955,43
955,45
955,47
955,49
955,50
955,53
956,10
956,16
956,18
956,20
956,24
956,27
956,31
956,32
956,42
956,52
957,6
957,11
957,21
957,30
957,33
957,34
957,36
957,37
957,46
957,47
957,51
957,53
957,55
958,1
958,9
958,14
958,17
958,30
958,35
958,53
959,2
959,3
959,8
959,11
959,15
960,11
960,12
960,15
960,18
960,21
960,30
960,32
960,33
960,37
960,38
960,39
960,42
960,45
960,46
960,48
960,49
961,1
961,11
961,19
961,20
961,32
961,35
961,39
961,54
961,55
962,10
962,19
962,29
962,32
962,36
962,39
962,40
962,42
962,54
963,3
963,6
963,19
963,25
963,29
963,32
963,37
963,38
963,40
963,50
964,8
964,13
964,23
964,41
964,42
964,45
965,3
965,8
965,15
965,18
965,33
965,39
965,40
965,44
966,3
966,5
966,8
966,11
966,16
966,30
966,35
966,37
966,41
966,46
966,54
967,7
967,8
967,10
967,11
967,15
967,18
967,20
967,28
967,30
967,34
967,38
967,39
967,54
968,13
968,15
968,20
968,21
968,22
968,26
968,31
968,32
968,33
968,35
968,46
968,48
968,50
969,1
969,12
969,16
969,18
969,20
969,23
969,38
969,41
969,49
970,7
970,9
970,10
970,13
970,18
970,19
970,35
970,43
970,44
970,49
971,3
971,6
971,7
971,8
971,10
971,32
971,35
971,44
971,55
972,1
972,2
972,9
972,14
972,22
972,27
972,31
972,45
972,46
972,49
972,51
973,6
973,14
973,15
973,17
973,18
973,21
973,22
973,23
973,24
973,26
973,27
973,39
973,43
974,3
974,12
974,32
974,34
974,42
974,50
974,54
975,2
975,17
975,22
975,26
975,29
975,30
975,39
975,43
975,47
975,53
975,54
976,3
976,6
976,8
976,9
976,13
976,14
976,30
976,41
976,49
976,55
977,2
977,3
977,4
977,5
977,11
977,14
977,18
977,20
977,25
977,27
977,30
977,39
977,44
977,45
977,47
977,48
977,49
977,52
978,13
978,24
978,26
978,27
978,31
978,32
978,38
978,45
978,54
979,3
979,17
979,19
979,28
979,32
979,39
979,45
979,48
979,49
979,53
979,55
980,3
980,6
980,7
980,11
980,46
980,52
981,10
981,13
981,15
981,33
981,34
981,38
981,43
981,47
981,54
982,5
982,16
982,22
982,26
982,32
982,35
982,41
982,53
983,1
983,3
983,10
983,11
983,18
983,22
983,29
983,31
983,33
983,44
983,51
983,52
984,2
984,8
984,28
984,34
984,37
984,38
984,55
985,4
985,5
985,6
985,8
985,14
985,15
985,17
985,19
985,21
985,23
985,26
985,27
985,28
985,32
985,39
985,44
986,2
986,3
986,6
986,7
986,10
986,15
986,17
986,22
986,29
986,36
986,41
986,49
986,51
986,52
986,53
987,8
987,10
987,18
987,24
987,28
987,32
987,36
987,38
987,47
987,54
988,1
988,9
988,13
988,16
988,17
988,18
988,25
988,28
988,39
988,41
988,44
988,45
989,4
989,6
989,14
989,17
989,29
989,36
989,41
989,42
989,43
989,45
989,50
990,2
990,3
990,10
990,21
990,23
990,27
990,28
990,31
990,35
990,37
990,40
990,44
990,52
990,54
990,55
991,3
991,7
991,9
991,12
991,20
991,24
991,36
991,38
991,44
992,6
992,11
992,18
992,19
992,28
992,43
992,46
993,15
993,16
993,18
993,25
993,27
993,31
993,39
993,40
993,45
993,47
993,51
994,1
994,2
994,4
994,5
994,7
994,9
994,10
994,15
994,28
994,29
994,31
994,35
994,37
994,40
994,48
994,54
995,1
995,5
995,11
995,15
995,17
995,18
995,21
995,25
995,28
995,29
995,32
995,36
995,47
995,55
996,7
996,14
996,16
996,28
996,31
996,32
996,36
996,45
996,49
996,53
997,2
997,5
997,6
997,8
997,9
997,11
997,15
997,28
997,29
997,30
997,36
997,38
997,42
997,45
997,51
997,54
998,1
998,3
998,4
998,12
998,20
998,23
998,25
998,26
998,27
998,39
998,47
999,1
999,2
999,10
999,29
999,30
999,40
999,45
999,47
999,50
999,53
999,54
1000,14
1000,20
1000,22
1000,27
1000,29
1000,38
1000,48
1000,49
1000,51
1000,55
