agent_id,team_id
1,1
1,7
1,8
1,10
1,13
1,14
1,17
1,22
1,32
1,44
2,11
2,13
2,26
2,28
2,37
3,13
3,20
4,5
4,11
4,16
4,19
4,31
4,33
4,41
4,44
5,3
5,5
5,8
5,13
5,16
5,19
5,37
5,38
5,41
6,1
6,5
6,7
6,8
6,16
6,21
6,24
6,27
6,38
7,14
7,17
7,24
7,27
7,32
7,39
7,41
8,1
8,8
8,16
8,17
8,20
8,26
8,27
8,39
9,4
9,17
9,23
9,24
9,38
9,44
10,25
10,33
11,2
11,32
12,3
12,7
12,12
12,23
13,4
13,12
13,20
13,26
13,36
14,7
14,20
14,31
15,26
15,27
15,39
15,44
16,1
16,9
16,12
16,14
16,26
16,36
17,5
17,11
17,19
17,42
18,21
18,29
19,1
19,35
19,41
20,24
20,30
20,34
20,36
20,44
21,34
21,40
22,8
22,12
22,27
22,43
23,6
23,12
23,19
23,28
23,40
24,10
24,13
24,14
24,20
24,25
24,32
24,39
24,43
25,17
25,32
25,38
26,3
26,18
27,1
27,8
27,20
28,18
28,27
28,33
29,13
29,16
29,27
29,35
30,13
30,25
30,28
30,32
30,35
30,42
30,44
31,8
31,17
31,24
31,43
32,12
32,17
32,26
32,27
32,40
33,7
33,11
33,21
33,24
33,43
34,15
34,26
34,43
35,20
35,36
35,37
35,39
36,10
36,29
36,38
37,6
37,29
37,38
37,42
38,1
38,14
38,29
38,31
38,39
39,2
39,5
39,10
39,19
40,3
40,4
40,8
40,29
40,42
41,18
41,37
41,38
41,39
41,42
41,43
42,5
42,18
42,24
42,29
42,36
43,5
43,11
43,21
43,25
43,31
43,40
43,42
44,4
44,15
44,20
44,21
44,22
44,28
44,29
44,39
44,44
45,2
45,5
45,17
45,25
46,25
46,30
46,39
47,1
47,8
47,19
47,27
47,38
47,43
48,1
48,11
48,21
48,31
48,41
49,13
49,20
49,25
49,35
49,44
50,4
50,7
50,11
50,15
50,42
50,44
51,27
51,34
52,4
52,20
52,21
52,31
52,34
52,37
52,41
53,39
53,41
54,2
54,23
55,8
55,19
55,24
55,44
56,12
56,22
56,23
56,26
56,40
57,3
57,5
57,18
57,31
57,44
58,2
58,9
58,33
58,35
58,43
59,11
59,26
59,30
60,26
60,30
60,31
60,40
61,19
61,22
61,23
61,32
61,36
62,11
62,13
62,25
62,27
62,32
62,42
62,44
63,3
63,6
63,15
63,30
63,31
63,41
64,1
64,4
64,17
64,26
64,28
64,34
65,13
65,20
65,44
66,6
66,14
66,22
66,29
66,33
66,35
67,1
67,21
67,29
67,30
67,31
67,39
68,28
68,36
68,44
69,8
69,12
69,16
69,25
69,35
69,38
69,43
70,2
70,5
70,6
70,35
70,44
71,9
71,23
71,25
72,14
72,19
73,5
73,15
73,30
73,39
73,41
74,12
74,33
75,1
75,2
75,12
75,14
75,15
75,43
76,18
76,22
76,23
76,25
76,36
76,40
76,41
77,4
77,6
77,11
77,25
77,33
77,37
77,39
77,40
78,9
78,35
79,7
79,8
79,35
79,38
80,18
80,20
80,25
81,13
81,23
81,32
82,16
82,30
82,35
83,9
83,12
83,15
83,19
84,2
84,5
84,7
84,14
84,25
84,30
85,5
85,11
85,25
85,39
85,41
86,7
86,32
86,36
87,22
87,32
87,36
87,39
87,42
87,43
88,36
88,44
89,3
89,11
89,19
89,25
89,29
89,31
90,10
90,13
90,17
90,29
90,40
90,42
91,5
91,34
91,37
91,38
92,9
92,11
92,19
92,24
92,28
92,36
93,12
93,21
93,29
93,38
93,41
93,43
94,3
94,38
95,30
95,37
96,2
96,5
96,12
96,19
96,22
97,14
97,18
97,37
97,40
98,3
98,14
98,37
98,43
99,3
99,5
99,7
99,9
99,26
100,10
100,20
100,27
100,44
101,4
101,7
101,21
101,33
102,6
102,13
102,14
103,3
103,17
103,23
103,25
103,33
104,4
104,18
104,20
105,14
105,15
105,22
106,12
106,16
106,21
106,38
106,40
107,19
107,22
107,40
107,42
108,13
108,38
108,39
109,10
109,14
109,19
109,31
110,3
110,6
110,14
110,16
110,28
110,29
110,30
110,34
111,5
111,6
111,18
111,21
111,29
111,37
112,17
113,22
113,25
114,13
114,17
114,40
114,44
115,3
115,16
116,19
116,27
116,29
116,33
116,35
117,10
117,34
117,43
118,37
119,2
119,23
119,29
119,44
120,8
120,14
120,16
120,30
120,36
121,3
121,37
122,21
122,23
122,36
122,38
122,44
123,2
123,12
123,17
123,19
123,39
124,4
124,13
124,22
124,29
124,31
124,42
125,7
125,20
125,27
126,15
126,18
126,26
126,28
126,29
126,42
127,2
127,9
127,18
127,24
127,37
128,7
128,13
128,17
128,30
128,38
128,42
129,9
129,11
129,14
129,29
129,44
130,7
130,17
130,30
130,33
130,39
131,2
131,10
131,21
132,2
132,12
132,24
132,35
132,38
133,7
133,17
133,21
134,3
134,8
134,16
134,27
134,28
134,42
135,3
135,13
135,15
135,29
136,28
136,33
136,36
136,41
137,28
137,33
138,1
138,13
138,16
138,31
138,34
138,38
138,40
138,44
139,9
139,11
139,16
140,4
140,40
141,18
141,35
141,38
142,11
142,23
142,28
142,36
142,39
143,4
143,10
143,20
143,23
143,32
144,5
144,11
144,16
144,26
144,28
144,29
144,31
144,38
145,7
145,16
145,19
145,26
146,7
146,14
146,17
146,19
146,30
147,4
147,31
148,2
148,5
148,9
148,15
148,24
149,10
149,11
150,11
150,12
150,31
150,33
150,41
150,43
151,1
151,9
151,17
151,19
151,22
151,40
152,2
152,13
152,31
152,37
153,3
153,8
153,18
153,30
154,5
154,13
154,24
154,25
155,1
155,2
155,4
155,10
155,23
155,44
156,2
156,24
156,25
156,33
157,1
157,8
157,15
157,21
158,11
158,16
158,25
158,29
158,37
159,17
159,32
159,40
160,10
160,23
160,34
160,39
161,10
161,12
161,15
161,27
162,25
162,26
162,31
162,38
164,7
164,10
164,16
164,25
164,38
165,21
165,39
166,21
166,32
167,7
167,12
167,14
167,27
167,31
168,15
168,34
168,37
169,10
169,30
169,31
169,43
170,16
170,19
170,23
170,37
170,41
170,44
171,5
171,8
171,12
171,21
171,32
171,33
171,35
171,43
172,13
172,14
172,17
172,33
172,36
173,14
173,22
173,27
173,37
173,44
174,2
174,11
174,25
174,35
175,3
175,7
175,11
175,13
175,18
175,22
175,29
176,8
176,17
176,35
176,38
176,39
176,44
177,9
177,39
178,4
178,5
178,12
178,35
178,36
179,1
179,3
179,7
179,10
179,23
179,27
179,42
180,12
180,15
180,23
180,24
180,31
180,34
181,25
181,37
182,1
182,2
182,6
182,9
182,12
182,31
182,40
182,41
182,43
183,1
183,3
183,9
183,17
183,30
183,40
184,15
184,21
184,25
184,34
185,2
185,15
185,17
185,20
185,21
185,30
185,44
186,7
186,20
186,31
186,40
187,7
187,9
187,13
187,17
187,22
187,26
187,37
188,42
189,2
189,8
189,9
189,15
189,18
189,22
189,26
190,39
191,2
191,7
191,10
191,15
191,17
191,25
191,29
191,30
191,31
192,8
192,9
192,24
192,44
193,19
193,41
194,7
194,21
194,24
194,41
195,8
195,9
195,16
195,25
195,29
196,3
196,8
196,13
196,16
196,28
196,30
196,34
196,37
197,2
197,4
197,12
197,19
197,35
197,39
198,28
198,33
198,36
199,5
199,6
199,15
199,36
200,6
200,11
200,21
201,12
202,3
202,21
203,18
203,30
204,9
204,15
204,37
204,44
205,14
206,22
206,28
206,36
206,42
207,44
208,4
208,5
208,8
208,22
208,28
208,41
208,44
209,2
209,4
209,11
209,30
210,43
211,10
211,13
211,16
211,27
211,38
212,8
212,15
212,35
213,3
213,16
213,21
213,23
213,28
214,2
214,29
214,41
215,3
215,11
215,14
215,17
215,24
215,40
216,6
216,15
216,23
216,26
216,31
217,10
217,12
217,37
217,43
218,9
218,24
218,25
218,27
218,30
219,1
219,13
219,27
219,34
219,44
220,4
220,11
220,15
220,25
220,44
221,1
221,24
221,32
221,41
221,43
222,2
222,27
222,42
223,8
223,10
223,16
223,24
223,31
223,33
223,41
224,7
224,11
224,25
224,31
225,6
225,10
225,18
225,31
226,2
226,17
226,23
226,29
227,4
227,6
228,23
228,25
228,33
228,38
228,40
229,4
229,5
229,11
229,40
230,18
231,28
231,29
231,34
231,39
231,43
232,4
232,28
233,2
233,6
233,14
233,21
233,26
234,3
234,16
234,31
234,42
234,44
235,2
235,15
235,19
235,43
236,3
236,14
236,41
237,6
237,17
237,30
237,42
238,2
238,9
238,11
238,21
239,31
239,32
239,38
239,41
240,18
240,21
241,28
241,31
241,44
242,1
242,6
242,9
242,12
242,20
242,21
242,24
242,35
243,6
243,16
243,28
243,35
244,22
244,26
244,30
245,32
245,33
245,44
246,3
246,4
246,14
246,35
246,44
247,30
247,38
248,25
248,43
249,18
249,35
250,2
250,10
250,11
250,13
250,26
250,27
250,32
250,43
251,9
251,15
251,23
251,31
251,34
252,22
252,44
253,7
253,24
253,32
253,35
254,1
254,4
254,14
254,17
254,28
254,32
254,42
255,3
255,6
255,20
255,27
255,34
256,1
256,12
256,19
256,33
256,36
257,10
258,11
258,19
258,34
259,1
259,8
259,42
259,44
260,23
260,30
260,31
260,41
261,12
261,17
261,25
261,43
262,25
262,34
262,36
262,43
262,44
263,20
263,30
263,39
263,42
263,43
264,1
264,3
264,7
264,30
264,32
265,7
265,10
265,11
265,15
265,19
265,22
266,5
266,25
266,42
267,9
267,21
267,28
268,5
269,19
269,21
269,33
270,4
270,9
270,11
270,36
270,42
271,15
271,18
271,21
271,23
271,32
272,8
272,44
273,19
273,43
274,4
274,12
274,22
274,32
275,6
275,17
275,25
275,26
275,27
275,32
275,42
276,3
276,5
276,10
276,20
276,25
276,39
277,1
277,23
278,7
278,10
278,20
278,33
278,35
279,12
279,25
279,41
279,44
280,4
280,12
280,22
280,28
280,32
281,9
281,29
281,32
281,33
282,7
282,8
282,18
283,14
283,20
283,27
284,5
284,10
284,24
284,35
284,39
284,43
285,5
285,16
285,25
285,43
286,11
286,19
286,21
286,22
286,35
287,1
287,10
288,13
288,23
288,29
288,30
288,36
289,4
289,19
289,21
289,25
289,31
289,36
290,13
290,18
290,26
290,31
290,37
290,39
290,43
291,5
291,13
291,15
291,23
291,25
291,33
292,17
292,21
292,24
293,11
293,14
293,16
294,18
294,20
294,21
294,28
294,37
294,44
295,1
295,17
295,27
295,32
296,7
296,9
296,10
296,11
296,25
296,37
297,4
297,10
297,13
297,18
297,43
298,4
298,27
298,32
299,1
299,7
299,25
299,32
299,33
299,38
300,6
300,20
300,21
300,30
300,42
301,13
302,11
302,35
302,36
302,39
302,40
302,41
303,2
303,6
303,7
303,11
303,30
304,10
304,12
304,21
304,37
305,12
305,29
306,11
306,20
306,42
306,43
307,23
307,25
308,3
308,7
308,19
308,23
308,40
308,42
309,13
309,20
309,36
309,39
310,1
310,9
310,13
310,20
310,29
311,7
311,9
311,11
311,23
311,32
311,34
311,44
312,11
312,24
312,30
313,6
313,21
313,23
313,39
314,1
314,2
314,18
314,24
314,29
314,33
314,36
314,42
315,9
315,13
315,18
315,21
316,3
316,6
316,20
316,28
316,40
317,30
318,7
318,31
318,32
318,40
319,24
319,27
319,29
319,31
319,32
319,34
320,6
320,12
320,19
320,23
320,24
320,37
321,3
321,11
321,24
321,30
322,2
323,11
323,30
323,36
323,39
324,2
324,22
324,34
324,44
325,3
325,8
325,25
325,31
325,37
325,43
326,3
326,6
326,16
326,33
326,37
328,6
328,7
328,14
328,22
328,27
328,36
329,7
329,30
329,33
329,34
329,42
330,15
330,30
331,5
331,8
331,9
331,18
331,19
332,19
332,44
333,30
333,32
333,35
333,42
334,12
334,24
334,44
335,11
335,27
335,32
335,33
335,36
336,5
336,35
337,5
338,1
338,2
338,26
338,28
338,38
338,39
339,9
339,10
340,12
340,15
340,23
340,37
341,6
341,28
341,29
342,2
342,5
342,10
342,16
342,25
342,29
342,38
342,39
343,35
343,36
344,15
344,29
344,33
345,25
345,31
345,38
346,2
346,26
346,30
346,33
346,35
347,33
348,1
348,5
348,11
348,13
348,17
348,42
349,42
350,5
350,6
350,10
350,15
350,18
350,34
351,12
351,34
351,41
352,1
352,5
352,12
352,19
352,22
352,27
352,39
353,4
353,12
353,13
353,23
353,24
353,25
353,31
354,1
354,30
354,32
354,44
355,13
355,24
355,35
355,36
355,42
356,1
356,6
356,15
356,19
356,22
356,27
356,43
357,9
357,14
357,17
357,35
357,38
358,17
358,23
358,28
358,29
359,1
359,3
359,6
359,30
359,35
359,37
360,7
360,11
360,27
360,32
361,24
361,37
361,43
362,18
363,1
363,8
363,31
364,1
364,9
365,4
365,9
365,11
365,14
365,34
366,11
366,31
366,40
366,43
367,4
367,9
367,28
367,33
367,36
368,9
368,18
368,39
369,17
369,22
369,27
369,36
369,41
370,3
370,11
370,15
370,26
370,35
370,42
371,20
371,22
371,23
371,39
371,40
372,4
372,13
372,16
372,29
372,36
372,44
373,3
373,10
373,11
374,4
374,5
374,6
374,14
374,37
375,12
375,31
375,41
375,44
376,18
376,25
377,4
377,7
377,11
377,29
377,36
378,1
378,9
378,12
378,28
379,10
379,38
380,8
380,10
380,11
380,28
380,39
380,43
381,3
381,29
381,34
381,40
381,41
382,4
382,6
382,19
382,20
382,29
382,43
382,44
383,6
383,18
383,43
384,7
384,29
384,37
384,43
385,12
385,15
385,19
385,26
385,29
386,2
386,3
386,22
386,23
386,28
386,31
386,35
387,8
387,9
387,12
387,21
388,29
389,11
389,32
389,33
390,18
390,36
391,32
391,36
392,7
392,9
392,11
392,13
392,18
392,35
393,6
393,10
393,24
393,25
394,4
394,13
394,16
394,18
394,23
394,30
394,35
394,38
395,2
395,4
395,26
395,30
395,39
396,26
396,34
396,37
396,44
397,2
397,3
397,17
397,36
398,23
398,29
398,40
398,41
399,13
399,16
399,22
399,39
400,1
400,7
400,9
400,18
400,20
400,23
400,38
401,5
401,9
401,22
401,27
401,35
402,16
402,22
402,25
402,26
402,27
402,35
403,8
403,19
403,22
403,37
404,4
404,5
404,10
404,25
405,1
405,23
405,38
405,39
406,18
406,37
407,14
407,18
407,20
407,42
408,1
408,2
408,5
408,7
408,12
408,20
408,23
408,24
408,41
409,15
409,18
409,20
409,26
409,37
409,38
410,40
410,42
410,43
411,17
411,31
412,7
412,21
412,31
413,5
413,9
413,20
413,26
414,15
414,18
415,8
415,14
415,32
415,35
416,29
416,30
416,31
416,41
417,1
417,24
417,34
417,36
417,43
418,7
419,4
419,22
419,23
419,27
419,32
419,42
420,21
420,26
420,32
420,34
421,2
421,4
421,6
421,7
421,8
421,18
421,38
422,2
422,14
422,34
423,15
423,19
423,36
424,1
424,8
424,33
424,34
424,41
425,7
425,31
426,21
426,35
426,38
427,3
427,7
427,9
427,10
427,21
427,32
427,33
427,41
428,1
428,8
428,10
428,17
428,19
428,30
428,42
429,1
429,6
429,10
429,20
429,23
429,37
430,5
430,22
430,42
431,34
431,36
431,44
432,1
432,13
432,17
432,29
433,28
433,34
434,40
435,1
435,18
435,19
435,22
435,33
435,34
435,36
435,37
435,41
436,2
436,11
436,20
436,26
436,29
436,30
436,33
437,2
437,7
437,13
437,15
437,16
437,18
437,20
437,22
437,37
438,1
438,6
438,9
438,12
438,19
438,24
438,27
438,38
438,44
439,19
439,22
439,25
439,26
439,30
439,33
440,21
440,25
441,9
441,39
442,2
442,11
442,12
442,23
442,30
442,34
442,38
443,4
443,15
443,17
443,37
443,40
444,11
444,16
444,34
445,23
445,44
446,14
446,22
447,1
447,2
447,7
447,11
447,43
448,6
448,13
448,32
448,42
449,10
449,34
449,37
450,1
450,4
450,16
450,22
450,25
450,36
450,42
450,44
451,1
451,19
451,24
451,42
452,1
452,12
452,27
452,29
452,34
452,36
453,1
453,3
453,4
453,19
453,20
453,34
453,44
454,19
454,23
454,26
454,40
454,44
455,4
455,12
455,13
455,17
455,27
456,16
456,30
456,43
456,44
457,23
457,37
457,38
458,2
458,7
458,22
458,25
459,17
459,29
459,35
459,42
460,29
460,30
460,34
460,35
461,3
461,23
461,42
462,7
462,9
462,11
462,15
462,28
462,38
463,5
463,30
464,2
464,13
464,30
464,41
464,43
465,5
465,7
465,27
466,4
466,9
466,14
466,22
466,36
467,10
467,15
467,20
467,22
467,26
467,28
467,41
468,14
468,16
468,18
468,25
468,29
468,39
469,1
469,6
469,9
469,15
469,31
470,14
470,16
470,22
470,24
470,30
470,31
471,5
471,19
472,3
472,7
472,8
472,17
472,19
472,20
472,34
472,38
472,40
472,41
473,9
473,16
473,40
473,42
474,8
474,12
474,24
474,27
474,44
475,2
475,10
475,20
475,29
475,30
475,38
476,1
476,14
476,22
476,33
476,39
477,2
477,11
477,16
477,17
477,28
477,29
477,31
478,1
478,7
478,9
478,33
478,34
478,39
478,43
479,9
479,11
479,34
479,41
480,26
480,29
481,2
481,23
481,39
481,44
482,2
482,3
482,8
482,13
482,19
482,23
482,32
483,4
483,14
483,18
483,19
483,30
483,31
483,32
484,5
484,11
484,25
484,28
484,37
484,41
485,9
485,11
485,17
485,22
486,4
486,25
486,32
486,39
487,2
487,12
487,24
487,25
488,4
488,5
488,23
488,26
488,36
488,41
489,3
489,6
489,18
489,19
489,22
489,27
490,5
490,16
490,26
490,27
490,30
490,32
490,36
490,38
490,42
490,44
491,3
491,17
491,19
491,32
491,37
491,43
491,44
492,2
492,7
492,22
492,27
492,28
493,3
493,17
493,21
493,25
494,20
494,27
494,30
494,31
494,34
494,37
495,4
495,16
495,17
495,20
495,29
495,32
495,44
496,1
496,8
496,18
496,36
497,4
497,18
497,21
497,32
497,34
497,38
497,43
498,6
498,9
498,15
498,20
498,23
498,25
498,35
498,37
499,3
499,24
499,28
499,32
499,40
500,3
500,32
500,40
501,5
501,15
501,26
502,28
502,30
502,32
502,33
502,39
502,41
503,10
503,28
503,35
503,42
503,44
504,12
504,18
504,36
505,9
505,15
505,19
505,25
505,27
505,34
506,5
506,15
506,21
506,27
506,41
507,4
507,11
507,18
507,35
507,37
507,38
507,39
507,42
508,10
508,20
508,35
508,37
508,39
508,40
508,44
509,4
509,5
509,21
509,30
509,32
509,34
509,37
509,43
510,5
510,15
510,28
510,29
510,35
510,36
511,3
511,6
511,9
511,17
511,41
512,2
512,4
512,9
512,20
512,27
512,30
512,35
512,37
513,4
513,20
513,27
513,36
513,38
514,2
514,6
514,14
515,1
515,9
515,14
515,36
515,41
515,43
516,20
516,28
516,29
516,38
516,40
517,7
517,14
517,17
517,25
517,39
518,3
518,6
518,8
518,9
518,12
518,26
518,33
518,43
519,9
519,39
520,5
520,30
520,42
521,7
522,1
522,12
522,15
522,21
522,26
522,31
522,33
523,11
523,24
524,2
524,26
525,20
525,23
525,33
525,34
525,38
525,43
525,44
526,1
526,8
526,17
526,21
526,22
526,26
527,3
527,21
527,27
527,32
527,38
528,24
529,6
529,14
529,28
529,37
530,16
530,20
530,22
530,25
530,27
530,29
531,15
531,20
531,41
532,7
532,12
532,16
532,18
532,37
532,43
533,4
533,14
533,35
534,4
534,12
534,21
534,33
534,36
534,38
535,24
535,25
535,30
535,36
536,13
536,18
536,21
536,34
536,37
536,38
537,1
537,17
537,30
537,34
537,44
538,12
538,26
538,27
538,37
539,10
539,25
539,30
539,37
539,39
540,40
540,43
541,14
541,16
541,17
541,22
541,30
542,9
542,12
542,13
542,24
542,36
543,6
543,30
543,34
544,13
544,16
544,33
544,40
545,1
545,5
545,37
545,40
545,41
546,11
546,16
546,26
546,30
546,32
546,34
546,39
547,19
547,37
548,1
548,8
548,15
548,19
548,22
548,25
548,34
548,41
549,19
550,28
551,12
551,15
551,19
551,32
551,42
552,4
552,5
552,11
552,22
552,28
552,39
553,3
553,7
553,9
553,20
553,37
554,15
554,25
555,11
555,17
555,18
555,28
555,31
555,34
555,37
555,39
555,40
556,17
556,35
556,43
557,9
557,15
557,42
558,1
558,43
559,14
559,24
559,26
559,30
559,32
560,5
560,8
560,14
560,28
560,30
560,40
561,4
561,12
561,40
562,12
562,14
562,23
562,32
562,41
563,2
563,9
563,21
563,27
563,40
564,3
564,18
564,20
564,31
564,38
565,21
565,35
565,44
566,2
566,11
567,25
567,35
567,36
567,37
568,1
568,8
568,12
568,22
568,27
568,31
569,4
569,8
569,15
569,19
569,23
569,28
569,43
570,16
570,17
570,20
570,26
570,42
571,14
571,34
572,14
572,33
572,35
573,1
573,5
573,30
574,1
574,3
574,6
574,21
574,29
575,33
575,38
576,1
576,6
576,13
576,15
576,22
576,28
576,34
576,36
577,7
577,21
577,34
578,18
578,26
578,27
579,9
579,10
579,12
579,32
580,18
580,27
580,37
582,12
582,27
582,32
582,33
582,40
583,11
583,17
583,18
583,21
583,32
584,2
584,4
584,15
584,17
585,15
585,20
585,39
585,44
586,12
586,21
586,23
587,3
587,20
587,24
587,31
587,33
588,10
588,23
588,33
588,37
589,10
589,13
589,21
589,25
589,26
589,28
590,2
590,18
590,37
591,1
591,3
591,22
591,27
591,28
592,19
592,21
592,22
592,24
592,31
592,40
593,1
593,6
593,23
593,24
593,29
593,30
594,4
594,6
594,10
594,29
594,40
595,15
595,30
596,6
596,9
596,22
597,10
597,13
597,22
597,35
598,3
598,18
598,19
598,29
598,32
599,8
599,13
599,28
599,31
600,7
600,9
600,12
600,29
600,34
600,43
600,44
601,5
601,23
601,36
602,1
602,14
602,19
602,25
602,33
603,2
603,8
603,11
603,15
603,16
604,1
604,15
604,38
604,43
605,18
605,23
605,27
605,28
605,31
605,37
605,38
605,41
606,3
606,7
606,23
606,33
607,14
607,16
607,19
607,25
608,1
608,19
608,39
608,41
609,7
609,15
609,28
609,32
609,42
610,10
610,23
610,38
610,43
611,7
611,20
611,22
611,35
611,37
612,13
612,14
612,25
612,29
612,31
612,40
612,44
613,10
613,25
614,1
614,20
614,37
615,3
615,11
615,13
615,26
615,27
616,8
616,11
616,12
616,13
616,27
616,32
616,36
617,16
618,36
618,39
618,40
619,1
619,8
619,25
619,29
619,30
619,44
620,19
620,27
620,29
620,35
620,38
620,44
621,15
621,16
621,20
621,29
622,7
622,9
622,14
622,15
622,39
623,8
623,9
623,22
623,23
623,36
623,38
623,44
624,3
624,5
624,19
624,22
624,23
624,33
625,1
625,10
625,16
625,42
626,17
626,25
627,29
628,1
628,5
628,11
628,17
628,22
628,26
628,28
628,39
628,42
629,13
629,19
630,10
630,37
631,5
631,14
631,21
631,36
631,43
632,9
632,11
632,26
632,42
633,5
634,18
634,20
635,14
635,16
635,26
635,31
635,34
636,23
636,27
636,31
636,36
636,41
637,11
637,23
637,24
637,44
638,4
638,15
638,18
639,3
639,22
639,32
639,35
639,41
640,14
640,39
640,40
641,5
641,28
641,33
642,8
642,17
642,23
643,9
643,16
643,34
643,41
643,43
644,17
644,25
644,32
644,33
645,8
645,36
645,37
645,41
645,42
645,44
646,10
647,15
647,23
647,26
647,31
647,44
648,3
648,8
648,13
648,14
648,15
648,36
649,12
649,15
649,31
649,43
650,1
650,8
650,17
650,31
650,33
651,2
651,10
651,13
652,8
652,9
652,30
652,31
654,7
654,10
654,15
654,25
654,31
654,33
655,20
655,22
655,23
656,1
656,5
656,6
656,7
656,29
656,33
656,38
657,10
657,21
657,32
657,37
658,5
658,18
658,20
659,1
659,8
659,13
659,21
659,31
660,12
660,30
660,32
660,33
661,7
661,14
661,25
661,27
661,29
662,12
662,26
663,2
663,4
663,39
663,41
664,1
664,3
664,17
664,24
664,41
665,3
665,6
665,9
665,18
665,22
665,26
665,37
666,9
666,11
666,21
666,31
666,34
666,36
666,40
667,27
667,28
667,30
667,39
668,16
668,18
668,28
669,1
669,2
669,3
669,6
669,8
669,15
669,20
669,28
669,42
670,5
670,17
670,29
670,39
670,40
671,9
671,25
671,26
671,32
671,43
672,6
672,11
672,19
672,21
672,38
672,39
672,42
673,15
673,21
673,22
673,30
673,34
674,2
674,10
674,13
674,27
674,33
674,36
675,14
675,22
675,40
675,43
676,11
676,17
676,33
676,35
676,37
676,43
677,33
678,14
678,19
678,30
678,37
679,8
679,15
679,41
680,12
680,16
680,18
680,39
681,5
681,6
681,8
681,11
681,12
681,16
681,33
681,42
682,4
683,6
683,20
683,25
683,36
683,43
684,11
684,22
684,23
684,27
684,33
684,40
685,6
685,7
685,25
685,27
685,30
685,34
686,7
686,11
686,15
686,28
686,34
687,5
687,14
687,22
688,4
688,7
688,10
688,11
688,18
688,21
688,32
688,40
688,44
689,23
689,32
689,36
689,41
690,2
690,3
690,17
690,28
690,33
690,40
691,1
691,3
691,10
691,18
691,32
691,39
691,42
692,16
692,25
692,26
693,2
693,25
693,39
694,4
694,7
694,8
694,12
694,13
694,36
695,5
696,10
696,31
697,23
697,36
698,19
698,23
698,28
698,30
698,36
699,19
699,22
699,43
699,44
700,1
700,18
700,19
700,20
700,25
701,3
701,6
701,14
701,16
701,24
701,33
701,34
701,37
701,38
702,12
702,22
702,33
702,36
702,37
702,40
702,41
702,44
703,4
703,37
704,8
704,16
704,26
704,31
704,32
704,37
705,2
705,6
705,8
705,14
705,18
705,21
705,28
705,36
706,15
706,23
706,31
706,36
706,37
707,3
707,17
707,18
707,22
707,36
708,7
708,33
709,19
709,34
710,4
710,6
710,14
710,35
710,42
711,24
711,26
711,35
712,19
713,9
713,11
713,40
714,6
714,13
714,16
714,18
714,24
715,3
715,6
715,13
715,17
715,26
715,36
716,12
716,15
716,24
716,31
717,5
717,12
717,16
717,17
717,21
717,24
717,26
718,23
718,28
718,33
719,8
719,13
719,25
719,36
719,44
720,13
720,17
720,26
720,34
721,8
721,18
721,20
721,22
722,6
722,11
722,13
722,42
722,43
723,2
723,15
723,20
723,43
724,7
724,12
724,14
724,19
724,21
724,24
724,26
724,32
725,3
725,4
725,5
725,9
725,12
725,19
726,1
726,3
726,4
726,32
726,43
726,44
727,21
727,25
728,11
728,28
728,36
728,38
728,42
729,5
729,6
729,7
729,30
729,42
730,2
730,17
731,1
731,20
731,21
731,42
732,8
732,10
732,11
732,17
732,24
732,36
733,1
733,12
733,29
733,44
734,20
734,37
734,43
735,6
735,19
736,17
736,23
736,24
736,39
737,6
737,7
737,14
737,18
737,20
737,43
738,4
738,43
739,3
739,4
739,9
739,14
739,15
739,21
739,35
739,39
740,27
740,28
740,34
741,5
741,11
741,14
741,32
741,34
741,39
742,1
742,4
742,32
743,14
743,28
743,29
743,34
743,41
743,42
744,2
744,4
744,9
744,11
744,24
745,5
745,10
745,12
745,18
745,24
745,31
745,34
745,35
746,2
746,15
746,24
746,29
746,41
746,43
747,5
747,18
747,40
748,3
748,11
748,20
748,24
749,9
749,25
749,32
749,33
750,7
750,13
750,19
750,29
750,31
750,39
751,19
751,35
751,37
751,38
751,44
752,20
753,21
753,28
753,43
754,1
754,8
754,16
754,18
754,24
754,41
754,44
755,6
755,43
756,7
756,8
756,31
756,34
756,37
756,39
757,19
757,22
757,32
757,36
758,20
758,22
758,27
758,34
758,43
759,14
759,18
759,23
759,29
759,32
759,40
760,14
760,36
761,6
761,22
761,26
761,29
761,38
762,13
762,15
762,27
762,30
762,40
763,3
763,6
763,11
763,42
763,44
764,9
764,13
764,35
764,38
765,7
765,9
765,17
765,19
765,28
765,33
765,40
765,44
766,5
766,8
766,34
766,39
766,42
767,2
767,8
767,19
767,23
767,32
767,35
767,39
768,11
768,13
768,18
768,23
768,35
768,39
769,1
769,14
769,17
769,19
770,13
770,15
770,20
770,29
770,38
771,4
771,7
771,38
771,39
772,3
772,5
772,9
772,21
772,22
772,28
772,31
772,39
772,44
773,7
773,14
773,21
773,33
773,37
774,13
774,21
774,36
775,3
775,25
775,29
775,32
776,8
776,40
777,35
777,41
777,44
778,29
778,34
779,15
779,25
780,1
780,12
780,18
780,35
781,13
781,15
781,23
781,27
782,1
782,19
783,9
783,15
783,23
783,28
783,32
783,36
783,38
784,1
784,10
784,19
785,17
785,25
785,30
785,40
786,8
786,9
786,14
786,27
786,30
786,39
787,14
787,24
787,26
787,42
788,6
788,20
788,23
788,24
788,31
788,38
788,42
789,4
789,17
789,30
790,5
790,6
790,35
790,39
791,2
791,25
791,26
791,27
791,43
792,3
792,12
792,13
792,28
792,36
792,44
793,6
793,12
793,28
793,41
794,4
794,6
794,7
794,10
794,18
794,37
794,40
795,9
795,18
795,19
795,21
795,30
795,36
796,7
796,12
796,22
796,34
796,37
797,1
797,3
797,9
797,11
797,13
797,17
797,20
798,6
798,9
798,29
798,30
799,27
799,43
799,44
800,9
800,10
800,16
800,20
800,26
800,34
800,35
801,37
801,38
801,44
802,9
802,14
802,15
802,27
802,36
803,11
803,26
803,32
804,2
804,13
804,17
804,43
805,6
805,13
805,19
805,21
805,22
805,30
805,41
806,3
806,13
806,26
806,34
806,38
807,5
807,14
807,16
807,20
807,32
807,33
808,13
808,18
808,20
808,23
808,40
808,42
809,17
809,26
810,26
810,34
810,38
810,41
811,14
811,19
811,21
811,34
811,42
812,3
812,26
812,42
813,18
813,37
814,18
814,34
815,10
815,12
815,18
815,22
815,28
816,4
816,18
816,26
816,30
816,33
816,35
817,3
817,4
817,13
817,16
817,17
817,21
817,23
817,24
817,34
817,38
817,43
818,4
818,24
818,42
819,9
819,33
819,34
819,44
820,14
820,32
821,13
821,14
821,19
821,28
821,43
822,6
822,19
822,26
823,32
824,20
824,26
824,34
824,36
824,40
825,5
825,9
825,12
825,23
825,37
825,40
826,24
827,3
827,5
827,9
827,22
827,29
828,8
828,13
828,20
828,40
829,26
829,28
829,36
829,42
830,6
830,30
830,37
830,39
831,6
831,29
831,30
832,2
832,6
832,10
832,24
832,25
832,28
832,30
833,3
833,13
833,15
833,19
833,23
833,29
833,30
833,31
833,36
833,42
834,6
834,42
834,43
835,22
836,12
836,26
836,37
837,5
837,13
837,38
837,39
838,2
838,12
838,22
838,24
838,37
838,38
839,38
839,39
839,40
839,41
840,2
840,5
840,6
840,13
840,14
840,42
840,43
841,1
841,29
841,31
841,32
841,34
841,44
842,1
842,9
842,14
842,20
842,21
842,32
842,42
843,3
843,10
843,18
843,25
843,34
843,41
844,1
844,22
844,31
844,43
845,6
845,9
845,30
845,34
846,3
846,27
847,3
847,26
847,33
848,5
848,17
848,26
848,41
849,9
849,10
849,18
849,22
849,30
849,36
850,17
850,27
851,12
851,33
852,3
852,6
852,30
852,35
852,38
853,26
853,40
853,42
853,44
854,6
854,12
854,13
854,21
854,28
854,34
854,40
854,41
855,11
855,13
855,26
856,4
856,36
857,9
857,15
858,44
859,1
859,8
859,23
859,44
860,5
860,7
860,23
860,41
861,29
861,34
862,27
862,28
862,38
862,44
863,4
863,11
863,13
863,29
863,39
863,44
864,29
865,6
865,25
865,33
865,41
866,9
866,10
866,25
866,31
866,34
867,11
867,17
867,44
868,15
868,17
868,25
869,12
869,25
869,27
870,13
870,18
870,19
870,39
870,42
871,12
871,23
871,28
871,36
871,40
871,42
872,8
872,12
872,19
872,37
872,39
873,9
873,11
873,13
874,1
874,15
874,25
874,26
874,33
874,34
874,35
874,40
875,17
875,30
875,37
875,38
876,4
876,8
876,21
876,25
876,26
876,38
876,44
877,6
877,11
877,24
877,25
877,33
878,4
878,18
878,23
878,33
878,34
878,43
879,13
879,39
880,1
880,7
880,39
881,10
881,17
881,30
881,38
881,39
881,42
881,44
882,13
882,14
882,30
882,40
883,9
883,12
883,13
883,25
883,31
883,41
884,1
884,7
884,19
884,22
884,23
884,25
884,30
884,32
884,40
885,3
885,8
885,18
885,30
886,4
886,7
886,11
886,25
886,39
886,44
887,9
887,13
887,14
887,19
887,20
887,26
887,38
887,42
888,3
888,10
888,17
888,18
888,33
888,39
889,18
889,43
890,2
890,4
890,24
890,25
890,29
890,35
891,2
891,7
891,13
891,16
891,19
891,27
891,30
891,33
891,34
892,6
892,20
893,5
893,8
893,17
893,27
893,39
893,41
894,22
894,44
895,10
895,22
895,24
895,30
895,33
895,42
896,15
896,20
896,23
896,32
897,15
897,20
897,34
898,5
898,15
898,24
898,28
898,38
898,41
899,31
899,34
899,42
900,2
900,36
900,41
901,7
901,9
901,21
901,38
901,39
901,43
902,7
902,36
902,39
902,41
903,7
903,12
903,31
903,40
904,5
904,10
904,13
904,17
904,23
904,40
904,43
905,3
905,8
905,14
905,19
905,27
905,32
905,40
906,29
906,36
907,3
907,21
907,23
907,31
907,36
907,40
907,42
907,43
908,8
908,12
908,16
908,19
908,20
908,26
908,35
908,37
909,9
909,12
909,14
909,22
909,23
909,25
909,27
909,39
909,43
909,44
910,6
910,10
910,11
910,36
910,43
911,4
911,5
911,13
911,29
911,32
912,6
912,9
912,23
912,38
913,2
913,14
913,30
913,33
913,37
913,38
914,12
914,13
914,30
914,33
914,41
915,5
915,29
915,32
916,13
916,15
916,21
916,36
916,41
917,2
917,15
917,18
917,28
917,29
918,21
918,24
918,34
918,35
919,4
919,7
919,22
919,32
919,33
919,34
920,35
920,36
921,8
921,17
921,33
922,15
922,20
923,4
923,9
923,11
923,14
923,17
923,22
923,29
923,44
924,3
924,9
924,16
925,20
925,37
926,1
926,16
926,25
927,1
927,6
927,10
927,25
927,34
927,43
928,1
928,14
928,18
928,27
928,31
928,34
928,40
929,38
929,40
930,11
930,20
930,30
930,34
930,35
930,36
930,39
930,41
931,28
931,32
931,37
931,44
932,21
932,44
933,4
933,5
933,6
933,8
933,14
933,35
933,44
934,16
934,22
934,30
934,36
934,37
935,6
936,6
936,26
936,29
936,42
936,44
937,14
938,1
938,6
938,16
938,23
938,26
938,33
939,11
939,21
939,29
939,44
941,12
941,13
941,34
941,38
941,40
941,43
942,6
942,9
942,22
942,32
942,35
942,42
943,32
943,42
944,1
944,5
944,23
944,42
945,2
945,5
945,8
945,13
945,43
946,9
946,15
946,24
946,29
947,7
947,21
947,41
948,1
948,2
948,17
949,12
949,29
949,31
949,38
950,4
950,16
950,25
950,26
950,29
950,33
950,35
950,42
951,5
951,7
951,18
951,35
951,36
951,44
952,29
952,32
952,38
953,5
953,14
953,23
954,1
954,10
954,11
954,12
954,36
954,40
955,18
955,22
956,34
956,41
956,43
956,44
957,1
957,17
957,22
957,27
957,43
958,1
958,10
958,12
958,13
958,16
958,25
958,33
958,38
959,16
959,26
959,31
960,1
960,7
960,8
960,12
960,13
960,32
960,34
961,30
961,40
962,13
962,22
962,23
962,34
962,35
962,41
963,5
963,7
963,10
963,13
963,39
964,11
964,16
964,36
964,39
964,41
964,44
965,13
965,33
965,37
966,2
966,7
966,19
966,37
967,28
967,32
967,34
968,6
968,18
968,20
968,22
968,27
969,7
969,22
969,39
970,12
970,30
970,39
971,2
971,12
971,14
971,17
971,32
971,34
971,40
972,6
972,15
972,22
972,26
972,43
973,3
973,7
973,17
973,22
973,32
973,36
973,39
974,7
974,14
974,38
974,40
975,5
975,7
975,12
975,17
975,32
976,1
976,3
976,6
976,40
977,23
977,28
977,30
977,34
978,3
978,14
978,19
978,29
978,33
978,41
978,44
979,22
979,37
980,1
980,3
980,26
980,33
981,40
982,7
982,8
982,9
982,10
982,17
982,27
982,39
982,41
983,2
983,16
983,19
983,30
983,33
983,39
984,10
984,11
984,27
985,1
985,6
985,29
985,41
986,19
986,31
986,35
987,8
987,21
987,22
987,27
987,28
987,32
988,1
988,21
988,43
989,5
989,9
989,17
989,28
989,30
989,32
990,15
990,16
990,19
990,22
990,32
990,41
991,14
991,38
992,12
992,26
992,32
992,33
992,42
992,44
993,8
993,23
993,40
994,17
994,19
994,23
994,24
994,38
995,12
995,27
995,28
995,29
995,35
995,37
995,38
995,40
996,16
996,40
997,6
997,14
997,17
997,20
997,23
997,26
997,30
998,6
998,7
998,22
998,23
998,24
998,38
999,12
999,40
999,41
1000,13
1000,35
